id,timestamp,voteUrl,bill,billDescription,billUrl,amendment,amendmentUrl,question,vote,result
[H]-9,2024-12-03T16:46:00.000-05:00,https://www.scstatehouse.gov/votehistory.php?KEY=25052, ,Bubba Cromer - Reading Clerk,https://www.scstatehouse.gov/billsearch.php?billnumbers=undefined&session=126&headerfooter=0,,,,N/V,Passed
[H]-15,2025-01-16T10:25:00.000-05:00,https://www.scstatehouse.gov/votehistory.php?KEY=25071,H.3727,Code Volume Replacement,https://www.scstatehouse.gov/billsearch.php?billnumbers=3727&session=126&headerfooter=0,,,Passage of Bill,Yea,Passed
[H]-19,2025-01-29T14:57:00.000-05:00,https://www.scstatehouse.gov/votehistory.php?KEY=25084,H.3792,Clarendon County School District,https://www.scstatehouse.gov/billsearch.php?billnumbers=3792&session=126&headerfooter=0,,,Passage of Bill,Yea,Passed
[H]-20,2025-01-29T15:37:00.000-05:00,https://www.scstatehouse.gov/votehistory.php?KEY=25085,H.3815,House Rules revisions,https://www.scstatehouse.gov/billsearch.php?billnumbers=3815&session=126&headerfooter=0,1,https://scstatehouse.gov/amendments.php?KEY=33145,Table Amendment 1 Amendment #1,Nay,Passed
[H]-21,2025-01-29T15:41:00.000-05:00,https://www.scstatehouse.gov/votehistory.php?KEY=25086,H.3815,House Rules revisions,https://www.scstatehouse.gov/billsearch.php?billnumbers=3815&session=126&headerfooter=0,,,Table Motion to Adjourn Debate,Nay,Passed
[H]-22,2025-01-29T15:44:00.000-05:00,https://www.scstatehouse.gov/votehistory.php?KEY=25087,H.3815,House Rules revisions,https://www.scstatehouse.gov/billsearch.php?billnumbers=3815&session=126&headerfooter=0,,,Adjourn For The Day,Yea,Failed
[H]-23,2025-01-29T15:48:00.000-05:00,https://www.scstatehouse.gov/votehistory.php?KEY=25089,H.3815,House Rules revisions,https://www.scstatehouse.gov/billsearch.php?billnumbers=3815&session=126&headerfooter=0,,,Recede,Yea,Failed
[H]-24,2025-01-29T16:05:00.000-05:00,https://www.scstatehouse.gov/votehistory.php?KEY=25090,H.3815,House Rules revisions,https://www.scstatehouse.gov/billsearch.php?billnumbers=3815&session=126&headerfooter=0,2,https://scstatehouse.gov/amendments.php?KEY=33146,Table Amendment 2 Amendment #2,Nay,Passed
[H]-25,2025-01-29T16:09:00.000-05:00,https://www.scstatehouse.gov/votehistory.php?KEY=25091,H.3815,House Rules revisions,https://www.scstatehouse.gov/billsearch.php?billnumbers=3815&session=126&headerfooter=0,,,Table Motion to Recommit,Nay,Passed
[H]-26,2025-01-29T16:20:00.000-05:00,https://www.scstatehouse.gov/votehistory.php?KEY=25092,H.3815,House Rules revisions,https://www.scstatehouse.gov/billsearch.php?billnumbers=3815&session=126&headerfooter=0,,,Adjourn For The Day,Yea,Failed
[H]-27,2025-01-29T16:43:00.000-05:00,https://www.scstatehouse.gov/votehistory.php?KEY=25093,H.3815,House Rules revisions,https://www.scstatehouse.gov/billsearch.php?billnumbers=3815&session=126&headerfooter=0,6,https://scstatehouse.gov/amendments.php?KEY=33154,Table Amendment 6 Amendment #6,Nay,Passed
[H]-28,2025-01-29T16:46:00.000-05:00,https://www.scstatehouse.gov/votehistory.php?KEY=25094,H.3815,House Rules revisions,https://www.scstatehouse.gov/billsearch.php?billnumbers=3815&session=126&headerfooter=0,,,Table Motion to resolve into the Committee of the Whole,Nay,Passed
[H]-29,2025-01-29T17:17:00.000-05:00,https://www.scstatehouse.gov/votehistory.php?KEY=25095,H.3815,House Rules revisions,https://www.scstatehouse.gov/billsearch.php?billnumbers=3815&session=126&headerfooter=0,8,https://scstatehouse.gov/amendments.php?KEY=33162,Table Amendment 8 Amendment #8,Nay,Passed
[H]-30,2025-01-29T17:38:00.000-05:00,https://www.scstatehouse.gov/votehistory.php?KEY=25096,H.3815,House Rules revisions,https://www.scstatehouse.gov/billsearch.php?billnumbers=3815&session=126&headerfooter=0,12,https://scstatehouse.gov/amendments.php?KEY=33169,Table Amendment 12 Amendment #12,Nay,Passed
[H]-31,2025-01-29T20:28:00.000-05:00,https://www.scstatehouse.gov/votehistory.php?KEY=25097,H.3815,House Rules revisions,https://www.scstatehouse.gov/billsearch.php?billnumbers=3815&session=126&headerfooter=0,,,Adopt House Resolution,Nay,Passed
[H]-34,2025-02-04T12:42:00.000-05:00,https://www.scstatehouse.gov/votehistory.php?KEY=25116,H.3438,Catawba Indian Expansion,https://www.scstatehouse.gov/billsearch.php?billnumbers=3438&session=126&headerfooter=0,,,Passage of Bill,Yea,Passed
[J]-4,2025-02-05T11:44:00.000-05:00,https://www.scstatehouse.gov/votehistory.php?KEY=25133, ,To elect Melissa Inzerillo,https://www.scstatehouse.gov/billsearch.php?billnumbers=undefined&session=126&headerfooter=0,,,,Nay,Failed
[H]-54,2025-02-12T10:54:00.000-05:00,https://www.scstatehouse.gov/votehistory.php?KEY=25181, ,J. Camden West - Berkeley Co. Master-in-Equity,https://www.scstatehouse.gov/billsearch.php?billnumbers=undefined&session=126&headerfooter=0,,,,Yea,Passed
[H]-55,2025-02-12T11:07:00.000-05:00,https://www.scstatehouse.gov/votehistory.php?KEY=25182,H.3570,Disclosure of Economic Interests,https://www.scstatehouse.gov/billsearch.php?billnumbers=3570&session=126&headerfooter=0,,,Passage of Bill,Yea,Passed
[H]-56,2025-02-12T11:11:00.000-05:00,https://www.scstatehouse.gov/votehistory.php?KEY=25183,H.3529,"Family Court Judges, additional",https://www.scstatehouse.gov/billsearch.php?billnumbers=3529&session=126&headerfooter=0,,,Passage of Bill,Yea,Passed
[H]-57,2025-02-12T11:14:00.000-05:00,https://www.scstatehouse.gov/votehistory.php?KEY=25184,H.3020,Status Offenses,https://www.scstatehouse.gov/billsearch.php?billnumbers=3020&session=126&headerfooter=0,,,Passage of Bill,Yea,Passed
[H]-58,2025-02-12T11:19:00.000-05:00,https://www.scstatehouse.gov/votehistory.php?KEY=25185,H.3432,Grantor Trust Reimbursement,https://www.scstatehouse.gov/billsearch.php?billnumbers=3432&session=126&headerfooter=0,,,Passage of Bill,Yea,Passed
[H]-59,2025-02-12T11:41:00.000-05:00,https://www.scstatehouse.gov/votehistory.php?KEY=25186,H.3502,Department of Social Services,https://www.scstatehouse.gov/billsearch.php?billnumbers=3502&session=126&headerfooter=0,,,Passage of Bill,Yea,Passed
[H]-60,2025-02-12T13:41:00.000-05:00,https://www.scstatehouse.gov/votehistory.php?KEY=25187,H.3309,Electrical Utilities,https://www.scstatehouse.gov/billsearch.php?billnumbers=3309&session=126&headerfooter=0,,,Passage of Bill,Yea,Passed
[H]-61,2025-02-12T13:52:00.000-05:00,https://www.scstatehouse.gov/votehistory.php?KEY=25188,H.3196,Educator Assistance Act,https://www.scstatehouse.gov/billsearch.php?billnumbers=3196&session=126&headerfooter=0,,,Passage of Bill,Yea,Passed
[H]-62,2025-02-12T14:01:00.000-05:00,https://www.scstatehouse.gov/votehistory.php?KEY=25189,S.253,Audit Support,https://www.scstatehouse.gov/billsearch.php?billnumbers=253&session=126&headerfooter=0,,,Passage of Joint Resolution,Yea,Passed
[H]-63,2025-02-12T14:04:00.000-05:00,https://www.scstatehouse.gov/votehistory.php?KEY=25190,H.3932,Clarendon County precincts,https://www.scstatehouse.gov/billsearch.php?billnumbers=3932&session=126&headerfooter=0,,,Passage of Bill,Yea,Passed
[H]-64,2025-02-12T14:06:00.000-05:00,https://www.scstatehouse.gov/votehistory.php?KEY=25191,H.3933,Public Service Districts,https://www.scstatehouse.gov/billsearch.php?billnumbers=3933&session=126&headerfooter=0,,,Passage of Bill,Yea,Passed
[H]-66,2025-02-13T10:43:00.000-05:00,https://www.scstatehouse.gov/votehistory.php?KEY=25194,S.282,Clarendon County Aeronautics Commission,https://www.scstatehouse.gov/billsearch.php?billnumbers=282&session=126&headerfooter=0,,,Passage of Bill,Yea,Passed
[H]-67,2025-02-13T10:54:00.000-05:00,https://www.scstatehouse.gov/votehistory.php?KEY=25195,H.3523,Organized Retail Crime,https://www.scstatehouse.gov/billsearch.php?billnumbers=3523&session=126&headerfooter=0,,,Passage of Bill,Yea,Passed
[H]-68,2025-02-13T11:01:00.000-05:00,https://www.scstatehouse.gov/votehistory.php?KEY=25196,H.3292,Golf carts,https://www.scstatehouse.gov/billsearch.php?billnumbers=3292&session=126&headerfooter=0,,,Passage of Bill,N/V,Passed
[H]-69,2025-02-13T11:04:00.000-05:00,https://www.scstatehouse.gov/votehistory.php?KEY=25197,H.3862,Charter school enrollment preferences,https://www.scstatehouse.gov/billsearch.php?billnumbers=3862&session=126&headerfooter=0,,,Passage of Bill,Yea,Passed
[H]-70,2025-02-13T11:13:00.000-05:00,https://www.scstatehouse.gov/votehistory.php?KEY=25198,H.3195,Unstructured and self-directed recess in public schools,https://www.scstatehouse.gov/billsearch.php?billnumbers=3195&session=126&headerfooter=0,,,Passage of Bill,Yea,Passed
[H]-71,2025-02-13T11:26:00.000-05:00,https://www.scstatehouse.gov/votehistory.php?KEY=25199,H.3247,Excused school absences,https://www.scstatehouse.gov/billsearch.php?billnumbers=3247&session=126&headerfooter=0,,,Passage of Bill,Yea,Passed
[H]-72,2025-02-13T11:32:00.000-05:00,https://www.scstatehouse.gov/votehistory.php?KEY=25201,H.3472,Small Estates,https://www.scstatehouse.gov/billsearch.php?billnumbers=3472&session=126&headerfooter=0,,,Passage of Bill,Yea,Passed
[H]-73,2025-02-13T11:36:00.000-05:00,https://www.scstatehouse.gov/votehistory.php?KEY=25202,H.3222,Litter control officers,https://www.scstatehouse.gov/billsearch.php?billnumbers=3222&session=126&headerfooter=0,,,Passage of Bill,Yea,Passed
[H]-74,2025-02-13T11:38:00.000-05:00,https://www.scstatehouse.gov/votehistory.php?KEY=25204,H.3254,Physician licensure,https://www.scstatehouse.gov/billsearch.php?billnumbers=3254&session=126&headerfooter=0,,,Passage of Bill,Yea,Passed
[H]-75,2025-02-13T11:43:00.000-05:00,https://www.scstatehouse.gov/votehistory.php?KEY=25205,H.3022,Long Term Care Council,https://www.scstatehouse.gov/billsearch.php?billnumbers=3022&session=126&headerfooter=0,,,Passage of Bill,Yea,Passed
[H]-76,2025-02-13T11:47:00.000-05:00,https://www.scstatehouse.gov/votehistory.php?KEY=25206,H.3727,Code Volume Replacement,https://www.scstatehouse.gov/billsearch.php?billnumbers=3727&session=126&headerfooter=0,,,Concur in Senate Amendments,Nay,Failed
[H]-78,2025-02-18T12:39:00.000-05:00,https://www.scstatehouse.gov/votehistory.php?KEY=25214, ,James J. Wegmann - Beaufort Co. Master-in-Equity,https://www.scstatehouse.gov/billsearch.php?billnumbers=undefined&session=126&headerfooter=0,,,,Yea,Passed
[H]-79,2025-02-18T12:45:00.000-05:00,https://www.scstatehouse.gov/votehistory.php?KEY=25215,H.3813,Bear hunting,https://www.scstatehouse.gov/billsearch.php?billnumbers=3813&session=126&headerfooter=0,,,Passage of Bill,Yea,Passed
[H]-80,2025-02-18T12:47:00.000-05:00,https://www.scstatehouse.gov/votehistory.php?KEY=25216,H.3814,Surface Water Study Committee,https://www.scstatehouse.gov/billsearch.php?billnumbers=3814&session=126&headerfooter=0,,,Passage of Joint Resolution,N/V,Passed
[H]-81,2025-02-18T12:57:00.000-05:00,https://www.scstatehouse.gov/votehistory.php?KEY=25217,H.3798,Military chaplains,https://www.scstatehouse.gov/billsearch.php?billnumbers=3798&session=126&headerfooter=0,,,Passage of Bill,Yea,Passed
[H]-82,2025-02-18T13:12:00.000-05:00,https://www.scstatehouse.gov/votehistory.php?KEY=25218,H.3510,County Veterans' Affairs officers,https://www.scstatehouse.gov/billsearch.php?billnumbers=3510&session=126&headerfooter=0,2,https://scstatehouse.gov/amendments.php?KEY=33216,Table Amendment 2 Amendment #2,Nay,Passed
[H]-83,2025-02-18T13:14:00.000-05:00,https://www.scstatehouse.gov/votehistory.php?KEY=25219,H.3510,County Veterans' Affairs officers,https://www.scstatehouse.gov/billsearch.php?billnumbers=3510&session=126&headerfooter=0,,,Passage of Bill,Yea,Passed
[H]-85,2025-02-19T10:46:00.000-05:00,https://www.scstatehouse.gov/votehistory.php?KEY=25221,H.3430,Tort Reform and Liquor Liability,https://www.scstatehouse.gov/billsearch.php?billnumbers=3430&session=126&headerfooter=0,,,Passage of Bill,N/V,Passed
[H]-86,2025-02-19T10:53:00.000-05:00,https://www.scstatehouse.gov/votehistory.php?KEY=25222,H.3563,County veterans' affairs office,https://www.scstatehouse.gov/billsearch.php?billnumbers=3563&session=126&headerfooter=0,,,Passage of Bill,N/V,Passed
[H]-87,2025-02-19T12:28:00.000-05:00,https://www.scstatehouse.gov/votehistory.php?KEY=25223,H.3431,South Carolina Social Media Regulation Act,https://www.scstatehouse.gov/billsearch.php?billnumbers=3431&session=126&headerfooter=0,2,https://scstatehouse.gov/amendments.php?KEY=33220,Table Amendment 2 Amendment #2,Nay,Passed
[H]-88,2025-02-19T12:51:00.000-05:00,https://www.scstatehouse.gov/votehistory.php?KEY=25224,H.3431,South Carolina Social Media Regulation Act,https://www.scstatehouse.gov/billsearch.php?billnumbers=3431&session=126&headerfooter=0,3,https://scstatehouse.gov/amendments.php?KEY=33221,Table Amendment 3 Amendment #3,Yea,Passed
[H]-89,2025-02-19T13:43:00.000-05:00,https://www.scstatehouse.gov/votehistory.php?KEY=25226,H.3431,South Carolina Social Media Regulation Act,https://www.scstatehouse.gov/billsearch.php?billnumbers=3431&session=126&headerfooter=0,,,Passage of Bill,Yea,Passed
[H]-91,2025-02-20T10:51:00.000-05:00,https://www.scstatehouse.gov/votehistory.php?KEY=25237,H.3564,South Carolina Military Affairs Advisory Council,https://www.scstatehouse.gov/billsearch.php?billnumbers=3564&session=126&headerfooter=0,,,Passage of Bill,Yea,Passed
[H]-92,2025-02-20T10:54:00.000-05:00,https://www.scstatehouse.gov/votehistory.php?KEY=25238,H.3843,Budget Proviso Codification Act,https://www.scstatehouse.gov/billsearch.php?billnumbers=3843&session=126&headerfooter=0,,,Passage of Bill,Yea,Passed
[H]-93,2025-02-20T10:58:00.000-05:00,https://www.scstatehouse.gov/votehistory.php?KEY=25239,H.3431,South Carolina Social Media Regulation Act,https://www.scstatehouse.gov/billsearch.php?billnumbers=3431&session=126&headerfooter=0,,,Passage of Bill,Yea,Passed
[H]-95,2025-02-25T13:03:00.000-05:00,https://www.scstatehouse.gov/votehistory.php?KEY=25251,H.3654,Child Welfare,https://www.scstatehouse.gov/billsearch.php?billnumbers=3654&session=126&headerfooter=0,,,Passage of Bill,Yea,Passed
[H]-96,2025-02-25T13:33:00.000-05:00,https://www.scstatehouse.gov/votehistory.php?KEY=25252,H.3048,Coroner Qualifications,https://www.scstatehouse.gov/billsearch.php?billnumbers=3048&session=126&headerfooter=0,,,Passage of Bill,Yea,Passed
[H]-100,2025-02-26T11:06:00.000-05:00,https://www.scstatehouse.gov/votehistory.php?KEY=25254,H.3973,"Greenville Hospital Authority, Board of Trustees",https://www.scstatehouse.gov/billsearch.php?billnumbers=3973&session=126&headerfooter=0,,,Passage of Bill,Yea,Passed
[H]-101,2025-02-26T11:09:00.000-05:00,https://www.scstatehouse.gov/votehistory.php?KEY=25255,H.4003,Greater Greenville Sanitation District,https://www.scstatehouse.gov/billsearch.php?billnumbers=4003&session=126&headerfooter=0,,,Passage of Bill,Yea,Passed
[H]-102,2025-02-26T11:13:00.000-05:00,https://www.scstatehouse.gov/votehistory.php?KEY=25256,H.3952,Florence-Darlington Technical College,https://www.scstatehouse.gov/billsearch.php?billnumbers=3952&session=126&headerfooter=0,,,Passage of Bill,Yea,Passed
[H]-103,2025-02-26T11:19:00.000-05:00,https://www.scstatehouse.gov/votehistory.php?KEY=25257,S.271,PSC Elections,https://www.scstatehouse.gov/billsearch.php?billnumbers=271&session=126&headerfooter=0,,,Passage of Bill,Yea,Passed
[H]-104,2025-02-26T11:46:00.000-05:00,https://www.scstatehouse.gov/votehistory.php?KEY=25258,S.62,Education Scholarship Trust Fund,https://www.scstatehouse.gov/billsearch.php?billnumbers=62&session=126&headerfooter=0,1,https://scstatehouse.gov/amendments.php?KEY=33237,Adopt Amendment 1 Amendment #1,Yea,Passed
[H]-105,2025-02-26T12:31:00.000-05:00,https://www.scstatehouse.gov/votehistory.php?KEY=25259,S.62,Education Scholarship Trust Fund,https://www.scstatehouse.gov/billsearch.php?billnumbers=62&session=126&headerfooter=0,6,https://scstatehouse.gov/amendments.php?KEY=33252,Table Amendment 6 Amendment #6,Yea,Passed
[H]-106,2025-02-26T12:50:00.000-05:00,https://www.scstatehouse.gov/votehistory.php?KEY=25262,S.62,Education Scholarship Trust Fund,https://www.scstatehouse.gov/billsearch.php?billnumbers=62&session=126&headerfooter=0,7,https://scstatehouse.gov/amendments.php?KEY=33253,Table Amendment 7 Amendment #7,Yea,Passed
[H]-107,2025-02-26T12:54:00.000-05:00,https://www.scstatehouse.gov/votehistory.php?KEY=25263,S.62,Education Scholarship Trust Fund,https://www.scstatehouse.gov/billsearch.php?billnumbers=62&session=126&headerfooter=0,8,https://scstatehouse.gov/amendments.php?KEY=33254,Table Amendment 8 Amendment #8,Yea,Passed
[H]-108,2025-02-26T13:07:00.000-05:00,https://www.scstatehouse.gov/votehistory.php?KEY=25264,S.62,Education Scholarship Trust Fund,https://www.scstatehouse.gov/billsearch.php?billnumbers=62&session=126&headerfooter=0,11,https://scstatehouse.gov/amendments.php?KEY=33256,Table Amendment 11 Amendment #11,Yea,Passed
[H]-109,2025-02-26T13:10:00.000-05:00,https://www.scstatehouse.gov/votehistory.php?KEY=25265,S.62,Education Scholarship Trust Fund,https://www.scstatehouse.gov/billsearch.php?billnumbers=62&session=126&headerfooter=0,12,https://scstatehouse.gov/amendments.php?KEY=33257,Table Amendment 12 Amendment #12,Yea,Passed
[H]-110,2025-02-26T13:12:00.000-05:00,https://www.scstatehouse.gov/votehistory.php?KEY=25266,S.62,Education Scholarship Trust Fund,https://www.scstatehouse.gov/billsearch.php?billnumbers=62&session=126&headerfooter=0,13,https://scstatehouse.gov/amendments.php?KEY=33258,Table Amendment 13 Amendment #13,Yea,Passed
[H]-111,2025-02-26T13:19:00.000-05:00,https://www.scstatehouse.gov/votehistory.php?KEY=25267,S.62,Education Scholarship Trust Fund,https://www.scstatehouse.gov/billsearch.php?billnumbers=62&session=126&headerfooter=0,14,https://scstatehouse.gov/amendments.php?KEY=33259,Table Amendment 14 Amendment #14,Yea,Passed
[H]-112,2025-02-26T13:23:00.000-05:00,https://www.scstatehouse.gov/votehistory.php?KEY=25268,S.62,Education Scholarship Trust Fund,https://www.scstatehouse.gov/billsearch.php?billnumbers=62&session=126&headerfooter=0,15,https://scstatehouse.gov/amendments.php?KEY=33260,Adopt Amendment 15 Amendment #15,Yea,Passed
[H]-113,2025-02-26T14:52:00.000-05:00,https://www.scstatehouse.gov/votehistory.php?KEY=25275,S.62,Education Scholarship Trust Fund,https://www.scstatehouse.gov/billsearch.php?billnumbers=62&session=126&headerfooter=0,,,Table Motion to Invoke Rule 3.9,Yea,Passed
[H]-114,2025-02-26T15:00:00.000-05:00,https://www.scstatehouse.gov/votehistory.php?KEY=25276,S.62,Education Scholarship Trust Fund,https://www.scstatehouse.gov/billsearch.php?billnumbers=62&session=126&headerfooter=0,,,Passage of Bill,Yea,Passed
[H]-116,2025-02-27T10:56:00.000-05:00,https://www.scstatehouse.gov/votehistory.php?KEY=25286,H.3571,Underground Facility Damage Prevention,https://www.scstatehouse.gov/billsearch.php?billnumbers=3571&session=126&headerfooter=0,,,Passage of Bill,Yea,Passed
[H]-117,2025-02-27T11:02:00.000-05:00,https://www.scstatehouse.gov/votehistory.php?KEY=25287,H.3259,First responder automobile insurance premiums,https://www.scstatehouse.gov/billsearch.php?billnumbers=3259&session=126&headerfooter=0,,,Passage of Bill,Yea,Passed
[H]-118,2025-02-27T11:05:00.000-05:00,https://www.scstatehouse.gov/votehistory.php?KEY=25288,H.3447,Homeowners Association Authority,https://www.scstatehouse.gov/billsearch.php?billnumbers=3447&session=126&headerfooter=0,,,Passage of Bill,Yea,Passed
[H]-119,2025-02-27T11:08:00.000-05:00,https://www.scstatehouse.gov/votehistory.php?KEY=25289,H.3947,Continuing education requirements for nonresident real estate brokers and associates,https://www.scstatehouse.gov/billsearch.php?billnumbers=3947&session=126&headerfooter=0,,,Passage of Bill,Yea,Passed
[H]-120,2025-02-27T11:11:00.000-05:00,https://www.scstatehouse.gov/votehistory.php?KEY=25290,H.3629,Forestry Commission,https://www.scstatehouse.gov/billsearch.php?billnumbers=3629&session=126&headerfooter=0,,,Passage of Bill,Yea,Passed
[H]-121,2025-02-27T11:15:00.000-05:00,https://www.scstatehouse.gov/votehistory.php?KEY=25291,H.3872,Hunting Heritage Protect Act,https://www.scstatehouse.gov/billsearch.php?billnumbers=3872&session=126&headerfooter=0,,,Passage of Bill,Yea,Passed
[H]-122,2025-02-27T11:24:00.000-05:00,https://www.scstatehouse.gov/votehistory.php?KEY=25292,H.3523,Organized Retail Crime,https://www.scstatehouse.gov/billsearch.php?billnumbers=3523&session=126&headerfooter=0,,,Concur in Senate Amendments,Yea,Passed
[H]-123,2025-02-27T11:26:00.000-05:00,https://www.scstatehouse.gov/votehistory.php?KEY=25293,S.62,Education Scholarship Trust Fund,https://www.scstatehouse.gov/billsearch.php?billnumbers=62&session=126&headerfooter=0,,,Passage of Bill,Yea,Passed
[H]-125,2025-03-04T12:46:00.000-05:00,https://www.scstatehouse.gov/votehistory.php?KEY=25307, ,"Stephanie N. Lawrence, Richland Co. M-I-E",https://www.scstatehouse.gov/billsearch.php?billnumbers=undefined&session=126&headerfooter=0,,,,Yea,Passed
[H]-126,2025-03-04T12:53:00.000-05:00,https://www.scstatehouse.gov/votehistory.php?KEY=25308, ,"James Britt Blackwell, At-Large DOT",https://www.scstatehouse.gov/billsearch.php?billnumbers=undefined&session=126&headerfooter=0,,,,Yea,Passed
[H]-127,2025-03-04T12:55:00.000-05:00,https://www.scstatehouse.gov/votehistory.php?KEY=25309,H.3969,Personal Delivery Devices,https://www.scstatehouse.gov/billsearch.php?billnumbers=3969&session=126&headerfooter=0,,,Passage of Bill,Yea,Passed
[H]-128,2025-03-04T12:57:00.000-05:00,https://www.scstatehouse.gov/votehistory.php?KEY=25310,H.4088,Darlington County Forfeited Land Commission,https://www.scstatehouse.gov/billsearch.php?billnumbers=4088&session=126&headerfooter=0,,,Passage of Bill,Yea,Passed
[H]-129,2025-03-04T13:05:00.000-05:00,https://www.scstatehouse.gov/votehistory.php?KEY=25311,H.3650,Discharging firearms into dwellings and other structures,https://www.scstatehouse.gov/billsearch.php?billnumbers=3650&session=126&headerfooter=0,,,Passage of Bill,Yea,Passed
[H]-131,2025-03-05T10:48:00.000-05:00,https://www.scstatehouse.gov/votehistory.php?KEY=25313,H.3756,Storm Damage Recovery,https://www.scstatehouse.gov/billsearch.php?billnumbers=3756&session=126&headerfooter=0,,,Passage of Bill,Yea,Passed
[H]-132,2025-03-05T10:53:00.000-05:00,https://www.scstatehouse.gov/votehistory.php?KEY=25314,S.363,Department of Natural Resources - JR to Approve Regulation Document No. 5329,https://www.scstatehouse.gov/billsearch.php?billnumbers=363&session=126&headerfooter=0,,,Passage of Joint Resolution,Yea,Passed
[H]-133,2025-03-05T11:23:00.000-05:00,https://www.scstatehouse.gov/votehistory.php?KEY=25315,H.3021,Small Business Regulatory Freedom Act,https://www.scstatehouse.gov/billsearch.php?billnumbers=3021&session=126&headerfooter=0,5,https://scstatehouse.gov/amendments.php?KEY=33283,Table Amendment 5 Amendment #5,Nay,Passed
[H]-134,2025-03-05T11:26:00.000-05:00,https://www.scstatehouse.gov/votehistory.php?KEY=25316,H.3021,Small Business Regulatory Freedom Act,https://www.scstatehouse.gov/billsearch.php?billnumbers=3021&session=126&headerfooter=0,,,Passage of Bill,Yea,Passed
[H]-135,2025-03-05T13:32:00.000-05:00,https://www.scstatehouse.gov/votehistory.php?KEY=25317,H.3558,Commissioners to Article V Convention,https://www.scstatehouse.gov/billsearch.php?billnumbers=3558&session=126&headerfooter=0,,,Passage of Bill,Yea,Passed
[H]-136,2025-03-05T13:40:00.000-05:00,https://www.scstatehouse.gov/votehistory.php?KEY=25321,S.292,Sine Die,https://www.scstatehouse.gov/billsearch.php?billnumbers=292&session=126&headerfooter=0,,,Adopt Concurrent Resolution,Yea,Passed
[H]-138,2025-03-06T10:44:00.000-05:00,https://www.scstatehouse.gov/votehistory.php?KEY=25324,H.4002,Greater Greenville Sanitation District,https://www.scstatehouse.gov/billsearch.php?billnumbers=4002&session=126&headerfooter=0,,,Passage of Bill,Yea,Passed
[H]-139,2025-03-06T10:54:00.000-05:00,https://www.scstatehouse.gov/votehistory.php?KEY=25325,H.3497,Liquor liability,https://www.scstatehouse.gov/billsearch.php?billnumbers=3497&session=126&headerfooter=0,,,Waive Rule 5.15 Printing,Yea,Passed
[H]-140,2025-03-06T11:41:00.000-05:00,https://www.scstatehouse.gov/votehistory.php?KEY=25327,H.3497,Liquor liability,https://www.scstatehouse.gov/billsearch.php?billnumbers=3497&session=126&headerfooter=0,2,https://scstatehouse.gov/amendments.php?KEY=33285,Table Amendment 2 Amendment #2,Yea,Passed
[H]-141,2025-03-06T11:58:00.000-05:00,https://www.scstatehouse.gov/votehistory.php?KEY=25333,H.3497,Liquor liability,https://www.scstatehouse.gov/billsearch.php?billnumbers=3497&session=126&headerfooter=0,,,Passage of Bill,Yea,Passed
[H]-142,2025-03-06T12:04:00.000-05:00,https://www.scstatehouse.gov/votehistory.php?KEY=25334,H.3021,Small Business Regulatory Freedom Act,https://www.scstatehouse.gov/billsearch.php?billnumbers=3021&session=126&headerfooter=0,,,Passage of Bill,Yea,Passed
[H]-145,2025-03-10T13:14:00.000-04:00,https://www.scstatehouse.gov/votehistory.php?KEY=25336,S.157,Storm Damage Recovery,https://www.scstatehouse.gov/billsearch.php?billnumbers=157&session=126&headerfooter=0,,,Passage of Bill,Yea,Passed
[H]-146,2025-03-10T14:27:00.000-04:00,https://www.scstatehouse.gov/votehistory.php?KEY=25337,H.4025,"Appropriations Bill, 2025-2026",https://www.scstatehouse.gov/billsearch.php?billnumbers=4025&session=126&headerfooter=0,,,"Adopt Section 2, Part 1A",Yea,Passed
[H]-147,2025-03-10T14:28:00.000-04:00,https://www.scstatehouse.gov/votehistory.php?KEY=25338,H.4025,"Appropriations Bill, 2025-2026",https://www.scstatehouse.gov/billsearch.php?billnumbers=4025&session=126&headerfooter=0,,,"Adopt Section 3, Part 1A",Yea,Passed
[H]-148,2025-03-10T14:30:00.000-04:00,https://www.scstatehouse.gov/votehistory.php?KEY=25339,H.4025,"Appropriations Bill, 2025-2026",https://www.scstatehouse.gov/billsearch.php?billnumbers=4025&session=126&headerfooter=0,,,"Adopt Section 4, Part 1A",Yea,Passed
[H]-149,2025-03-10T14:31:00.000-04:00,https://www.scstatehouse.gov/votehistory.php?KEY=25340,H.4025,"Appropriations Bill, 2025-2026",https://www.scstatehouse.gov/billsearch.php?billnumbers=4025&session=126&headerfooter=0,,,"Adopt Section 5, Part 1A",Yea,Passed
[H]-150,2025-03-10T14:32:00.000-04:00,https://www.scstatehouse.gov/votehistory.php?KEY=25341,H.4025,"Appropriations Bill, 2025-2026",https://www.scstatehouse.gov/billsearch.php?billnumbers=4025&session=126&headerfooter=0,,,"Adopt Section 6, Part 1A",Yea,Passed
[H]-151,2025-03-10T14:33:00.000-04:00,https://www.scstatehouse.gov/votehistory.php?KEY=25342,H.4025,"Appropriations Bill, 2025-2026",https://www.scstatehouse.gov/billsearch.php?billnumbers=4025&session=126&headerfooter=0,,,"Adopt Section 7, Part 1A",Yea,Passed
[H]-152,2025-03-10T14:35:00.000-04:00,https://www.scstatehouse.gov/votehistory.php?KEY=25343,H.4025,"Appropriations Bill, 2025-2026",https://www.scstatehouse.gov/billsearch.php?billnumbers=4025&session=126&headerfooter=0,,,"Adopt Section 8, Part 1A",Nay,Passed
[H]-153,2025-03-10T14:36:00.000-04:00,https://www.scstatehouse.gov/votehistory.php?KEY=25344,H.4025,"Appropriations Bill, 2025-2026",https://www.scstatehouse.gov/billsearch.php?billnumbers=4025&session=126&headerfooter=0,,,"Adopt Section 9, Part 1A",Yea,Passed
[H]-154,2025-03-10T14:37:00.000-04:00,https://www.scstatehouse.gov/votehistory.php?KEY=25345,H.4025,"Appropriations Bill, 2025-2026",https://www.scstatehouse.gov/billsearch.php?billnumbers=4025&session=126&headerfooter=0,,,"Adopt Section 10, Part 1A",Yea,Passed
[H]-155,2025-03-10T14:38:00.000-04:00,https://www.scstatehouse.gov/votehistory.php?KEY=25346,H.4025,"Appropriations Bill, 2025-2026",https://www.scstatehouse.gov/billsearch.php?billnumbers=4025&session=126&headerfooter=0,,,"Adopt Section 11, Part 1A",Yea,Passed
[H]-156,2025-03-10T14:39:00.000-04:00,https://www.scstatehouse.gov/votehistory.php?KEY=25347,H.4025,"Appropriations Bill, 2025-2026",https://www.scstatehouse.gov/billsearch.php?billnumbers=4025&session=126&headerfooter=0,,,"Adopt Section 12, Part 1A",Yea,Passed
[H]-157,2025-03-10T14:42:00.000-04:00,https://www.scstatehouse.gov/votehistory.php?KEY=25348,H.4025,"Appropriations Bill, 2025-2026",https://www.scstatehouse.gov/billsearch.php?billnumbers=4025&session=126&headerfooter=0,,,"Adopt Section 24, Part 1A",Yea,Passed
[H]-158,2025-03-10T14:43:00.000-04:00,https://www.scstatehouse.gov/votehistory.php?KEY=25349,H.4025,"Appropriations Bill, 2025-2026",https://www.scstatehouse.gov/billsearch.php?billnumbers=4025&session=126&headerfooter=0,,,"Adopt Section 25, Part 1A",Yea,Passed
[H]-159,2025-03-10T14:44:00.000-04:00,https://www.scstatehouse.gov/votehistory.php?KEY=25350,H.4025,"Appropriations Bill, 2025-2026",https://www.scstatehouse.gov/billsearch.php?billnumbers=4025&session=126&headerfooter=0,,,"Adopt Section 26, Part 1A",Yea,Passed
[H]-160,2025-03-10T14:46:00.000-04:00,https://www.scstatehouse.gov/votehistory.php?KEY=25351,H.4025,"Appropriations Bill, 2025-2026",https://www.scstatehouse.gov/billsearch.php?billnumbers=4025&session=126&headerfooter=0,,,"Adopt Section 30, Part 1A",Yea,Passed
[H]-161,2025-03-10T14:47:00.000-04:00,https://www.scstatehouse.gov/votehistory.php?KEY=25352,H.4025,"Appropriations Bill, 2025-2026",https://www.scstatehouse.gov/billsearch.php?billnumbers=4025&session=126&headerfooter=0,,,"Adopt Section 31, Part 1A",Nay,Passed
[H]-162,2025-03-10T14:48:00.000-04:00,https://www.scstatehouse.gov/votehistory.php?KEY=25353,H.4025,"Appropriations Bill, 2025-2026",https://www.scstatehouse.gov/billsearch.php?billnumbers=4025&session=126&headerfooter=0,,,"Adopt Section 32, Part 1A",Yea,Passed
[H]-163,2025-03-10T14:49:00.000-04:00,https://www.scstatehouse.gov/votehistory.php?KEY=25354,H.4025,"Appropriations Bill, 2025-2026",https://www.scstatehouse.gov/billsearch.php?billnumbers=4025&session=126&headerfooter=0,,,"Adopt Section 35, Part 1A",Yea,Passed
[H]-164,2025-03-10T14:50:00.000-04:00,https://www.scstatehouse.gov/votehistory.php?KEY=25355,H.4025,"Appropriations Bill, 2025-2026",https://www.scstatehouse.gov/billsearch.php?billnumbers=4025&session=126&headerfooter=0,,,"Adopt Section 36, Part 1A",N/V,Passed
[H]-165,2025-03-10T14:51:00.000-04:00,https://www.scstatehouse.gov/votehistory.php?KEY=25356,H.4025,"Appropriations Bill, 2025-2026",https://www.scstatehouse.gov/billsearch.php?billnumbers=4025&session=126&headerfooter=0,,,"Adopt Section 37, Part 1A",Yea,Passed
[H]-166,2025-03-10T14:52:00.000-04:00,https://www.scstatehouse.gov/votehistory.php?KEY=25357,H.4025,"Appropriations Bill, 2025-2026",https://www.scstatehouse.gov/billsearch.php?billnumbers=4025&session=126&headerfooter=0,,,"Adopt Section 38, Part 1A",Yea,Passed
[H]-167,2025-03-10T14:53:00.000-04:00,https://www.scstatehouse.gov/votehistory.php?KEY=25358,H.4025,"Appropriations Bill, 2025-2026",https://www.scstatehouse.gov/billsearch.php?billnumbers=4025&session=126&headerfooter=0,,,"Adopt Section 39, Part 1A",Yea,Passed
[H]-168,2025-03-10T14:54:00.000-04:00,https://www.scstatehouse.gov/votehistory.php?KEY=25359,H.4025,"Appropriations Bill, 2025-2026",https://www.scstatehouse.gov/billsearch.php?billnumbers=4025&session=126&headerfooter=0,,,"Adopt Section 40, Part 1A",Yea,Passed
[H]-169,2025-03-10T14:56:00.000-04:00,https://www.scstatehouse.gov/votehistory.php?KEY=25360,H.4025,"Appropriations Bill, 2025-2026",https://www.scstatehouse.gov/billsearch.php?billnumbers=4025&session=126&headerfooter=0,,,"Adopt Section 41, Part 1A",Yea,Passed
[H]-170,2025-03-10T14:57:00.000-04:00,https://www.scstatehouse.gov/votehistory.php?KEY=25361,H.4025,"Appropriations Bill, 2025-2026",https://www.scstatehouse.gov/billsearch.php?billnumbers=4025&session=126&headerfooter=0,,,"Adopt Section 42, Part 1A",Yea,Passed
[H]-171,2025-03-10T14:58:00.000-04:00,https://www.scstatehouse.gov/votehistory.php?KEY=25362,H.4025,"Appropriations Bill, 2025-2026",https://www.scstatehouse.gov/billsearch.php?billnumbers=4025&session=126&headerfooter=0,,,"Adopt Section 43, Part 1A",Yea,Passed
[H]-172,2025-03-10T14:59:00.000-04:00,https://www.scstatehouse.gov/votehistory.php?KEY=25363,H.4025,"Appropriations Bill, 2025-2026",https://www.scstatehouse.gov/billsearch.php?billnumbers=4025&session=126&headerfooter=0,,,"Adopt Section 44, Part 1A",Yea,Passed
[H]-173,2025-03-10T15:00:00.000-04:00,https://www.scstatehouse.gov/votehistory.php?KEY=25364,H.4025,"Appropriations Bill, 2025-2026",https://www.scstatehouse.gov/billsearch.php?billnumbers=4025&session=126&headerfooter=0,,,"Adopt Section 45, Part 1A",Yea,Passed
[H]-174,2025-03-10T15:01:00.000-04:00,https://www.scstatehouse.gov/votehistory.php?KEY=25365,H.4025,"Appropriations Bill, 2025-2026",https://www.scstatehouse.gov/billsearch.php?billnumbers=4025&session=126&headerfooter=0,,,"Adopt Section 46, Part 1A",Yea,Passed
[H]-175,2025-03-10T15:02:00.000-04:00,https://www.scstatehouse.gov/votehistory.php?KEY=25366,H.4025,"Appropriations Bill, 2025-2026",https://www.scstatehouse.gov/billsearch.php?billnumbers=4025&session=126&headerfooter=0,,,"Adopt Section 47, Part 1A",Yea,Passed
[H]-176,2025-03-10T15:04:00.000-04:00,https://www.scstatehouse.gov/votehistory.php?KEY=25367,H.4025,"Appropriations Bill, 2025-2026",https://www.scstatehouse.gov/billsearch.php?billnumbers=4025&session=126&headerfooter=0,,,"Adopt Section 51, Part 1A",Yea,Passed
[H]-177,2025-03-10T15:05:00.000-04:00,https://www.scstatehouse.gov/votehistory.php?KEY=25368,H.4025,"Appropriations Bill, 2025-2026",https://www.scstatehouse.gov/billsearch.php?billnumbers=4025&session=126&headerfooter=0,,,"Adopt Section 52, Part 1A",Yea,Passed
[H]-178,2025-03-10T15:06:00.000-04:00,https://www.scstatehouse.gov/votehistory.php?KEY=25369,H.4025,"Appropriations Bill, 2025-2026",https://www.scstatehouse.gov/billsearch.php?billnumbers=4025&session=126&headerfooter=0,,,"Adopt Section 53, Part 1A",Yea,Passed
[H]-179,2025-03-10T15:08:00.000-04:00,https://www.scstatehouse.gov/votehistory.php?KEY=25370,H.4025,"Appropriations Bill, 2025-2026",https://www.scstatehouse.gov/billsearch.php?billnumbers=4025&session=126&headerfooter=0,,,"Adopt Section 54, Part 1A",Yea,Passed
[H]-180,2025-03-10T15:09:00.000-04:00,https://www.scstatehouse.gov/votehistory.php?KEY=25371,H.4025,"Appropriations Bill, 2025-2026",https://www.scstatehouse.gov/billsearch.php?billnumbers=4025&session=126&headerfooter=0,,,"Adopt Section 55, Part 1A",Yea,Passed
[H]-181,2025-03-10T15:10:00.000-04:00,https://www.scstatehouse.gov/votehistory.php?KEY=25372,H.4025,"Appropriations Bill, 2025-2026",https://www.scstatehouse.gov/billsearch.php?billnumbers=4025&session=126&headerfooter=0,,,"Adopt Section 57, Part 1A",Yea,Passed
[H]-182,2025-03-10T15:11:00.000-04:00,https://www.scstatehouse.gov/votehistory.php?KEY=25373,H.4025,"Appropriations Bill, 2025-2026",https://www.scstatehouse.gov/billsearch.php?billnumbers=4025&session=126&headerfooter=0,,,"Adopt Section 58, Part 1A",Yea,Passed
[H]-183,2025-03-10T15:12:00.000-04:00,https://www.scstatehouse.gov/votehistory.php?KEY=25374,H.4025,"Appropriations Bill, 2025-2026",https://www.scstatehouse.gov/billsearch.php?billnumbers=4025&session=126&headerfooter=0,,,"Adopt Section 59, Part 1A",Yea,Passed
[H]-184,2025-03-10T15:13:00.000-04:00,https://www.scstatehouse.gov/votehistory.php?KEY=25375,H.4025,"Appropriations Bill, 2025-2026",https://www.scstatehouse.gov/billsearch.php?billnumbers=4025&session=126&headerfooter=0,,,"Adopt Section 60, Part 1A",Yea,Passed
[H]-185,2025-03-10T15:14:00.000-04:00,https://www.scstatehouse.gov/votehistory.php?KEY=25376,H.4025,"Appropriations Bill, 2025-2026",https://www.scstatehouse.gov/billsearch.php?billnumbers=4025&session=126&headerfooter=0,,,"Adopt Section 61, Part 1A",Yea,Passed
[H]-186,2025-03-10T15:15:00.000-04:00,https://www.scstatehouse.gov/votehistory.php?KEY=25377,H.4025,"Appropriations Bill, 2025-2026",https://www.scstatehouse.gov/billsearch.php?billnumbers=4025&session=126&headerfooter=0,,,"Adopt Section 62, Part 1A",Yea,Passed
[H]-187,2025-03-10T15:16:00.000-04:00,https://www.scstatehouse.gov/votehistory.php?KEY=25379,H.4025,"Appropriations Bill, 2025-2026",https://www.scstatehouse.gov/billsearch.php?billnumbers=4025&session=126&headerfooter=0,,,"Adopt Section 63, Part 1A",Yea,Passed
[H]-188,2025-03-10T15:17:00.000-04:00,https://www.scstatehouse.gov/votehistory.php?KEY=25380,H.4025,"Appropriations Bill, 2025-2026",https://www.scstatehouse.gov/billsearch.php?billnumbers=4025&session=126&headerfooter=0,,,"Adopt Section 64, Part 1A",Yea,Passed
[H]-189,2025-03-10T15:18:00.000-04:00,https://www.scstatehouse.gov/votehistory.php?KEY=25381,H.4025,"Appropriations Bill, 2025-2026",https://www.scstatehouse.gov/billsearch.php?billnumbers=4025&session=126&headerfooter=0,,,"Adopt Section 65, Part 1A",Yea,Passed
[H]-190,2025-03-10T15:19:00.000-04:00,https://www.scstatehouse.gov/votehistory.php?KEY=25382,H.4025,"Appropriations Bill, 2025-2026",https://www.scstatehouse.gov/billsearch.php?billnumbers=4025&session=126&headerfooter=0,,,"Adopt Section 66, Part 1A",Yea,Passed
[H]-191,2025-03-10T15:21:00.000-04:00,https://www.scstatehouse.gov/votehistory.php?KEY=25383,H.4025,"Appropriations Bill, 2025-2026",https://www.scstatehouse.gov/billsearch.php?billnumbers=4025&session=126&headerfooter=0,,,"Adopt Section 67, Part 1A",Yea,Passed
[H]-192,2025-03-10T15:22:00.000-04:00,https://www.scstatehouse.gov/votehistory.php?KEY=25384,H.4025,"Appropriations Bill, 2025-2026",https://www.scstatehouse.gov/billsearch.php?billnumbers=4025&session=126&headerfooter=0,,,"Adopt Section 72, Part 1A",Yea,Passed
[H]-193,2025-03-10T15:23:00.000-04:00,https://www.scstatehouse.gov/votehistory.php?KEY=25385,H.4025,"Appropriations Bill, 2025-2026",https://www.scstatehouse.gov/billsearch.php?billnumbers=4025&session=126&headerfooter=0,,,"Adopt Section 73, Part 1A",Yea,Passed
[H]-194,2025-03-10T15:24:00.000-04:00,https://www.scstatehouse.gov/votehistory.php?KEY=25386,H.4025,"Appropriations Bill, 2025-2026",https://www.scstatehouse.gov/billsearch.php?billnumbers=4025&session=126&headerfooter=0,,,"Adopt Section 74, Part 1A",Yea,Passed
[H]-195,2025-03-10T15:25:00.000-04:00,https://www.scstatehouse.gov/votehistory.php?KEY=25387,H.4025,"Appropriations Bill, 2025-2026",https://www.scstatehouse.gov/billsearch.php?billnumbers=4025&session=126&headerfooter=0,,,"Adopt Section 75, Part 1A",Yea,Passed
[H]-196,2025-03-10T15:26:00.000-04:00,https://www.scstatehouse.gov/votehistory.php?KEY=25388,H.4025,"Appropriations Bill, 2025-2026",https://www.scstatehouse.gov/billsearch.php?billnumbers=4025&session=126&headerfooter=0,,,"Adopt Section 78, Part 1A",Yea,Passed
[H]-197,2025-03-10T15:27:00.000-04:00,https://www.scstatehouse.gov/votehistory.php?KEY=25389,H.4025,"Appropriations Bill, 2025-2026",https://www.scstatehouse.gov/billsearch.php?billnumbers=4025&session=126&headerfooter=0,,,"Adopt Section 79, Part 1A",Yea,Passed
[H]-198,2025-03-10T15:28:00.000-04:00,https://www.scstatehouse.gov/votehistory.php?KEY=25390,H.4025,"Appropriations Bill, 2025-2026",https://www.scstatehouse.gov/billsearch.php?billnumbers=4025&session=126&headerfooter=0,,,"Adopt Section 81, Part 1A",Yea,Passed
[H]-199,2025-03-10T15:29:00.000-04:00,https://www.scstatehouse.gov/votehistory.php?KEY=25391,H.4025,"Appropriations Bill, 2025-2026",https://www.scstatehouse.gov/billsearch.php?billnumbers=4025&session=126&headerfooter=0,,,"Adopt Section 82, Part 1A",Yea,Passed
[H]-200,2025-03-10T15:30:00.000-04:00,https://www.scstatehouse.gov/votehistory.php?KEY=25392,H.4025,"Appropriations Bill, 2025-2026",https://www.scstatehouse.gov/billsearch.php?billnumbers=4025&session=126&headerfooter=0,,,"Adopt Section 83, Part 1A",Yea,Passed
[H]-201,2025-03-10T15:31:00.000-04:00,https://www.scstatehouse.gov/votehistory.php?KEY=25393,H.4025,"Appropriations Bill, 2025-2026",https://www.scstatehouse.gov/billsearch.php?billnumbers=4025&session=126&headerfooter=0,,,"Adopt Section 84, Part 1A",Yea,Passed
[H]-202,2025-03-10T15:32:00.000-04:00,https://www.scstatehouse.gov/votehistory.php?KEY=25394,H.4025,"Appropriations Bill, 2025-2026",https://www.scstatehouse.gov/billsearch.php?billnumbers=4025&session=126&headerfooter=0,,,"Adopt Section 85, Part 1A",Yea,Passed
[H]-203,2025-03-10T15:33:00.000-04:00,https://www.scstatehouse.gov/votehistory.php?KEY=25395,H.4025,"Appropriations Bill, 2025-2026",https://www.scstatehouse.gov/billsearch.php?billnumbers=4025&session=126&headerfooter=0,,,"Adopt Section 86, Part 1A",Yea,Passed
[H]-204,2025-03-10T15:34:00.000-04:00,https://www.scstatehouse.gov/votehistory.php?KEY=25396,H.4025,"Appropriations Bill, 2025-2026",https://www.scstatehouse.gov/billsearch.php?billnumbers=4025&session=126&headerfooter=0,,,"Adopt Section 87, Part 1A",Yea,Passed
[H]-205,2025-03-10T15:35:00.000-04:00,https://www.scstatehouse.gov/votehistory.php?KEY=25397,H.4025,"Appropriations Bill, 2025-2026",https://www.scstatehouse.gov/billsearch.php?billnumbers=4025&session=126&headerfooter=0,,,"Adopt Section 91A, Part 1A",Yea,Passed
[H]-206,2025-03-10T15:36:00.000-04:00,https://www.scstatehouse.gov/votehistory.php?KEY=25398,H.4025,"Appropriations Bill, 2025-2026",https://www.scstatehouse.gov/billsearch.php?billnumbers=4025&session=126&headerfooter=0,,,"Adopt Section 91B, Part 1A",Yea,Passed
[H]-207,2025-03-10T15:37:00.000-04:00,https://www.scstatehouse.gov/votehistory.php?KEY=25399,H.4025,"Appropriations Bill, 2025-2026",https://www.scstatehouse.gov/billsearch.php?billnumbers=4025&session=126&headerfooter=0,,,"Adopt Section 91C, Part 1A",Yea,Passed
[H]-208,2025-03-10T15:38:00.000-04:00,https://www.scstatehouse.gov/votehistory.php?KEY=25400,H.4025,"Appropriations Bill, 2025-2026",https://www.scstatehouse.gov/billsearch.php?billnumbers=4025&session=126&headerfooter=0,,,"Adopt Section 91D, Part 1A",Yea,Passed
[H]-209,2025-03-10T15:39:00.000-04:00,https://www.scstatehouse.gov/votehistory.php?KEY=25401,H.4025,"Appropriations Bill, 2025-2026",https://www.scstatehouse.gov/billsearch.php?billnumbers=4025&session=126&headerfooter=0,,,"Adopt Section 91E, Part 1A",Yea,Passed
[H]-210,2025-03-10T15:40:00.000-04:00,https://www.scstatehouse.gov/votehistory.php?KEY=25402,H.4025,"Appropriations Bill, 2025-2026",https://www.scstatehouse.gov/billsearch.php?billnumbers=4025&session=126&headerfooter=0,,,"Adopt Section 92A, Part 1A",Yea,Passed
[H]-211,2025-03-10T15:41:00.000-04:00,https://www.scstatehouse.gov/votehistory.php?KEY=25403,H.4025,"Appropriations Bill, 2025-2026",https://www.scstatehouse.gov/billsearch.php?billnumbers=4025&session=126&headerfooter=0,,,"Adopt Section 92C, Part 1A",Yea,Passed
[H]-212,2025-03-10T15:42:00.000-04:00,https://www.scstatehouse.gov/votehistory.php?KEY=25404,H.4025,"Appropriations Bill, 2025-2026",https://www.scstatehouse.gov/billsearch.php?billnumbers=4025&session=126&headerfooter=0,,,"Adopt Section 92D, Part 1A",Yea,Passed
[H]-213,2025-03-10T15:43:00.000-04:00,https://www.scstatehouse.gov/votehistory.php?KEY=25405,H.4025,"Appropriations Bill, 2025-2026",https://www.scstatehouse.gov/billsearch.php?billnumbers=4025&session=126&headerfooter=0,,,"Adopt Section 93, Part 1A",Yea,Passed
[H]-214,2025-03-10T15:44:00.000-04:00,https://www.scstatehouse.gov/votehistory.php?KEY=25406,H.4025,"Appropriations Bill, 2025-2026",https://www.scstatehouse.gov/billsearch.php?billnumbers=4025&session=126&headerfooter=0,,,"Adopt Section 94, Part 1A",Yea,Passed
[H]-215,2025-03-10T15:45:00.000-04:00,https://www.scstatehouse.gov/votehistory.php?KEY=25407,H.4025,"Appropriations Bill, 2025-2026",https://www.scstatehouse.gov/billsearch.php?billnumbers=4025&session=126&headerfooter=0,,,"Adopt Section 96, Part 1A",Yea,Passed
[H]-216,2025-03-10T15:46:00.000-04:00,https://www.scstatehouse.gov/votehistory.php?KEY=25408,H.4025,"Appropriations Bill, 2025-2026",https://www.scstatehouse.gov/billsearch.php?billnumbers=4025&session=126&headerfooter=0,,,"Adopt Section 97, Part 1A",Yea,Passed
[H]-217,2025-03-10T15:47:00.000-04:00,https://www.scstatehouse.gov/votehistory.php?KEY=25409,H.4025,"Appropriations Bill, 2025-2026",https://www.scstatehouse.gov/billsearch.php?billnumbers=4025&session=126&headerfooter=0,,,"Adopt Section 99, Part 1A",Yea,Passed
[H]-218,2025-03-10T15:48:00.000-04:00,https://www.scstatehouse.gov/votehistory.php?KEY=25410,H.4025,"Appropriations Bill, 2025-2026",https://www.scstatehouse.gov/billsearch.php?billnumbers=4025&session=126&headerfooter=0,,,"Adopt Section 100, Part 1A",Yea,Passed
[H]-219,2025-03-10T15:49:00.000-04:00,https://www.scstatehouse.gov/votehistory.php?KEY=25411,H.4025,"Appropriations Bill, 2025-2026",https://www.scstatehouse.gov/billsearch.php?billnumbers=4025&session=126&headerfooter=0,,,"Adopt Section 101, Part 1A",Yea,Passed
[H]-220,2025-03-10T15:50:00.000-04:00,https://www.scstatehouse.gov/votehistory.php?KEY=25412,H.4025,"Appropriations Bill, 2025-2026",https://www.scstatehouse.gov/billsearch.php?billnumbers=4025&session=126&headerfooter=0,,,"Adopt Section 102, Part 1A",Yea,Passed
[H]-221,2025-03-10T15:51:00.000-04:00,https://www.scstatehouse.gov/votehistory.php?KEY=25413,H.4025,"Appropriations Bill, 2025-2026",https://www.scstatehouse.gov/billsearch.php?billnumbers=4025&session=126&headerfooter=0,,,"Adopt Section 103, Part 1A",Yea,Passed
[H]-222,2025-03-10T15:52:00.000-04:00,https://www.scstatehouse.gov/votehistory.php?KEY=25414,H.4025,"Appropriations Bill, 2025-2026",https://www.scstatehouse.gov/billsearch.php?billnumbers=4025&session=126&headerfooter=0,,,"Adopt Section 104, Part 1A",Yea,Passed
[H]-223,2025-03-10T15:53:00.000-04:00,https://www.scstatehouse.gov/votehistory.php?KEY=25415,H.4025,"Appropriations Bill, 2025-2026",https://www.scstatehouse.gov/billsearch.php?billnumbers=4025&session=126&headerfooter=0,,,"Adopt Section 105, Part 1A",Yea,Passed
[H]-224,2025-03-10T15:54:00.000-04:00,https://www.scstatehouse.gov/votehistory.php?KEY=25416,H.4025,"Appropriations Bill, 2025-2026",https://www.scstatehouse.gov/billsearch.php?billnumbers=4025&session=126&headerfooter=0,,,"Adopt Section 106, Part 1A",Yea,Passed
[H]-225,2025-03-10T15:55:00.000-04:00,https://www.scstatehouse.gov/votehistory.php?KEY=25417,H.4025,"Appropriations Bill, 2025-2026",https://www.scstatehouse.gov/billsearch.php?billnumbers=4025&session=126&headerfooter=0,,,"Adopt Section 107, Part 1A",Yea,Passed
[H]-226,2025-03-10T15:57:00.000-04:00,https://www.scstatehouse.gov/votehistory.php?KEY=25418,H.4025,"Appropriations Bill, 2025-2026",https://www.scstatehouse.gov/billsearch.php?billnumbers=4025&session=126&headerfooter=0,,,"Adopt Section 108, Part 1A",Yea,Passed
[H]-228,2025-03-10T15:58:00.000-04:00,https://www.scstatehouse.gov/votehistory.php?KEY=25420,H.4025,"Appropriations Bill, 2025-2026",https://www.scstatehouse.gov/billsearch.php?billnumbers=4025&session=126&headerfooter=0,,,"Adopt Section 110, Part 1A",Yea,Passed
[H]-227,2025-03-10T15:58:00.000-04:00,https://www.scstatehouse.gov/votehistory.php?KEY=25419,H.4025,"Appropriations Bill, 2025-2026",https://www.scstatehouse.gov/billsearch.php?billnumbers=4025&session=126&headerfooter=0,,,"Adopt Section 109, Part 1A",N/V,Passed
[H]-229,2025-03-10T15:59:00.000-04:00,https://www.scstatehouse.gov/votehistory.php?KEY=25421,H.4025,"Appropriations Bill, 2025-2026",https://www.scstatehouse.gov/billsearch.php?billnumbers=4025&session=126&headerfooter=0,,,"Adopt Section 111, Part 1A",Yea,Passed
[H]-230,2025-03-10T16:00:00.000-04:00,https://www.scstatehouse.gov/votehistory.php?KEY=25422,H.4025,"Appropriations Bill, 2025-2026",https://www.scstatehouse.gov/billsearch.php?billnumbers=4025&session=126&headerfooter=0,,,"Adopt Section 112, Part 1A",Yea,Passed
[H]-231,2025-03-10T16:02:00.000-04:00,https://www.scstatehouse.gov/votehistory.php?KEY=25423,H.4025,"Appropriations Bill, 2025-2026",https://www.scstatehouse.gov/billsearch.php?billnumbers=4025&session=126&headerfooter=0,,,"Adopt Section 113, Part 1A",Yea,Passed
[H]-232,2025-03-10T16:04:00.000-04:00,https://www.scstatehouse.gov/votehistory.php?KEY=25424,H.4025,"Appropriations Bill, 2025-2026",https://www.scstatehouse.gov/billsearch.php?billnumbers=4025&session=126&headerfooter=0,,,"Adopt Section 115, Part 1A",Yea,Passed
[H]-233,2025-03-10T16:12:00.000-04:00,https://www.scstatehouse.gov/votehistory.php?KEY=25425,H.4025,"Appropriations Bill, 2025-2026",https://www.scstatehouse.gov/billsearch.php?billnumbers=4025&session=126&headerfooter=0,,,"Adopt Section 1A, Part 1B",Yea,Passed
[H]-234,2025-03-10T16:14:00.000-04:00,https://www.scstatehouse.gov/votehistory.php?KEY=25426,H.4025,"Appropriations Bill, 2025-2026",https://www.scstatehouse.gov/billsearch.php?billnumbers=4025&session=126&headerfooter=0,,,"Adopt Section 3, Part 1B",Yea,Passed
[H]-235,2025-03-10T16:15:00.000-04:00,https://www.scstatehouse.gov/votehistory.php?KEY=25427,H.4025,"Appropriations Bill, 2025-2026",https://www.scstatehouse.gov/billsearch.php?billnumbers=4025&session=126&headerfooter=0,,,"Adopt Section 5, Part 1B",Yea,Passed
[H]-236,2025-03-10T16:17:00.000-04:00,https://www.scstatehouse.gov/votehistory.php?KEY=25428,H.4025,"Appropriations Bill, 2025-2026",https://www.scstatehouse.gov/billsearch.php?billnumbers=4025&session=126&headerfooter=0,,,"Adopt Section 6, Part 1B",Yea,Passed
[H]-237,2025-03-10T16:18:00.000-04:00,https://www.scstatehouse.gov/votehistory.php?KEY=25429,H.4025,"Appropriations Bill, 2025-2026",https://www.scstatehouse.gov/billsearch.php?billnumbers=4025&session=126&headerfooter=0,,,"Adopt Section 7, Part 1B",Yea,Passed
[H]-238,2025-03-10T16:19:00.000-04:00,https://www.scstatehouse.gov/votehistory.php?KEY=25430,H.4025,"Appropriations Bill, 2025-2026",https://www.scstatehouse.gov/billsearch.php?billnumbers=4025&session=126&headerfooter=0,,,"Adopt Section 9, Part 1B",Yea,Passed
[H]-239,2025-03-10T16:20:00.000-04:00,https://www.scstatehouse.gov/votehistory.php?KEY=25431,H.4025,"Appropriations Bill, 2025-2026",https://www.scstatehouse.gov/billsearch.php?billnumbers=4025&session=126&headerfooter=0,,,"Adopt Section 10, Part 1B",Yea,Passed
[H]-240,2025-03-10T16:22:00.000-04:00,https://www.scstatehouse.gov/votehistory.php?KEY=25432,H.4025,"Appropriations Bill, 2025-2026",https://www.scstatehouse.gov/billsearch.php?billnumbers=4025&session=126&headerfooter=0,,,"Adopt Section 14, Part 1B",Yea,Passed
[H]-241,2025-03-10T16:23:00.000-04:00,https://www.scstatehouse.gov/votehistory.php?KEY=25433,H.4025,"Appropriations Bill, 2025-2026",https://www.scstatehouse.gov/billsearch.php?billnumbers=4025&session=126&headerfooter=0,,,"Adopt Section 19, Part 1B",Yea,Passed
[H]-242,2025-03-10T16:24:00.000-04:00,https://www.scstatehouse.gov/votehistory.php?KEY=25434,H.4025,"Appropriations Bill, 2025-2026",https://www.scstatehouse.gov/billsearch.php?billnumbers=4025&session=126&headerfooter=0,,,"Adopt Section 20, Part 1B",Yea,Passed
[H]-243,2025-03-10T16:25:00.000-04:00,https://www.scstatehouse.gov/votehistory.php?KEY=25435,H.4025,"Appropriations Bill, 2025-2026",https://www.scstatehouse.gov/billsearch.php?billnumbers=4025&session=126&headerfooter=0,,,"Adopt Section 23, Part 1B",Yea,Passed
[H]-244,2025-03-10T16:26:00.000-04:00,https://www.scstatehouse.gov/votehistory.php?KEY=25436,H.4025,"Appropriations Bill, 2025-2026",https://www.scstatehouse.gov/billsearch.php?billnumbers=4025&session=126&headerfooter=0,,,"Adopt Section 25, Part 1B",Yea,Passed
[H]-245,2025-03-10T16:27:00.000-04:00,https://www.scstatehouse.gov/votehistory.php?KEY=25437,H.4025,"Appropriations Bill, 2025-2026",https://www.scstatehouse.gov/billsearch.php?billnumbers=4025&session=126&headerfooter=0,,,"Adopt Section 26, Part 1B",Yea,Passed
[H]-246,2025-03-10T16:29:00.000-04:00,https://www.scstatehouse.gov/votehistory.php?KEY=25438,H.4025,"Appropriations Bill, 2025-2026",https://www.scstatehouse.gov/billsearch.php?billnumbers=4025&session=126&headerfooter=0,,,"Adopt Section 29, Part 1B",Yea,Passed
[H]-247,2025-03-10T16:31:00.000-04:00,https://www.scstatehouse.gov/votehistory.php?KEY=25439,H.4025,"Appropriations Bill, 2025-2026",https://www.scstatehouse.gov/billsearch.php?billnumbers=4025&session=126&headerfooter=0,,,"Adopt Section 32, Part 1B",Yea,Passed
[H]-248,2025-03-10T16:32:00.000-04:00,https://www.scstatehouse.gov/votehistory.php?KEY=25440,H.4025,"Appropriations Bill, 2025-2026",https://www.scstatehouse.gov/billsearch.php?billnumbers=4025&session=126&headerfooter=0,,,"Adopt Section 35, Part 1B",Yea,Passed
[H]-249,2025-03-10T16:33:00.000-04:00,https://www.scstatehouse.gov/votehistory.php?KEY=25441,H.4025,"Appropriations Bill, 2025-2026",https://www.scstatehouse.gov/billsearch.php?billnumbers=4025&session=126&headerfooter=0,,,"Adopt Section 36, Part 1B",Yea,Passed
[H]-250,2025-03-10T16:34:00.000-04:00,https://www.scstatehouse.gov/votehistory.php?KEY=25442,H.4025,"Appropriations Bill, 2025-2026",https://www.scstatehouse.gov/billsearch.php?billnumbers=4025&session=126&headerfooter=0,,,"Adopt Section 37, Part 1B",Yea,Passed
[H]-251,2025-03-10T16:35:00.000-04:00,https://www.scstatehouse.gov/votehistory.php?KEY=25443,H.4025,"Appropriations Bill, 2025-2026",https://www.scstatehouse.gov/billsearch.php?billnumbers=4025&session=126&headerfooter=0,,,"Adopt Section 39, Part 1B",Yea,Passed
[H]-252,2025-03-10T16:36:00.000-04:00,https://www.scstatehouse.gov/votehistory.php?KEY=25444,H.4025,"Appropriations Bill, 2025-2026",https://www.scstatehouse.gov/billsearch.php?billnumbers=4025&session=126&headerfooter=0,,,"Adopt Section 40, Part 1B",Yea,Passed
[H]-253,2025-03-10T16:37:00.000-04:00,https://www.scstatehouse.gov/votehistory.php?KEY=25445,H.4025,"Appropriations Bill, 2025-2026",https://www.scstatehouse.gov/billsearch.php?billnumbers=4025&session=126&headerfooter=0,,,"Adopt Section 41, Part 1B",Yea,Passed
[H]-254,2025-03-10T16:38:00.000-04:00,https://www.scstatehouse.gov/votehistory.php?KEY=25446,H.4025,"Appropriations Bill, 2025-2026",https://www.scstatehouse.gov/billsearch.php?billnumbers=4025&session=126&headerfooter=0,,,"Adopt Section 42, Part 1B",Yea,Passed
[H]-255,2025-03-10T16:39:00.000-04:00,https://www.scstatehouse.gov/votehistory.php?KEY=25447,H.4025,"Appropriations Bill, 2025-2026",https://www.scstatehouse.gov/billsearch.php?billnumbers=4025&session=126&headerfooter=0,,,"Adopt Section 43, Part 1B",Yea,Passed
[H]-256,2025-03-10T16:41:00.000-04:00,https://www.scstatehouse.gov/votehistory.php?KEY=25448,H.4025,"Appropriations Bill, 2025-2026",https://www.scstatehouse.gov/billsearch.php?billnumbers=4025&session=126&headerfooter=0,,,"Adopt Section 45, Part 1B",Yea,Passed
[H]-257,2025-03-10T16:42:00.000-04:00,https://www.scstatehouse.gov/votehistory.php?KEY=25449,H.4025,"Appropriations Bill, 2025-2026",https://www.scstatehouse.gov/billsearch.php?billnumbers=4025&session=126&headerfooter=0,,,"Adopt Section 47, Part 1B",Yea,Passed
[H]-258,2025-03-10T16:43:00.000-04:00,https://www.scstatehouse.gov/votehistory.php?KEY=25450,H.4025,"Appropriations Bill, 2025-2026",https://www.scstatehouse.gov/billsearch.php?billnumbers=4025&session=126&headerfooter=0,,,"Adopt Section 52, Part 1B",Yea,Passed
[H]-259,2025-03-10T16:44:00.000-04:00,https://www.scstatehouse.gov/votehistory.php?KEY=25451,H.4025,"Appropriations Bill, 2025-2026",https://www.scstatehouse.gov/billsearch.php?billnumbers=4025&session=126&headerfooter=0,,,"Adopt Section 53, Part 1B",Yea,Passed
[H]-260,2025-03-10T16:45:00.000-04:00,https://www.scstatehouse.gov/votehistory.php?KEY=25452,H.4025,"Appropriations Bill, 2025-2026",https://www.scstatehouse.gov/billsearch.php?billnumbers=4025&session=126&headerfooter=0,,,"Adopt Section 54, Part 1B",Yea,Passed
[H]-261,2025-03-10T16:46:00.000-04:00,https://www.scstatehouse.gov/votehistory.php?KEY=25453,H.4025,"Appropriations Bill, 2025-2026",https://www.scstatehouse.gov/billsearch.php?billnumbers=4025&session=126&headerfooter=0,,,"Adopt Section 58, Part 1B",Yea,Passed
[H]-262,2025-03-10T16:48:00.000-04:00,https://www.scstatehouse.gov/votehistory.php?KEY=25454,H.4025,"Appropriations Bill, 2025-2026",https://www.scstatehouse.gov/billsearch.php?billnumbers=4025&session=126&headerfooter=0,,,"Adopt Section 59, Part 1B",Yea,Passed
[H]-263,2025-03-10T16:49:00.000-04:00,https://www.scstatehouse.gov/votehistory.php?KEY=25455,H.4025,"Appropriations Bill, 2025-2026",https://www.scstatehouse.gov/billsearch.php?billnumbers=4025&session=126&headerfooter=0,,,"Adopt Section 61, Part 1B",Yea,Passed
[H]-264,2025-03-10T16:50:00.000-04:00,https://www.scstatehouse.gov/votehistory.php?KEY=25456,H.4025,"Appropriations Bill, 2025-2026",https://www.scstatehouse.gov/billsearch.php?billnumbers=4025&session=126&headerfooter=0,,,"Adopt Section 62, Part 1B",Yea,Passed
[H]-265,2025-03-10T16:51:00.000-04:00,https://www.scstatehouse.gov/votehistory.php?KEY=25457,H.4025,"Appropriations Bill, 2025-2026",https://www.scstatehouse.gov/billsearch.php?billnumbers=4025&session=126&headerfooter=0,,,"Adopt Section 63, Part 1B",Yea,Passed
[H]-266,2025-03-10T16:52:00.000-04:00,https://www.scstatehouse.gov/votehistory.php?KEY=25458,H.4025,"Appropriations Bill, 2025-2026",https://www.scstatehouse.gov/billsearch.php?billnumbers=4025&session=126&headerfooter=0,,,"Adopt Section 64, Part 1B",Yea,Passed
[H]-267,2025-03-10T16:53:00.000-04:00,https://www.scstatehouse.gov/votehistory.php?KEY=25459,H.4025,"Appropriations Bill, 2025-2026",https://www.scstatehouse.gov/billsearch.php?billnumbers=4025&session=126&headerfooter=0,,,"Adopt Section 66, Part 1B",Yea,Passed
[H]-268,2025-03-10T16:54:00.000-04:00,https://www.scstatehouse.gov/votehistory.php?KEY=25460,H.4025,"Appropriations Bill, 2025-2026",https://www.scstatehouse.gov/billsearch.php?billnumbers=4025&session=126&headerfooter=0,,,"Adopt Section 67, Part 1B",Yea,Passed
[H]-269,2025-03-10T16:56:00.000-04:00,https://www.scstatehouse.gov/votehistory.php?KEY=25461,H.4025,"Appropriations Bill, 2025-2026",https://www.scstatehouse.gov/billsearch.php?billnumbers=4025&session=126&headerfooter=0,,,"Adopt Section 72, Part 1B",Yea,Passed
[H]-270,2025-03-10T16:57:00.000-04:00,https://www.scstatehouse.gov/votehistory.php?KEY=25462,H.4025,"Appropriations Bill, 2025-2026",https://www.scstatehouse.gov/billsearch.php?billnumbers=4025&session=126&headerfooter=0,,,"Adopt Section 73, Part 1B",Yea,Passed
[H]-271,2025-03-10T16:58:00.000-04:00,https://www.scstatehouse.gov/votehistory.php?KEY=25463,H.4025,"Appropriations Bill, 2025-2026",https://www.scstatehouse.gov/billsearch.php?billnumbers=4025&session=126&headerfooter=0,,,"Adopt Section 74, Part 1B",Yea,Passed
[H]-272,2025-03-10T16:59:00.000-04:00,https://www.scstatehouse.gov/votehistory.php?KEY=25465,H.4025,"Appropriations Bill, 2025-2026",https://www.scstatehouse.gov/billsearch.php?billnumbers=4025&session=126&headerfooter=0,,,"Adopt Section 75, Part 1B",Yea,Passed
[H]-273,2025-03-10T17:00:00.000-04:00,https://www.scstatehouse.gov/votehistory.php?KEY=25466,H.4025,"Appropriations Bill, 2025-2026",https://www.scstatehouse.gov/billsearch.php?billnumbers=4025&session=126&headerfooter=0,,,"Adopt Section 79, Part 1B",Yea,Passed
[H]-274,2025-03-10T17:01:00.000-04:00,https://www.scstatehouse.gov/votehistory.php?KEY=25467,H.4025,"Appropriations Bill, 2025-2026",https://www.scstatehouse.gov/billsearch.php?billnumbers=4025&session=126&headerfooter=0,,,"Adopt Section 81, Part 1B",Yea,Passed
[H]-275,2025-03-10T17:02:00.000-04:00,https://www.scstatehouse.gov/votehistory.php?KEY=25468,H.4025,"Appropriations Bill, 2025-2026",https://www.scstatehouse.gov/billsearch.php?billnumbers=4025&session=126&headerfooter=0,,,"Adopt Section 82, Part 1B",Yea,Passed
[H]-276,2025-03-10T17:03:00.000-04:00,https://www.scstatehouse.gov/votehistory.php?KEY=25469,H.4025,"Appropriations Bill, 2025-2026",https://www.scstatehouse.gov/billsearch.php?billnumbers=4025&session=126&headerfooter=0,,,"Adopt Section 83, Part 1B",Yea,Passed
[H]-277,2025-03-10T17:05:00.000-04:00,https://www.scstatehouse.gov/votehistory.php?KEY=25470,H.4025,"Appropriations Bill, 2025-2026",https://www.scstatehouse.gov/billsearch.php?billnumbers=4025&session=126&headerfooter=0,,,"Adopt Section 85, Part 1B",Yea,Passed
[H]-278,2025-03-10T17:06:00.000-04:00,https://www.scstatehouse.gov/votehistory.php?KEY=25471,H.4025,"Appropriations Bill, 2025-2026",https://www.scstatehouse.gov/billsearch.php?billnumbers=4025&session=126&headerfooter=0,,,"Adopt Section 86, Part 1B",Yea,Passed
[H]-279,2025-03-10T17:07:00.000-04:00,https://www.scstatehouse.gov/votehistory.php?KEY=25472,H.4025,"Appropriations Bill, 2025-2026",https://www.scstatehouse.gov/billsearch.php?billnumbers=4025&session=126&headerfooter=0,,,"Adopt Section 88, Part 1B",N/V,Passed
[H]-280,2025-03-10T17:08:00.000-04:00,https://www.scstatehouse.gov/votehistory.php?KEY=25473,H.4025,"Appropriations Bill, 2025-2026",https://www.scstatehouse.gov/billsearch.php?billnumbers=4025&session=126&headerfooter=0,,,"Adopt Section 92, Part 1B",Yea,Passed
[H]-281,2025-03-10T17:10:00.000-04:00,https://www.scstatehouse.gov/votehistory.php?KEY=25474,H.4025,"Appropriations Bill, 2025-2026",https://www.scstatehouse.gov/billsearch.php?billnumbers=4025&session=126&headerfooter=0,,,"Adopt Section 92D, Part 1B",Yea,Passed
[H]-282,2025-03-10T17:11:00.000-04:00,https://www.scstatehouse.gov/votehistory.php?KEY=25476,H.4025,"Appropriations Bill, 2025-2026",https://www.scstatehouse.gov/billsearch.php?billnumbers=4025&session=126&headerfooter=0,,,"Adopt Section 93, Part 1B",Yea,Passed
[H]-283,2025-03-10T17:12:00.000-04:00,https://www.scstatehouse.gov/votehistory.php?KEY=25477,H.4025,"Appropriations Bill, 2025-2026",https://www.scstatehouse.gov/billsearch.php?billnumbers=4025&session=126&headerfooter=0,,,"Adopt Section 94, Part 1B",Yea,Passed
[H]-284,2025-03-10T17:13:00.000-04:00,https://www.scstatehouse.gov/votehistory.php?KEY=25478,H.4025,"Appropriations Bill, 2025-2026",https://www.scstatehouse.gov/billsearch.php?billnumbers=4025&session=126&headerfooter=0,,,"Adopt Section 96, Part 1B",Yea,Passed
[H]-285,2025-03-10T17:14:00.000-04:00,https://www.scstatehouse.gov/votehistory.php?KEY=25479,H.4025,"Appropriations Bill, 2025-2026",https://www.scstatehouse.gov/billsearch.php?billnumbers=4025&session=126&headerfooter=0,,,"Adopt Section 97, Part 1B",Yea,Passed
[H]-286,2025-03-10T17:15:00.000-04:00,https://www.scstatehouse.gov/votehistory.php?KEY=25480,H.4025,"Appropriations Bill, 2025-2026",https://www.scstatehouse.gov/billsearch.php?billnumbers=4025&session=126&headerfooter=0,,,"Adopt Section 98, Part 1B",Yea,Passed
[H]-287,2025-03-10T17:16:00.000-04:00,https://www.scstatehouse.gov/votehistory.php?KEY=25481,H.4025,"Appropriations Bill, 2025-2026",https://www.scstatehouse.gov/billsearch.php?billnumbers=4025&session=126&headerfooter=0,,,"Adopt Section 99, Part 1B",Yea,Passed
[H]-288,2025-03-10T17:17:00.000-04:00,https://www.scstatehouse.gov/votehistory.php?KEY=25482,H.4025,"Appropriations Bill, 2025-2026",https://www.scstatehouse.gov/billsearch.php?billnumbers=4025&session=126&headerfooter=0,,,"Adopt Section 100, Part 1B",Yea,Passed
[H]-289,2025-03-10T17:18:00.000-04:00,https://www.scstatehouse.gov/votehistory.php?KEY=25483,H.4025,"Appropriations Bill, 2025-2026",https://www.scstatehouse.gov/billsearch.php?billnumbers=4025&session=126&headerfooter=0,,,"Adopt Section 101, Part 1B",Yea,Passed
[H]-290,2025-03-10T17:19:00.000-04:00,https://www.scstatehouse.gov/votehistory.php?KEY=25484,H.4025,"Appropriations Bill, 2025-2026",https://www.scstatehouse.gov/billsearch.php?billnumbers=4025&session=126&headerfooter=0,,,"Adopt Section 103, Part 1B",Yea,Passed
[H]-291,2025-03-10T17:20:00.000-04:00,https://www.scstatehouse.gov/votehistory.php?KEY=25485,H.4025,"Appropriations Bill, 2025-2026",https://www.scstatehouse.gov/billsearch.php?billnumbers=4025&session=126&headerfooter=0,,,"Adopt Section 104, Part 1B",Yea,Passed
[H]-292,2025-03-10T17:21:00.000-04:00,https://www.scstatehouse.gov/votehistory.php?KEY=25486,H.4025,"Appropriations Bill, 2025-2026",https://www.scstatehouse.gov/billsearch.php?billnumbers=4025&session=126&headerfooter=0,,,"Adopt Section 105, Part 1B",Yea,Passed
[H]-293,2025-03-10T17:22:00.000-04:00,https://www.scstatehouse.gov/votehistory.php?KEY=25487,H.4025,"Appropriations Bill, 2025-2026",https://www.scstatehouse.gov/billsearch.php?billnumbers=4025&session=126&headerfooter=0,,,"Adopt Section 106, Part 1B",Yea,Passed
[H]-294,2025-03-10T17:24:00.000-04:00,https://www.scstatehouse.gov/votehistory.php?KEY=25488,H.4025,"Appropriations Bill, 2025-2026",https://www.scstatehouse.gov/billsearch.php?billnumbers=4025&session=126&headerfooter=0,,,"Adopt Section 110, Part 1B",Yea,Passed
[H]-295,2025-03-10T17:25:00.000-04:00,https://www.scstatehouse.gov/votehistory.php?KEY=25489,H.4025,"Appropriations Bill, 2025-2026",https://www.scstatehouse.gov/billsearch.php?billnumbers=4025&session=126&headerfooter=0,,,"Adopt Section 111, Part 1B",Yea,Passed
[H]-296,2025-03-10T17:26:00.000-04:00,https://www.scstatehouse.gov/votehistory.php?KEY=25490,H.4025,"Appropriations Bill, 2025-2026",https://www.scstatehouse.gov/billsearch.php?billnumbers=4025&session=126&headerfooter=0,,,"Adopt Section 112, Part 1B",Yea,Passed
[H]-297,2025-03-10T17:27:00.000-04:00,https://www.scstatehouse.gov/votehistory.php?KEY=25491,H.4025,"Appropriations Bill, 2025-2026",https://www.scstatehouse.gov/billsearch.php?billnumbers=4025&session=126&headerfooter=0,,,"Adopt Section 113, Part 1B",Yea,Passed
[H]-298,2025-03-10T17:49:00.000-04:00,https://www.scstatehouse.gov/votehistory.php?KEY=25492,H.4025,"Appropriations Bill, 2025-2026",https://www.scstatehouse.gov/billsearch.php?billnumbers=4025&session=126&headerfooter=0,71,https://scstatehouse.gov/amendments.php?KEY=33289,"Table Amendment 71, Section 1, Part 1A Amendment #71",Yea,Passed
[H]-299,2025-03-10T18:33:00.000-04:00,https://www.scstatehouse.gov/votehistory.php?KEY=25493,H.4025,"Appropriations Bill, 2025-2026",https://www.scstatehouse.gov/billsearch.php?billnumbers=4025&session=126&headerfooter=0,29,https://scstatehouse.gov/amendments.php?KEY=33291,"Table Amendment 29, Section 13, Part 1A Amendment #29",Nay,Passed
[H]-300,2025-03-10T18:56:00.000-04:00,https://www.scstatehouse.gov/votehistory.php?KEY=25494,H.4025,"Appropriations Bill, 2025-2026",https://www.scstatehouse.gov/billsearch.php?billnumbers=4025&session=126&headerfooter=0,115,https://scstatehouse.gov/amendments.php?KEY=33292,"Table Amendment 115, Section 13, Part 1A Amendment #115",Nay,Passed
[H]-301,2025-03-10T18:57:00.000-04:00,https://www.scstatehouse.gov/votehistory.php?KEY=25495,H.4025,"Appropriations Bill, 2025-2026",https://www.scstatehouse.gov/billsearch.php?billnumbers=4025&session=126&headerfooter=0,,,"Adopt Section 13, Part 1A",Yea,Passed
[H]-302,2025-03-10T19:01:00.000-04:00,https://www.scstatehouse.gov/votehistory.php?KEY=25496,H.4025,"Appropriations Bill, 2025-2026",https://www.scstatehouse.gov/billsearch.php?billnumbers=4025&session=126&headerfooter=0,,,"Adopt Section 14, Part 1A",Yea,Passed
[H]-303,2025-03-10T19:04:00.000-04:00,https://www.scstatehouse.gov/votehistory.php?KEY=25497,H.4025,"Appropriations Bill, 2025-2026",https://www.scstatehouse.gov/billsearch.php?billnumbers=4025&session=126&headerfooter=0,,,"Adopt Section 15, Part 1A",Yea,Passed
[H]-304,2025-03-10T19:05:00.000-04:00,https://www.scstatehouse.gov/votehistory.php?KEY=25499,H.4025,"Appropriations Bill, 2025-2026",https://www.scstatehouse.gov/billsearch.php?billnumbers=4025&session=126&headerfooter=0,,,"Adopt Section 16, Part 1A",Yea,Passed
[H]-305,2025-03-10T19:06:00.000-04:00,https://www.scstatehouse.gov/votehistory.php?KEY=25500,H.4025,"Appropriations Bill, 2025-2026",https://www.scstatehouse.gov/billsearch.php?billnumbers=4025&session=126&headerfooter=0,,,"Adopt Section 17, Part 1A",Yea,Passed
[H]-306,2025-03-10T19:08:00.000-04:00,https://www.scstatehouse.gov/votehistory.php?KEY=25501,H.4025,"Appropriations Bill, 2025-2026",https://www.scstatehouse.gov/billsearch.php?billnumbers=4025&session=126&headerfooter=0,,,"Adopt Section 18, Part 1A",Yea,Passed
[H]-307,2025-03-10T19:09:00.000-04:00,https://www.scstatehouse.gov/votehistory.php?KEY=25502,H.4025,"Appropriations Bill, 2025-2026",https://www.scstatehouse.gov/billsearch.php?billnumbers=4025&session=126&headerfooter=0,,,"Adopt Section 19, Part 1A",Yea,Passed
[H]-308,2025-03-10T19:10:00.000-04:00,https://www.scstatehouse.gov/votehistory.php?KEY=25503,H.4025,"Appropriations Bill, 2025-2026",https://www.scstatehouse.gov/billsearch.php?billnumbers=4025&session=126&headerfooter=0,,,"Adopt Section 20A, Part 1A",Yea,Passed
[H]-309,2025-03-10T19:11:00.000-04:00,https://www.scstatehouse.gov/votehistory.php?KEY=25504,H.4025,"Appropriations Bill, 2025-2026",https://www.scstatehouse.gov/billsearch.php?billnumbers=4025&session=126&headerfooter=0,,,"Adopt Section 20B, Part 1A",Yea,Passed
[H]-310,2025-03-10T19:13:00.000-04:00,https://www.scstatehouse.gov/votehistory.php?KEY=25505,H.4025,"Appropriations Bill, 2025-2026",https://www.scstatehouse.gov/billsearch.php?billnumbers=4025&session=126&headerfooter=0,,,"Adopt Section 20C, Part 1A",Yea,Passed
[H]-311,2025-03-10T19:15:00.000-04:00,https://www.scstatehouse.gov/votehistory.php?KEY=25506,H.4025,"Appropriations Bill, 2025-2026",https://www.scstatehouse.gov/billsearch.php?billnumbers=4025&session=126&headerfooter=0,,,"Adopt Section 20D, Part 1A",Yea,Passed
[H]-312,2025-03-10T19:18:00.000-04:00,https://www.scstatehouse.gov/votehistory.php?KEY=25507,H.4025,"Appropriations Bill, 2025-2026",https://www.scstatehouse.gov/billsearch.php?billnumbers=4025&session=126&headerfooter=0,,,"Adopt Section 20E, Part 1A",Yea,Passed
[H]-313,2025-03-10T19:19:00.000-04:00,https://www.scstatehouse.gov/votehistory.php?KEY=25508,H.4025,"Appropriations Bill, 2025-2026",https://www.scstatehouse.gov/billsearch.php?billnumbers=4025&session=126&headerfooter=0,,,"Adopt Section 20F, Part 1A",Yea,Passed
[H]-314,2025-03-10T19:21:00.000-04:00,https://www.scstatehouse.gov/votehistory.php?KEY=25509,H.4025,"Appropriations Bill, 2025-2026",https://www.scstatehouse.gov/billsearch.php?billnumbers=4025&session=126&headerfooter=0,,,"Adopt Section 20G, Part 1A",Yea,Passed
[H]-315,2025-03-10T19:22:00.000-04:00,https://www.scstatehouse.gov/votehistory.php?KEY=25510,H.4025,"Appropriations Bill, 2025-2026",https://www.scstatehouse.gov/billsearch.php?billnumbers=4025&session=126&headerfooter=0,,,"Adopt Section 20H, Part 1A",Yea,Passed
[H]-316,2025-03-10T19:23:00.000-04:00,https://www.scstatehouse.gov/votehistory.php?KEY=25511,H.4025,"Appropriations Bill, 2025-2026",https://www.scstatehouse.gov/billsearch.php?billnumbers=4025&session=126&headerfooter=0,,,"Adopt Section 21, Part 1A",Yea,Passed
[H]-317,2025-03-10T19:30:00.000-04:00,https://www.scstatehouse.gov/votehistory.php?KEY=25512,H.4025,"Appropriations Bill, 2025-2026",https://www.scstatehouse.gov/billsearch.php?billnumbers=4025&session=126&headerfooter=0,,,"Adopt Section 23, Part 1A",Yea,Passed
[H]-318,2025-03-10T19:49:00.000-04:00,https://www.scstatehouse.gov/votehistory.php?KEY=25513,H.4025,"Appropriations Bill, 2025-2026",https://www.scstatehouse.gov/billsearch.php?billnumbers=4025&session=126&headerfooter=0,99,https://scstatehouse.gov/amendments.php?KEY=33297,"Table Amendment 99, Section 27, Part 1A Amendment #99",Nay,Passed
[H]-319,2025-03-10T19:50:00.000-04:00,https://www.scstatehouse.gov/votehistory.php?KEY=25514,H.4025,"Appropriations Bill, 2025-2026",https://www.scstatehouse.gov/billsearch.php?billnumbers=4025&session=126&headerfooter=0,,,"Adopt Section 27, Part 1A",Nay,Passed
[H]-320,2025-03-10T20:25:00.000-04:00,https://www.scstatehouse.gov/votehistory.php?KEY=25515,H.4025,"Appropriations Bill, 2025-2026",https://www.scstatehouse.gov/billsearch.php?billnumbers=4025&session=126&headerfooter=0,10,https://scstatehouse.gov/amendments.php?KEY=33298,"Table Amendment 10, Section 28,Part 1A Amendment #10",Nay,Passed
[H]-321,2025-03-10T20:27:00.000-04:00,https://www.scstatehouse.gov/votehistory.php?KEY=25516,H.4025,"Appropriations Bill, 2025-2026",https://www.scstatehouse.gov/billsearch.php?billnumbers=4025&session=126&headerfooter=0,,,"Adopt Section 28, Part 1A",Nay,Passed
[H]-322,2025-03-10T20:29:00.000-04:00,https://www.scstatehouse.gov/votehistory.php?KEY=25517,H.4025,"Appropriations Bill, 2025-2026",https://www.scstatehouse.gov/billsearch.php?billnumbers=4025&session=126&headerfooter=0,,,"Adopt Section 1, Part 1A",Yea,Passed
[H]-323,2025-03-10T20:31:00.000-04:00,https://www.scstatehouse.gov/votehistory.php?KEY=25518,H.4025,"Appropriations Bill, 2025-2026",https://www.scstatehouse.gov/billsearch.php?billnumbers=4025&session=126&headerfooter=0,,,"Adopt Section 29, Part 1A",Yea,Passed
[H]-324,2025-03-10T20:38:00.000-04:00,https://www.scstatehouse.gov/votehistory.php?KEY=25519,H.4025,"Appropriations Bill, 2025-2026",https://www.scstatehouse.gov/billsearch.php?billnumbers=4025&session=126&headerfooter=0,,,Table Motion to Reconsider,Nay,Failed
[H]-325,2025-03-10T20:40:00.000-04:00,https://www.scstatehouse.gov/votehistory.php?KEY=25520,H.4025,"Appropriations Bill, 2025-2026",https://www.scstatehouse.gov/billsearch.php?billnumbers=4025&session=126&headerfooter=0,95,https://scstatehouse.gov/amendments.php?KEY=33300,"Table Amendment 95, Section 33, Part 1A Amendment #95",Yea,Passed
[H]-326,2025-03-10T20:41:00.000-04:00,https://www.scstatehouse.gov/votehistory.php?KEY=25521,H.4025,"Appropriations Bill, 2025-2026",https://www.scstatehouse.gov/billsearch.php?billnumbers=4025&session=126&headerfooter=0,,,"Adopt Section 33, Part 1A",Yea,Passed
[H]-328,2025-03-11T10:39:00.000-04:00,https://www.scstatehouse.gov/votehistory.php?KEY=25529,H.4025,"Appropriations Bill, 2025-2026",https://www.scstatehouse.gov/billsearch.php?billnumbers=4025&session=126&headerfooter=0,11,https://scstatehouse.gov/amendments.php?KEY=33301,"Table Amendment 11, Section 48, Part 1A Amendment #11",Nay,Passed
[H]-329,2025-03-11T12:42:00.000-04:00,https://www.scstatehouse.gov/votehistory.php?KEY=25530,H.4025,"Appropriations Bill, 2025-2026",https://www.scstatehouse.gov/billsearch.php?billnumbers=4025&session=126&headerfooter=0,,,"Adopt Section 48, Part 1A",Nay,Passed
[H]-330,2025-03-11T14:30:00.000-04:00,https://www.scstatehouse.gov/votehistory.php?KEY=25531,H.4025,"Appropriations Bill, 2025-2026",https://www.scstatehouse.gov/billsearch.php?billnumbers=4025&session=126&headerfooter=0,12,https://scstatehouse.gov/amendments.php?KEY=33302,"Table Amendment 12, Section 49, Part 1A Amendment #12",Nay,Passed
[H]-331,2025-03-11T14:57:00.000-04:00,https://www.scstatehouse.gov/votehistory.php?KEY=25532,H.4025,"Appropriations Bill, 2025-2026",https://www.scstatehouse.gov/billsearch.php?billnumbers=4025&session=126&headerfooter=0,,,"Adopt Section 49, Part 1A",Yea,Passed
[H]-332,2025-03-11T15:19:00.000-04:00,https://www.scstatehouse.gov/votehistory.php?KEY=25533,H.4025,"Appropriations Bill, 2025-2026",https://www.scstatehouse.gov/billsearch.php?billnumbers=4025&session=126&headerfooter=0,3,https://scstatehouse.gov/amendments.php?KEY=33308,"Table Amendment 3, Section 50, Part 1A Amendment #3",Nay,Passed
[H]-333,2025-03-11T15:20:00.000-04:00,https://www.scstatehouse.gov/votehistory.php?KEY=25534,H.4025,"Appropriations Bill, 2025-2026",https://www.scstatehouse.gov/billsearch.php?billnumbers=4025&session=126&headerfooter=0,,,"Adopt Section 50, Part 1A",N/V,Passed
[H]-334,2025-03-11T15:35:00.000-04:00,https://www.scstatehouse.gov/votehistory.php?KEY=25535,H.4025,"Appropriations Bill, 2025-2026",https://www.scstatehouse.gov/billsearch.php?billnumbers=4025&session=126&headerfooter=0,113,https://scstatehouse.gov/amendments.php?KEY=33309,"Table Amendment 113, Section 70, Part 1A Amendment #113",N/V,Passed
[H]-335,2025-03-11T15:36:00.000-04:00,https://www.scstatehouse.gov/votehistory.php?KEY=25536,H.4025,"Appropriations Bill, 2025-2026",https://www.scstatehouse.gov/billsearch.php?billnumbers=4025&session=126&headerfooter=0,,,"Adopt Section 70, Part 1A",N/V,Passed
[H]-336,2025-03-11T15:38:00.000-04:00,https://www.scstatehouse.gov/votehistory.php?KEY=25537,H.4025,"Appropriations Bill, 2025-2026",https://www.scstatehouse.gov/billsearch.php?billnumbers=4025&session=126&headerfooter=0,,,"Adopt Section 71, Part 1A",Yea,Passed
[H]-337,2025-03-11T15:43:00.000-04:00,https://www.scstatehouse.gov/votehistory.php?KEY=25538,H.4025,"Appropriations Bill, 2025-2026",https://www.scstatehouse.gov/billsearch.php?billnumbers=4025&session=126&headerfooter=0,114,https://scstatehouse.gov/amendments.php?KEY=33311,"Table Amendment 114, Section 80, Part 1A Amendment #114",Nay,Passed
[H]-338,2025-03-11T15:45:00.000-04:00,https://www.scstatehouse.gov/votehistory.php?KEY=25539,H.4025,"Appropriations Bill, 2025-2026",https://www.scstatehouse.gov/billsearch.php?billnumbers=4025&session=126&headerfooter=0,,,"Adopt Section 80, Part 1A",Yea,Passed
[H]-339,2025-03-11T16:00:00.000-04:00,https://www.scstatehouse.gov/votehistory.php?KEY=25540,H.4025,"Appropriations Bill, 2025-2026",https://www.scstatehouse.gov/billsearch.php?billnumbers=4025&session=126&headerfooter=0,,,"Adopt Section 98, Part 1A",Yea,Passed
[H]-340,2025-03-11T16:40:00.000-04:00,https://www.scstatehouse.gov/votehistory.php?KEY=25541,H.4025,"Appropriations Bill, 2025-2026",https://www.scstatehouse.gov/billsearch.php?billnumbers=4025&session=126&headerfooter=0,,,"Adopt Section 1, Part 1B",Yea,Passed
[H]-341,2025-03-11T16:56:00.000-04:00,https://www.scstatehouse.gov/votehistory.php?KEY=25542,H.4025,"Appropriations Bill, 2025-2026",https://www.scstatehouse.gov/billsearch.php?billnumbers=4025&session=126&headerfooter=0,,,"Adopt Section 8, Part 1B",Yea,Passed
[H]-342,2025-03-11T17:06:00.000-04:00,https://www.scstatehouse.gov/votehistory.php?KEY=25543,H.4025,"Appropriations Bill, 2025-2026",https://www.scstatehouse.gov/billsearch.php?billnumbers=4025&session=126&headerfooter=0,,,"Adopt Section 11, Part 1B",N/V,Passed
[H]-343,2025-03-11T17:34:00.000-04:00,https://www.scstatehouse.gov/votehistory.php?KEY=25545,H.4025,"Appropriations Bill, 2025-2026",https://www.scstatehouse.gov/billsearch.php?billnumbers=4025&session=126&headerfooter=0,90,https://scstatehouse.gov/amendments.php?KEY=33325,"Table Amendment 90, Section 27, Part 1B Amendment #90",Nay,Passed
[H]-344,2025-03-11T17:41:00.000-04:00,https://www.scstatehouse.gov/votehistory.php?KEY=25546,H.4025,"Appropriations Bill, 2025-2026",https://www.scstatehouse.gov/billsearch.php?billnumbers=4025&session=126&headerfooter=0,,,"Adopt Section 27, Part 1B",N/V,Passed
[H]-345,2025-03-11T17:43:00.000-04:00,https://www.scstatehouse.gov/votehistory.php?KEY=25547,H.4025,"Appropriations Bill, 2025-2026",https://www.scstatehouse.gov/billsearch.php?billnumbers=4025&session=126&headerfooter=0,,,"Adopt Section 28, Part 1B",Nay,Passed
[H]-346,2025-03-11T17:46:00.000-04:00,https://www.scstatehouse.gov/votehistory.php?KEY=25548,H.4025,"Appropriations Bill, 2025-2026",https://www.scstatehouse.gov/billsearch.php?billnumbers=4025&session=126&headerfooter=0,,,"Adopt Section 30, Part 1B",Yea,Passed
[H]-347,2025-03-11T17:49:00.000-04:00,https://www.scstatehouse.gov/votehistory.php?KEY=25549,H.4025,"Appropriations Bill, 2025-2026",https://www.scstatehouse.gov/billsearch.php?billnumbers=4025&session=126&headerfooter=0,,,"Adopt Section 31, Part 1B",Yea,Passed
[H]-348,2025-03-11T18:00:00.000-04:00,https://www.scstatehouse.gov/votehistory.php?KEY=25550,H.4025,"Appropriations Bill, 2025-2026",https://www.scstatehouse.gov/billsearch.php?billnumbers=4025&session=126&headerfooter=0,,,"Adopt Section 33, Part 1B",Yea,Passed
[H]-349,2025-03-11T18:12:00.000-04:00,https://www.scstatehouse.gov/votehistory.php?KEY=25552,H.4025,"Appropriations Bill, 2025-2026",https://www.scstatehouse.gov/billsearch.php?billnumbers=4025&session=126&headerfooter=0,8,https://scstatehouse.gov/amendments.php?KEY=33333,"Table Amendment 8, Section 38, , Part 1B Amendment #8",Nay,Passed
[H]-350,2025-03-11T18:14:00.000-04:00,https://www.scstatehouse.gov/votehistory.php?KEY=25553,H.4025,"Appropriations Bill, 2025-2026",https://www.scstatehouse.gov/billsearch.php?billnumbers=4025&session=126&headerfooter=0,,,"Adopt Section 38, Part 1B",Yea,Passed
[H]-351,2025-03-11T18:15:00.000-04:00,https://www.scstatehouse.gov/votehistory.php?KEY=25554,H.4025,"Appropriations Bill, 2025-2026",https://www.scstatehouse.gov/billsearch.php?billnumbers=4025&session=126&headerfooter=0,,,"Adopt Section 44, Part 1B",Yea,Passed
[H]-352,2025-03-11T18:16:00.000-04:00,https://www.scstatehouse.gov/votehistory.php?KEY=25555,H.4025,"Appropriations Bill, 2025-2026",https://www.scstatehouse.gov/billsearch.php?billnumbers=4025&session=126&headerfooter=0,,,"Adopt Section 48, Part 1B",Yea,Passed
[H]-353,2025-03-11T18:21:00.000-04:00,https://www.scstatehouse.gov/votehistory.php?KEY=25556,H.4025,"Appropriations Bill, 2025-2026",https://www.scstatehouse.gov/billsearch.php?billnumbers=4025&session=126&headerfooter=0,,,"Adopt Section 49, Part 1B",Yea,Passed
[H]-354,2025-03-11T18:53:00.000-04:00,https://www.scstatehouse.gov/votehistory.php?KEY=25557,H.4025,"Appropriations Bill, 2025-2026",https://www.scstatehouse.gov/billsearch.php?billnumbers=4025&session=126&headerfooter=0,50,https://scstatehouse.gov/amendments.php?KEY=33338,"Table Amendment 49, Section 50, Part 1B Amendment #50",Nay,Passed
[H]-355,2025-03-11T19:43:00.000-04:00,https://www.scstatehouse.gov/votehistory.php?KEY=25558,H.4025,"Appropriations Bill, 2025-2026",https://www.scstatehouse.gov/billsearch.php?billnumbers=4025&session=126&headerfooter=0,,,"Adopt Section 50, Part 1B",Yea,Passed
[H]-356,2025-03-11T19:46:00.000-04:00,https://www.scstatehouse.gov/votehistory.php?KEY=25559,H.4025,"Appropriations Bill, 2025-2026",https://www.scstatehouse.gov/billsearch.php?billnumbers=4025&session=126&headerfooter=0,,,"Adopt Section 55, Part 1B",Yea,Passed
[H]-357,2025-03-11T20:16:00.000-04:00,https://www.scstatehouse.gov/votehistory.php?KEY=25560,H.4025,"Appropriations Bill, 2025-2026",https://www.scstatehouse.gov/billsearch.php?billnumbers=4025&session=126&headerfooter=0,81,https://scstatehouse.gov/amendments.php?KEY=33344,"Table Amendment 81, Section 57, Part 1B Amendment #81",Nay,Passed
[H]-358,2025-03-11T20:17:00.000-04:00,https://www.scstatehouse.gov/votehistory.php?KEY=25561,H.4025,"Appropriations Bill, 2025-2026",https://www.scstatehouse.gov/billsearch.php?billnumbers=4025&session=126&headerfooter=0,,,"Adopt Section 57, Part 1B",Yea,Passed
[H]-359,2025-03-11T20:20:00.000-04:00,https://www.scstatehouse.gov/votehistory.php?KEY=25562,H.4025,"Appropriations Bill, 2025-2026",https://www.scstatehouse.gov/billsearch.php?billnumbers=4025&session=126&headerfooter=0,144,https://scstatehouse.gov/amendments.php?KEY=33345,"Table Amendment 144, Section 80, Part 1B Amendment #144",Yea,Passed
[H]-360,2025-03-11T20:21:00.000-04:00,https://www.scstatehouse.gov/votehistory.php?KEY=25563,H.4025,"Appropriations Bill, 2025-2026",https://www.scstatehouse.gov/billsearch.php?billnumbers=4025&session=126&headerfooter=0,,,"Adopt Section 60, Part 1B",Yea,Passed
[H]-361,2025-03-11T20:22:00.000-04:00,https://www.scstatehouse.gov/votehistory.php?KEY=25564,H.4025,"Appropriations Bill, 2025-2026",https://www.scstatehouse.gov/billsearch.php?billnumbers=4025&session=126&headerfooter=0,,,"Adopt Section 65, Part 1B",Yea,Passed
[H]-362,2025-03-11T20:23:00.000-04:00,https://www.scstatehouse.gov/votehistory.php?KEY=25565,H.4025,"Appropriations Bill, 2025-2026",https://www.scstatehouse.gov/billsearch.php?billnumbers=4025&session=126&headerfooter=0,,,"Adopt Section 70, Part 1B",Yea,Passed
[H]-363,2025-03-11T20:25:00.000-04:00,https://www.scstatehouse.gov/votehistory.php?KEY=25566,H.4025,"Appropriations Bill, 2025-2026",https://www.scstatehouse.gov/billsearch.php?billnumbers=4025&session=126&headerfooter=0,,,"Adopt Section 71, Part 1B",N/V,Passed
[H]-365,2025-03-11T20:29:00.000-04:00,https://www.scstatehouse.gov/votehistory.php?KEY=25568,H.4025,"Appropriations Bill, 2025-2026",https://www.scstatehouse.gov/billsearch.php?billnumbers=4025&session=126&headerfooter=0,,,"Adopt Section 80, Part 1B",Yea,Passed
[H]-364,2025-03-11T20:29:00.000-04:00,https://www.scstatehouse.gov/votehistory.php?KEY=25567,H.4025,"Appropriations Bill, 2025-2026",https://www.scstatehouse.gov/billsearch.php?billnumbers=4025&session=126&headerfooter=0,,,"Adopt Section 78, Part 1B",Yea,Passed
[H]-366,2025-03-11T20:31:00.000-04:00,https://www.scstatehouse.gov/votehistory.php?KEY=25569,H.4025,"Appropriations Bill, 2025-2026",https://www.scstatehouse.gov/billsearch.php?billnumbers=4025&session=126&headerfooter=0,,,"Adopt Section 84, Part 1B",Yea,Passed
[H]-368,2025-03-11T20:51:00.000-04:00,https://www.scstatehouse.gov/votehistory.php?KEY=25571,H.4025,"Appropriations Bill, 2025-2026",https://www.scstatehouse.gov/billsearch.php?billnumbers=4025&session=126&headerfooter=0,,,"Adopt Section 91, Part 1B",Yea,Passed
[H]-369,2025-03-11T21:01:00.000-04:00,https://www.scstatehouse.gov/votehistory.php?KEY=25572,H.4025,"Appropriations Bill, 2025-2026",https://www.scstatehouse.gov/billsearch.php?billnumbers=4025&session=126&headerfooter=0,,,"Adopt Section 102, Part 1B",Yea,Passed
[H]-370,2025-03-11T21:07:00.000-04:00,https://www.scstatehouse.gov/votehistory.php?KEY=25573,H.4025,"Appropriations Bill, 2025-2026",https://www.scstatehouse.gov/billsearch.php?billnumbers=4025&session=126&headerfooter=0,,,"Adopt Section 108, Part 1B",Yea,Passed
[H]-371,2025-03-11T21:08:00.000-04:00,https://www.scstatehouse.gov/votehistory.php?KEY=25574,H.4025,"Appropriations Bill, 2025-2026",https://www.scstatehouse.gov/billsearch.php?billnumbers=4025&session=126&headerfooter=0,,,"Adopt Section 109, Part 1B",Yea,Passed
[H]-372,2025-03-11T21:24:00.000-04:00,https://www.scstatehouse.gov/votehistory.php?KEY=25575,H.4025,"Appropriations Bill, 2025-2026",https://www.scstatehouse.gov/billsearch.php?billnumbers=4025&session=126&headerfooter=0,,,"Table Amendment 146, Section 117, Part 1B",Nay,Passed
[H]-373,2025-03-11T21:47:00.000-04:00,https://www.scstatehouse.gov/votehistory.php?KEY=25576,H.4025,"Appropriations Bill, 2025-2026",https://www.scstatehouse.gov/billsearch.php?billnumbers=4025&session=126&headerfooter=0,54,https://scstatehouse.gov/amendments.php?KEY=33355,"Table Amendment 54, Section 117, Part 1B Amendment #54",Nay,Passed
[H]-367,2025-03-11T22:03:00.000-04:00,https://www.scstatehouse.gov/votehistory.php?KEY=25570,H.4025,"Appropriations Bill, 2025-2026",https://www.scstatehouse.gov/billsearch.php?billnumbers=4025&session=126&headerfooter=0,Amendment number 145sub,https://scstatehouse.gov/amendments.php?KEY=33348,"Adopt Amendment 145, Section 91, Part 1B Amendment #145sub",Nay,Passed
[H]-374,2025-03-11T22:13:00.000-04:00,https://www.scstatehouse.gov/votehistory.php?KEY=25577,H.4025,"Appropriations Bill, 2025-2026",https://www.scstatehouse.gov/billsearch.php?billnumbers=4025&session=126&headerfooter=0,70,https://scstatehouse.gov/amendments.php?KEY=33357,"Table Amendment 70, Section 117, Part 1B Amendment #70",Yea,Passed
[H]-375,2025-03-11T22:50:00.000-04:00,https://www.scstatehouse.gov/votehistory.php?KEY=25578,H.4025,"Appropriations Bill, 2025-2026",https://www.scstatehouse.gov/billsearch.php?billnumbers=4025&session=126&headerfooter=0,109,https://scstatehouse.gov/amendments.php?KEY=33362,"Table Amendment 109, Section 117, Part 1B Amendment #109",Yea,Passed
[H]-376,2025-03-11T23:14:00.000-04:00,https://www.scstatehouse.gov/votehistory.php?KEY=25580,H.4025,"Appropriations Bill, 2025-2026",https://www.scstatehouse.gov/billsearch.php?billnumbers=4025&session=126&headerfooter=0,,,"Adopt Section 117, Part 1B",Yea,Passed
[H]-377,2025-03-11T23:24:00.000-04:00,https://www.scstatehouse.gov/votehistory.php?KEY=25581,H.4025,"Appropriations Bill, 2025-2026",https://www.scstatehouse.gov/billsearch.php?billnumbers=4025&session=126&headerfooter=0,83,https://scstatehouse.gov/amendments.php?KEY=33365,"Table Amendment 83, Section 118, Part 1B Amendment #83",Nay,Passed
[H]-378,2025-03-11T23:27:00.000-04:00,https://www.scstatehouse.gov/votehistory.php?KEY=25582,H.4025,"Appropriations Bill, 2025-2026",https://www.scstatehouse.gov/billsearch.php?billnumbers=4025&session=126&headerfooter=0,,,"Adopt Section 118, Part 1B",N/V,Passed
[H]-379,2025-03-11T23:35:00.000-04:00,https://www.scstatehouse.gov/votehistory.php?KEY=25583,H.4025,"Appropriations Bill, 2025-2026",https://www.scstatehouse.gov/billsearch.php?billnumbers=4025&session=126&headerfooter=0,,,Passage of Bill,N/V,Passed
[H]-380,2025-03-11T23:38:00.000-04:00,https://www.scstatehouse.gov/votehistory.php?KEY=25584,H.4026,Capital Reserve Fund,https://www.scstatehouse.gov/billsearch.php?billnumbers=4026&session=126&headerfooter=0,,,Passage of Joint Resolution,Yea,Passed
[H]-381,2025-03-11T23:46:00.000-04:00,https://www.scstatehouse.gov/votehistory.php?KEY=25585,H.4025,"Appropriations Bill, 2025-2026",https://www.scstatehouse.gov/billsearch.php?billnumbers=4025&session=126&headerfooter=0,,,"Adopt Section 87, Part 1B",Yea,Passed
[H]-384,2025-03-25T12:44:00.000-04:00,https://www.scstatehouse.gov/votehistory.php?KEY=25648, ,F. Xavier Starkes- State Ethics Commission,https://www.scstatehouse.gov/billsearch.php?billnumbers=undefined&session=126&headerfooter=0,,,,Yea,Passed
[H]-385,2025-03-25T12:53:00.000-04:00,https://www.scstatehouse.gov/votehistory.php?KEY=25651, ,M. Anderson Griffith - Aiken County M-I-E,https://www.scstatehouse.gov/billsearch.php?billnumbers=undefined&session=126&headerfooter=0,,,,Yea,Passed
[H]-386,2025-03-25T12:54:00.000-04:00,https://www.scstatehouse.gov/votehistory.php?KEY=25652,H.4014,Charleston County School District,https://www.scstatehouse.gov/billsearch.php?billnumbers=4014&session=126&headerfooter=0,,,Passage of Bill,Yea,Passed
[H]-387,2025-03-25T13:01:00.000-04:00,https://www.scstatehouse.gov/votehistory.php?KEY=25653,H.3305,SC Public Expression Protection Act,https://www.scstatehouse.gov/billsearch.php?billnumbers=3305&session=126&headerfooter=0,,,Passage of Bill,Yea,Passed
[H]-388,2025-03-25T13:06:00.000-04:00,https://www.scstatehouse.gov/votehistory.php?KEY=25654,H.3842,Medical authorization of handicap placards,https://www.scstatehouse.gov/billsearch.php?billnumbers=3842&session=126&headerfooter=0,,,Passage of Bill,Yea,Passed
[H]-389,2025-03-25T13:08:00.000-04:00,https://www.scstatehouse.gov/votehistory.php?KEY=25655,H.4067,Hospital Emergency Departments,https://www.scstatehouse.gov/billsearch.php?billnumbers=4067&session=126&headerfooter=0,,,Passage of Bill,Yea,Passed
[H]-390,2025-03-25T13:12:00.000-04:00,https://www.scstatehouse.gov/votehistory.php?KEY=25656,H.4069,Patient-Friendly Billing,https://www.scstatehouse.gov/billsearch.php?billnumbers=4069&session=126&headerfooter=0,,,Passage of Bill,Yea,Passed
[H]-391,2025-03-25T13:15:00.000-04:00,https://www.scstatehouse.gov/votehistory.php?KEY=25657,H.3927,"Diversity, Equity, and Inclusion",https://www.scstatehouse.gov/billsearch.php?billnumbers=3927&session=126&headerfooter=0,,,Waive Rule 5.15 Printing,Yea,Passed
[H]-392,2025-03-25T13:26:00.000-04:00,https://www.scstatehouse.gov/votehistory.php?KEY=25658,H.3247,Excused school absences,https://www.scstatehouse.gov/billsearch.php?billnumbers=3247&session=126&headerfooter=0,,,Concur in Senate Amendments,Yea,Passed
[H]-396,2025-03-26T11:41:00.000-04:00,https://www.scstatehouse.gov/votehistory.php?KEY=25660,H.3927,"Diversity, Equity, and Inclusion",https://www.scstatehouse.gov/billsearch.php?billnumbers=3927&session=126&headerfooter=0,,,Motion to Continue,Nay,Failed
[H]-397,2025-03-26T11:43:00.000-04:00,https://www.scstatehouse.gov/votehistory.php?KEY=25661,H.3927,"Diversity, Equity, and Inclusion",https://www.scstatehouse.gov/billsearch.php?billnumbers=3927&session=126&headerfooter=0,,,Table Motion to Recommit,Yea,Passed
[H]-398,2025-03-26T11:46:00.000-04:00,https://www.scstatehouse.gov/votehistory.php?KEY=25662,H.3927,"Diversity, Equity, and Inclusion",https://www.scstatehouse.gov/billsearch.php?billnumbers=3927&session=126&headerfooter=0,,,Adjourn For The Day,Nay,Failed
[H]-399,2025-03-26T11:49:00.000-04:00,https://www.scstatehouse.gov/votehistory.php?KEY=25663,H.3927,"Diversity, Equity, and Inclusion",https://www.scstatehouse.gov/billsearch.php?billnumbers=3927&session=126&headerfooter=0,,,Motion to Recede,Nay,Failed
[H]-400,2025-03-26T12:13:00.000-04:00,https://www.scstatehouse.gov/votehistory.php?KEY=25667,H.3927,"Diversity, Equity, and Inclusion",https://www.scstatehouse.gov/billsearch.php?billnumbers=3927&session=126&headerfooter=0,,,Motion to Recede,Yea,Passed
[H]-401,2025-03-26T15:11:00.000-04:00,https://www.scstatehouse.gov/votehistory.php?KEY=25669,H.3556,Political parties and primaries,https://www.scstatehouse.gov/billsearch.php?billnumbers=3556&session=126&headerfooter=0,,,Passage of Bill,Yea,Passed
[H]-402,2025-03-26T15:17:00.000-04:00,https://www.scstatehouse.gov/votehistory.php?KEY=25670,H.3557,Candidate filing,https://www.scstatehouse.gov/billsearch.php?billnumbers=3557&session=126&headerfooter=0,2,https://scstatehouse.gov/amendments.php?KEY=33398,Table Amendment 2 Amendment #2,Nay,Passed
[H]-403,2025-03-26T15:20:00.000-04:00,https://www.scstatehouse.gov/votehistory.php?KEY=25671,H.3557,Candidate filing,https://www.scstatehouse.gov/billsearch.php?billnumbers=3557&session=126&headerfooter=0,,,Passage of Bill,Nay,Passed
[H]-405,2025-03-27T11:18:00.000-04:00,https://www.scstatehouse.gov/votehistory.php?KEY=25680,H.3731,Special purpose district property conveyance powers,https://www.scstatehouse.gov/billsearch.php?billnumbers=3731&session=126&headerfooter=0,,,Passage of Bill,Yea,Passed
[H]-406,2025-03-27T11:25:00.000-04:00,https://www.scstatehouse.gov/votehistory.php?KEY=25681,H.3276,SC Hands-Free Act,https://www.scstatehouse.gov/billsearch.php?billnumbers=3276&session=126&headerfooter=0,,,Table Motion to Adjourn Debate,N/V,Passed
[H]-407,2025-03-27T11:27:00.000-04:00,https://www.scstatehouse.gov/votehistory.php?KEY=25682,H.3276,SC Hands-Free Act,https://www.scstatehouse.gov/billsearch.php?billnumbers=3276&session=126&headerfooter=0,1,https://scstatehouse.gov/amendments.php?KEY=33392,Adopt Amendment 1 Amendment #1,N/V,Passed
[H]-409,2025-04-01T12:58:00.000-04:00,https://www.scstatehouse.gov/votehistory.php?KEY=25702, ,Thomas Rhodes - SC DOT,https://www.scstatehouse.gov/billsearch.php?billnumbers=undefined&session=126&headerfooter=0,,,,Yea,Passed
[H]-410,2025-04-01T13:00:00.000-04:00,https://www.scstatehouse.gov/votehistory.php?KEY=25703,H.3524,"Department of Crime Victim Services Training, Provider Certification, and Statistical Analysis",https://www.scstatehouse.gov/billsearch.php?billnumbers=3524&session=126&headerfooter=0,,,Passage of Bill,Yea,Passed
[H]-411,2025-04-01T13:04:00.000-04:00,https://www.scstatehouse.gov/votehistory.php?KEY=25704,H.3525,Victims' Services and Compensation,https://www.scstatehouse.gov/billsearch.php?billnumbers=3525&session=126&headerfooter=0,,,Passage of Bill,Yea,Passed
[H]-412,2025-04-01T13:07:00.000-04:00,https://www.scstatehouse.gov/votehistory.php?KEY=25705,H.4261,Blood Cancer Awareness Month,https://www.scstatehouse.gov/billsearch.php?billnumbers=4261&session=126&headerfooter=0,,,Passage of Bill,Yea,Passed
[H]-413,2025-04-01T14:05:00.000-04:00,https://www.scstatehouse.gov/votehistory.php?KEY=25706,H.3046,"Sexual Exploitation of a Minor, morphed images",https://www.scstatehouse.gov/billsearch.php?billnumbers=3046&session=126&headerfooter=0,,,Passage of Bill,Yea,Passed
[H]-416,2025-04-02T14:23:00.000-04:00,https://www.scstatehouse.gov/votehistory.php?KEY=25715,H.3927,"Diversity, Equity, and Inclusion",https://www.scstatehouse.gov/billsearch.php?billnumbers=3927&session=126&headerfooter=0,,,Invoke the Previous Question (Cloture),Yea,Passed
[H]-417,2025-04-02T14:34:00.000-04:00,https://www.scstatehouse.gov/votehistory.php?KEY=25716,H.3927,"Diversity, Equity, and Inclusion",https://www.scstatehouse.gov/billsearch.php?billnumbers=3927&session=126&headerfooter=0,4,https://scstatehouse.gov/amendments.php?KEY=33435,Table Amendment 4 Amendment #4,Yea,Passed
[H]-418,2025-04-02T14:41:00.000-04:00,https://www.scstatehouse.gov/votehistory.php?KEY=25717,H.3927,"Diversity, Equity, and Inclusion",https://www.scstatehouse.gov/billsearch.php?billnumbers=3927&session=126&headerfooter=0,5,https://scstatehouse.gov/amendments.php?KEY=33436,Table Amendment 5 Amendment #5,Yea,Passed
[H]-419,2025-04-02T14:48:00.000-04:00,https://www.scstatehouse.gov/votehistory.php?KEY=25718,H.3927,"Diversity, Equity, and Inclusion",https://www.scstatehouse.gov/billsearch.php?billnumbers=3927&session=126&headerfooter=0,6,https://scstatehouse.gov/amendments.php?KEY=33439,Table Amendment 6 Amendment #6,N/V,Passed
[H]-420,2025-04-02T14:58:00.000-04:00,https://www.scstatehouse.gov/votehistory.php?KEY=25719,H.3927,"Diversity, Equity, and Inclusion",https://www.scstatehouse.gov/billsearch.php?billnumbers=3927&session=126&headerfooter=0,10,https://scstatehouse.gov/amendments.php?KEY=33445,Table Amendment 10 Amendment #10,Yea,Passed
[H]-421,2025-04-02T15:03:00.000-04:00,https://www.scstatehouse.gov/votehistory.php?KEY=25720,H.3927,"Diversity, Equity, and Inclusion",https://www.scstatehouse.gov/billsearch.php?billnumbers=3927&session=126&headerfooter=0,11,https://scstatehouse.gov/amendments.php?KEY=33446,Table Amendment 11 Amendment #11,Yea,Passed
[H]-422,2025-04-02T15:12:00.000-04:00,https://www.scstatehouse.gov/votehistory.php?KEY=25721,H.3927,"Diversity, Equity, and Inclusion",https://www.scstatehouse.gov/billsearch.php?billnumbers=3927&session=126&headerfooter=0,12,https://scstatehouse.gov/amendments.php?KEY=33447,Table Amendment 12 Amendment #12,Yea,Passed
[H]-423,2025-04-02T15:18:00.000-04:00,https://www.scstatehouse.gov/votehistory.php?KEY=25722,H.3927,"Diversity, Equity, and Inclusion",https://www.scstatehouse.gov/billsearch.php?billnumbers=3927&session=126&headerfooter=0,13,https://scstatehouse.gov/amendments.php?KEY=33448,Table Amendment 13 Amendment #13,Yea,Passed
[H]-424,2025-04-02T15:23:00.000-04:00,https://www.scstatehouse.gov/votehistory.php?KEY=25723,H.3927,"Diversity, Equity, and Inclusion",https://www.scstatehouse.gov/billsearch.php?billnumbers=3927&session=126&headerfooter=0,Amendment number 14sub,https://scstatehouse.gov/amendments.php?KEY=33450,Table Amendment 14 Amendment #14sub,Yea,Passed
[H]-425,2025-04-02T15:27:00.000-04:00,https://www.scstatehouse.gov/votehistory.php?KEY=25724,H.3927,"Diversity, Equity, and Inclusion",https://www.scstatehouse.gov/billsearch.php?billnumbers=3927&session=126&headerfooter=0,17,https://scstatehouse.gov/amendments.php?KEY=33452,Table Amendment 17 Amendment #17,Yea,Passed
[H]-426,2025-04-02T15:37:00.000-04:00,https://www.scstatehouse.gov/votehistory.php?KEY=25725,H.3927,"Diversity, Equity, and Inclusion",https://www.scstatehouse.gov/billsearch.php?billnumbers=3927&session=126&headerfooter=0,20,https://scstatehouse.gov/amendments.php?KEY=33455,Table Amendment 20 Amendment #20,N/V,Passed
[H]-427,2025-04-02T15:42:00.000-04:00,https://www.scstatehouse.gov/votehistory.php?KEY=25726,H.3927,"Diversity, Equity, and Inclusion",https://www.scstatehouse.gov/billsearch.php?billnumbers=3927&session=126&headerfooter=0,21,https://scstatehouse.gov/amendments.php?KEY=33456,Table Amendment 21 Amendment #21,Yea,Passed
[H]-428,2025-04-02T15:47:00.000-04:00,https://www.scstatehouse.gov/votehistory.php?KEY=25727,H.3927,"Diversity, Equity, and Inclusion",https://www.scstatehouse.gov/billsearch.php?billnumbers=3927&session=126&headerfooter=0,22,https://scstatehouse.gov/amendments.php?KEY=33457,Table Amendment 22 Amendment #22,Yea,Passed
[H]-429,2025-04-02T15:53:00.000-04:00,https://www.scstatehouse.gov/votehistory.php?KEY=25728,H.3927,"Diversity, Equity, and Inclusion",https://www.scstatehouse.gov/billsearch.php?billnumbers=3927&session=126&headerfooter=0,Amendment number 23sub,https://scstatehouse.gov/amendments.php?KEY=33458,Table Amendment 23 Amendment #23sub,Yea,Passed
[H]-430,2025-04-02T16:01:00.000-04:00,https://www.scstatehouse.gov/votehistory.php?KEY=25729,H.3927,"Diversity, Equity, and Inclusion",https://www.scstatehouse.gov/billsearch.php?billnumbers=3927&session=126&headerfooter=0,Amendment number 7sub,https://scstatehouse.gov/amendments.php?KEY=33442,Table Amendment 7 Amendment #7sub,Yea,Passed
[H]-431,2025-04-02T16:06:00.000-04:00,https://www.scstatehouse.gov/votehistory.php?KEY=25730,H.3927,"Diversity, Equity, and Inclusion",https://www.scstatehouse.gov/billsearch.php?billnumbers=3927&session=126&headerfooter=0,8,https://scstatehouse.gov/amendments.php?KEY=33443,Table Amendment 8 Amendment #8,Yea,Passed
[H]-432,2025-04-02T16:11:00.000-04:00,https://www.scstatehouse.gov/votehistory.php?KEY=25731,H.3927,"Diversity, Equity, and Inclusion",https://www.scstatehouse.gov/billsearch.php?billnumbers=3927&session=126&headerfooter=0,9,https://scstatehouse.gov/amendments.php?KEY=33444,Table Amendment 9 Amendment #9,Yea,Passed
[H]-433,2025-04-02T16:16:00.000-04:00,https://www.scstatehouse.gov/votehistory.php?KEY=25732,H.3927,"Diversity, Equity, and Inclusion",https://www.scstatehouse.gov/billsearch.php?billnumbers=3927&session=126&headerfooter=0,15,https://scstatehouse.gov/amendments.php?KEY=33451,Table Amendment 15 Amendment #15,Yea,Passed
[H]-434,2025-04-02T16:20:00.000-04:00,https://www.scstatehouse.gov/votehistory.php?KEY=25733,H.3927,"Diversity, Equity, and Inclusion",https://www.scstatehouse.gov/billsearch.php?billnumbers=3927&session=126&headerfooter=0,16,https://scstatehouse.gov/amendments.php?KEY=33461,Table Amendment 16 Amendment #16,Yea,Passed
[H]-435,2025-04-02T16:26:00.000-04:00,https://www.scstatehouse.gov/votehistory.php?KEY=25734,H.3927,"Diversity, Equity, and Inclusion",https://www.scstatehouse.gov/billsearch.php?billnumbers=3927&session=126&headerfooter=0,25,https://scstatehouse.gov/amendments.php?KEY=33463,Table Amendment 25 Amendment #25,Yea,Passed
[H]-436,2025-04-02T16:31:00.000-04:00,https://www.scstatehouse.gov/votehistory.php?KEY=25735,H.3927,"Diversity, Equity, and Inclusion",https://www.scstatehouse.gov/billsearch.php?billnumbers=3927&session=126&headerfooter=0,26,https://scstatehouse.gov/amendments.php?KEY=33459,Table Amendment 26 Amendment #26,Yea,Passed
[H]-437,2025-04-02T16:37:00.000-04:00,https://www.scstatehouse.gov/votehistory.php?KEY=25736,H.3927,"Diversity, Equity, and Inclusion",https://www.scstatehouse.gov/billsearch.php?billnumbers=3927&session=126&headerfooter=0,27,https://scstatehouse.gov/amendments.php?KEY=33464,Table Amendment 27 Amendment #27,Yea,Passed
[H]-438,2025-04-02T16:45:00.000-04:00,https://www.scstatehouse.gov/votehistory.php?KEY=25737,H.3927,"Diversity, Equity, and Inclusion",https://www.scstatehouse.gov/billsearch.php?billnumbers=3927&session=126&headerfooter=0,24,https://scstatehouse.gov/amendments.php?KEY=33462,Table Amendment 24 Amendment #24,Nay,Failed
[H]-439,2025-04-02T16:47:00.000-04:00,https://www.scstatehouse.gov/votehistory.php?KEY=25738,H.3927,"Diversity, Equity, and Inclusion",https://www.scstatehouse.gov/billsearch.php?billnumbers=3927&session=126&headerfooter=0,24,https://scstatehouse.gov/amendments.php?KEY=33462,Adopt Amendment 24 Amendment #24,Yea,Passed
[H]-440,2025-04-02T17:38:00.000-04:00,https://www.scstatehouse.gov/votehistory.php?KEY=25739,H.3927,"Diversity, Equity, and Inclusion",https://www.scstatehouse.gov/billsearch.php?billnumbers=3927&session=126&headerfooter=0,,,Table Motion to Recommit Bill,Yea,Failed
[H]-441,2025-04-02T18:31:00.000-04:00,https://www.scstatehouse.gov/votehistory.php?KEY=25740,H.3927,"Diversity, Equity, and Inclusion",https://www.scstatehouse.gov/billsearch.php?billnumbers=3927&session=126&headerfooter=0,,,Passage of Bill,Yea,Passed
[H]-442,2025-04-02T18:37:00.000-04:00,https://www.scstatehouse.gov/votehistory.php?KEY=25741,H.3045,Obscene visual representations of child sexual abuse,https://www.scstatehouse.gov/billsearch.php?billnumbers=3045&session=126&headerfooter=0,,,Adjourn For The Day,N/V,Failed
[H]-443,2025-04-02T19:10:00.000-04:00,https://www.scstatehouse.gov/votehistory.php?KEY=25742,H.3045,Obscene visual representations of child sexual abuse,https://www.scstatehouse.gov/billsearch.php?billnumbers=3045&session=126&headerfooter=0,,,Recommit,Nay,Failed
[H]-444,2025-04-02T19:12:00.000-04:00,https://www.scstatehouse.gov/votehistory.php?KEY=25743,H.3045,Obscene visual representations of child sexual abuse,https://www.scstatehouse.gov/billsearch.php?billnumbers=3045&session=126&headerfooter=0,,,Adjourn For The Day,Nay,Failed
[H]-445,2025-04-02T19:14:00.000-04:00,https://www.scstatehouse.gov/votehistory.php?KEY=25744,H.3045,Obscene visual representations of child sexual abuse,https://www.scstatehouse.gov/billsearch.php?billnumbers=3045&session=126&headerfooter=0,,,Recede for the day,Nay,Failed
[H]-446,2025-04-02T19:32:00.000-04:00,https://www.scstatehouse.gov/votehistory.php?KEY=25745,H.3045,Obscene visual representations of child sexual abuse,https://www.scstatehouse.gov/billsearch.php?billnumbers=3045&session=126&headerfooter=0,,,Recede until 8:00 p.m.,Nay,Failed
[H]-447,2025-04-02T20:14:00.000-04:00,https://www.scstatehouse.gov/votehistory.php?KEY=25747,H.3045,Obscene visual representations of child sexual abuse,https://www.scstatehouse.gov/billsearch.php?billnumbers=3045&session=126&headerfooter=0,,,Passage of Bill,Yea,Passed
[H]-449,2025-04-03T11:05:00.000-04:00,https://www.scstatehouse.gov/votehistory.php?KEY=25761,H.4011,Department of Motor Vehicles,https://www.scstatehouse.gov/billsearch.php?billnumbers=4011&session=126&headerfooter=0,,,Passage of Bill,N/V,Passed
[H]-450,2025-04-03T11:18:00.000-04:00,https://www.scstatehouse.gov/votehistory.php?KEY=25762,H.3045,Obscene visual representations of child sexual abuse,https://www.scstatehouse.gov/billsearch.php?billnumbers=3045&session=126&headerfooter=0,,,Passage of Bill,Yea,Passed
[H]-451,2025-04-03T11:48:00.000-04:00,https://www.scstatehouse.gov/votehistory.php?KEY=25763,H.3387,Unlawful occupants of property,https://www.scstatehouse.gov/billsearch.php?billnumbers=3387&session=126&headerfooter=0,,,Passage of Bill,Yea,Passed
[H]-453,2025-04-08T12:32:00.000-04:00,https://www.scstatehouse.gov/votehistory.php?KEY=25766,S.384,Blue Ridge Community,https://www.scstatehouse.gov/billsearch.php?billnumbers=384&session=126&headerfooter=0,,,Passage of Bill,Yea,Passed
[H]-454,2025-04-08T12:36:00.000-04:00,https://www.scstatehouse.gov/votehistory.php?KEY=25767,H.3856,Department of Motor Vehicles,https://www.scstatehouse.gov/billsearch.php?billnumbers=3856&session=126&headerfooter=0,,,Passage of Bill,Yea,Passed
[H]-455,2025-04-08T12:40:00.000-04:00,https://www.scstatehouse.gov/votehistory.php?KEY=25768,H.3768,Highway system construction,https://www.scstatehouse.gov/billsearch.php?billnumbers=3768&session=126&headerfooter=0,,,Passage of Bill,Yea,Passed
[H]-456,2025-04-08T12:44:00.000-04:00,https://www.scstatehouse.gov/votehistory.php?KEY=25769,H.3801,Procurement,https://www.scstatehouse.gov/billsearch.php?billnumbers=3801&session=126&headerfooter=0,,,Passage of Bill,Yea,Passed
[H]-457,2025-04-08T12:47:00.000-04:00,https://www.scstatehouse.gov/votehistory.php?KEY=25770,H.3863,South Carolina STEM Opportunity Act,https://www.scstatehouse.gov/billsearch.php?billnumbers=3863&session=126&headerfooter=0,,,Passage of Bill,Yea,Passed
[H]-458,2025-04-08T12:50:00.000-04:00,https://www.scstatehouse.gov/votehistory.php?KEY=25771,H.3578,Cursive writing coursework,https://www.scstatehouse.gov/billsearch.php?billnumbers=3578&session=126&headerfooter=0,,,Passage of Bill,Yea,Passed
[H]-459,2025-04-08T12:53:00.000-04:00,https://www.scstatehouse.gov/votehistory.php?KEY=25772,H.3831,Smart Heart Act,https://www.scstatehouse.gov/billsearch.php?billnumbers=3831&session=126&headerfooter=0,,,Passage of Bill,Yea,Passed
[H]-460,2025-04-08T12:55:00.000-04:00,https://www.scstatehouse.gov/votehistory.php?KEY=25773,H.3285,Continuing law enforcement education credits and EMS training,https://www.scstatehouse.gov/billsearch.php?billnumbers=3285&session=126&headerfooter=0,,,Passage of Bill,Yea,Passed
[H]-461,2025-04-08T13:24:00.000-04:00,https://www.scstatehouse.gov/votehistory.php?KEY=25774,H.3569,Domestic violence in rental properties,https://www.scstatehouse.gov/billsearch.php?billnumbers=3569&session=126&headerfooter=0,,,Passage of Bill,Yea,Passed
[H]-462,2025-04-08T13:42:00.000-04:00,https://www.scstatehouse.gov/votehistory.php?KEY=25775,H.4160,"Judicial seats, circuit court",https://www.scstatehouse.gov/billsearch.php?billnumbers=4160&session=126&headerfooter=0,,,Passage of Bill,Yea,Passed
[H]-463,2025-04-08T13:47:00.000-04:00,https://www.scstatehouse.gov/votehistory.php?KEY=25776,S.291,Continuing Resolution,https://www.scstatehouse.gov/billsearch.php?billnumbers=291&session=126&headerfooter=0,,,Passage of Joint Resolution,Yea,Passed
[H]-464,2025-04-08T13:52:00.000-04:00,https://www.scstatehouse.gov/votehistory.php?KEY=25777,H.3841,Property tax,https://www.scstatehouse.gov/billsearch.php?billnumbers=3841&session=126&headerfooter=0,,,Passage of Bill,Yea,Passed
[H]-465,2025-04-08T13:55:00.000-04:00,https://www.scstatehouse.gov/votehistory.php?KEY=25778,H.3869,Sales tax exemption,https://www.scstatehouse.gov/billsearch.php?billnumbers=3869&session=126&headerfooter=0,,,Passage of Bill,Yea,Passed
[H]-467,2025-04-09T10:51:00.000-04:00,https://www.scstatehouse.gov/votehistory.php?KEY=25779,H.3333,Tax Increment Financing,https://www.scstatehouse.gov/billsearch.php?billnumbers=3333&session=126&headerfooter=0,,,Passage of Bill,Nay,Passed
[H]-468,2025-04-09T10:55:00.000-04:00,https://www.scstatehouse.gov/votehistory.php?KEY=25780,H.3910,Jurisdiction,https://www.scstatehouse.gov/billsearch.php?billnumbers=3910&session=126&headerfooter=0,,,Passage of Bill,Yea,Passed
[H]-469,2025-04-09T10:59:00.000-04:00,https://www.scstatehouse.gov/votehistory.php?KEY=25781,S.2,Department of Behavioral Health and Developmental Disabilities,https://www.scstatehouse.gov/billsearch.php?billnumbers=2&session=126&headerfooter=0,,,Passage of Bill,Yea,Passed
[H]-470,2025-04-09T11:03:00.000-04:00,https://www.scstatehouse.gov/votehistory.php?KEY=25782,H.4296,Military Code,https://www.scstatehouse.gov/billsearch.php?billnumbers=4296&session=126&headerfooter=0,,,Passage of Bill,Yea,Passed
[H]-471,2025-04-09T11:09:00.000-04:00,https://www.scstatehouse.gov/votehistory.php?KEY=25783,H.4307,Lancaster County voting precincts,https://www.scstatehouse.gov/billsearch.php?billnumbers=4307&session=126&headerfooter=0,,,Passage of Bill,Yea,Passed
[H]-472,2025-04-09T11:26:00.000-04:00,https://www.scstatehouse.gov/votehistory.php?KEY=25784,H.3127,Failure to stop a motor vehicle,https://www.scstatehouse.gov/billsearch.php?billnumbers=3127&session=126&headerfooter=0,3,https://scstatehouse.gov/amendments.php?KEY=33513,Table Amendment 3 Amendment #3,Yea,Passed
[H]-473,2025-04-09T11:51:00.000-04:00,https://www.scstatehouse.gov/votehistory.php?KEY=25785,H.3127,Failure to stop a motor vehicle,https://www.scstatehouse.gov/billsearch.php?billnumbers=3127&session=126&headerfooter=0,4,https://scstatehouse.gov/amendments.php?KEY=33515,Table Amendment 4 Amendment #4,Yea,Passed
[H]-474,2025-04-09T11:53:00.000-04:00,https://www.scstatehouse.gov/votehistory.php?KEY=25786,H.3127,Failure to stop a motor vehicle,https://www.scstatehouse.gov/billsearch.php?billnumbers=3127&session=126&headerfooter=0,,,Passage of Bill,Yea,Passed
[H]-475,2025-04-09T12:42:00.000-04:00,https://www.scstatehouse.gov/votehistory.php?KEY=25787,H.3276,SC Hands-Free Act,https://www.scstatehouse.gov/billsearch.php?billnumbers=3276&session=126&headerfooter=0,7,https://scstatehouse.gov/amendments.php?KEY=33517,Table Amendment 7 Amendment #7,Nay,Failed
[H]-476,2025-04-09T12:54:00.000-04:00,https://www.scstatehouse.gov/votehistory.php?KEY=25788,H.3276,SC Hands-Free Act,https://www.scstatehouse.gov/billsearch.php?billnumbers=3276&session=126&headerfooter=0,,,Passage of Bill,Nay,Passed
[H]-478,2025-04-09T14:22:00.000-04:00,https://www.scstatehouse.gov/votehistory.php?KEY=25790,S.156,Fentanyl Induced Homicide,https://www.scstatehouse.gov/billsearch.php?billnumbers=156&session=126&headerfooter=0,,,Passage of Bill,Yea,Passed
[H]-479,2025-04-09T14:26:00.000-04:00,https://www.scstatehouse.gov/votehistory.php?KEY=25791,H.3930,Second Amendment Privacy Act,https://www.scstatehouse.gov/billsearch.php?billnumbers=3930&session=126&headerfooter=0,,,Passage of Bill,Yea,Passed
[H]-480,2025-04-09T14:39:00.000-04:00,https://www.scstatehouse.gov/votehistory.php?KEY=25792,H.3924,Hemp-derived ingestible,https://www.scstatehouse.gov/billsearch.php?billnumbers=3924&session=126&headerfooter=0,,,Passage of Bill,Yea,Passed
[H]-481,2025-04-09T14:46:00.000-04:00,https://www.scstatehouse.gov/votehistory.php?KEY=25793,H.3201,Computer Science Education Initiative Act,https://www.scstatehouse.gov/billsearch.php?billnumbers=3201&session=126&headerfooter=0,,,Passage of Bill,Yea,Passed
[H]-482,2025-04-09T14:50:00.000-04:00,https://www.scstatehouse.gov/votehistory.php?KEY=25794,S.126,Law Enforcement Personal Privacy Protection and Judicial Personal Privacy Protection,https://www.scstatehouse.gov/billsearch.php?billnumbers=126&session=126&headerfooter=0,,,Passage of Bill,Yea,Passed
[H]-483,2025-04-09T14:55:00.000-04:00,https://www.scstatehouse.gov/votehistory.php?KEY=25795,S.218,South Carolina Veterans Homes,https://www.scstatehouse.gov/billsearch.php?billnumbers=218&session=126&headerfooter=0,1,https://scstatehouse.gov/amendments.php?KEY=33524,Table Amendment 1 Amendment #1,Yea,Passed
[H]-484,2025-04-09T15:07:00.000-04:00,https://www.scstatehouse.gov/votehistory.php?KEY=25796,S.218,South Carolina Veterans Homes,https://www.scstatehouse.gov/billsearch.php?billnumbers=218&session=126&headerfooter=0,,,Passage of Bill,Yea,Passed
[H]-486,2025-04-10T10:44:00.000-04:00,https://www.scstatehouse.gov/votehistory.php?KEY=25798,H.4187,Lexington County School District Property Tax Relief Act extension,https://www.scstatehouse.gov/billsearch.php?billnumbers=4187&session=126&headerfooter=0,,,Passage of Bill,Yea,Passed
[H]-487,2025-04-10T10:51:00.000-04:00,https://www.scstatehouse.gov/votehistory.php?KEY=25799,H.3175,License plates,https://www.scstatehouse.gov/billsearch.php?billnumbers=3175&session=126&headerfooter=0,,,Passage of Bill,Yea,Passed
[H]-488,2025-04-10T10:58:00.000-04:00,https://www.scstatehouse.gov/votehistory.php?KEY=25800,S.164,State Agency Rule Making,https://www.scstatehouse.gov/billsearch.php?billnumbers=164&session=126&headerfooter=0,,,Passage of Bill,Yea,Passed
[H]-489,2025-04-10T11:01:00.000-04:00,https://www.scstatehouse.gov/votehistory.php?KEY=25801,S.388,JR to Approve Doc. No. 5322,https://www.scstatehouse.gov/billsearch.php?billnumbers=388&session=126&headerfooter=0,,,Passage of Joint Resolution,Yea,Passed
[H]-490,2025-04-10T11:03:00.000-04:00,https://www.scstatehouse.gov/votehistory.php?KEY=25802,S.389,State Commission on Higher Education - JR to Approve Regulation Document No. 5321,https://www.scstatehouse.gov/billsearch.php?billnumbers=389&session=126&headerfooter=0,,,Passage of Joint Resolution,Yea,Passed
[H]-491,2025-04-10T11:08:00.000-04:00,https://www.scstatehouse.gov/votehistory.php?KEY=25803,H.3163,Occupational diseases,https://www.scstatehouse.gov/billsearch.php?billnumbers=3163&session=126&headerfooter=0,,,Passage of Bill,Yea,Passed
[H]-492,2025-04-10T11:10:00.000-04:00,https://www.scstatehouse.gov/votehistory.php?KEY=25804,H.3129,Personal Delivery Devices,https://www.scstatehouse.gov/billsearch.php?billnumbers=3129&session=126&headerfooter=0,,,Passage of Bill,Yea,Passed
[H]-493,2025-04-10T11:20:00.000-04:00,https://www.scstatehouse.gov/votehistory.php?KEY=25805, ,William B. Cox - Kershaw County M-I-E,https://www.scstatehouse.gov/billsearch.php?billnumbers=undefined&session=126&headerfooter=0,,,,Yea,Passed
[H]-495,2025-04-22T13:03:00.000-04:00,https://www.scstatehouse.gov/votehistory.php?KEY=25941,H.3058,Disclosure of Intimate Images,https://www.scstatehouse.gov/billsearch.php?billnumbers=3058&session=126&headerfooter=0,,,Passage of Bill,Yea,Passed
[H]-496,2025-04-22T13:06:00.000-04:00,https://www.scstatehouse.gov/votehistory.php?KEY=25942,H.3258,Mobile panic alert systems in public schools,https://www.scstatehouse.gov/billsearch.php?billnumbers=3258&session=126&headerfooter=0,,,Passage of Bill,Yea,Passed
[H]-497,2025-04-22T13:10:00.000-04:00,https://www.scstatehouse.gov/votehistory.php?KEY=25943,H.3778,Hurricane Helene school closure waivers,https://www.scstatehouse.gov/billsearch.php?billnumbers=3778&session=126&headerfooter=0,,,Passage of Joint Resolution,Yea,Passed
[H]-498,2025-04-22T13:12:00.000-04:00,https://www.scstatehouse.gov/votehistory.php?KEY=25944,H.3250,State library compatibility requirements,https://www.scstatehouse.gov/billsearch.php?billnumbers=3250&session=126&headerfooter=0,,,Passage of Bill,Yea,Passed
[H]-499,2025-04-22T13:14:00.000-04:00,https://www.scstatehouse.gov/votehistory.php?KEY=25945,H.3251,Metric Education Committee,https://www.scstatehouse.gov/billsearch.php?billnumbers=3251&session=126&headerfooter=0,,,Passage of Bill,Yea,Passed
[H]-500,2025-04-22T13:17:00.000-04:00,https://www.scstatehouse.gov/votehistory.php?KEY=25946,H.3944,Motor Vehicles,https://www.scstatehouse.gov/billsearch.php?billnumbers=3944&session=126&headerfooter=0,,,Passage of Bill,Nay,Passed
[H]-501,2025-04-22T13:20:00.000-04:00,https://www.scstatehouse.gov/votehistory.php?KEY=25947,H.4134,High Growth Small Business Job Creation Act extension,https://www.scstatehouse.gov/billsearch.php?billnumbers=4134&session=126&headerfooter=0,,,Passage of Bill,Nay,Passed
[H]-502,2025-04-22T13:25:00.000-04:00,https://www.scstatehouse.gov/votehistory.php?KEY=25948,H.3925,State Finances,https://www.scstatehouse.gov/billsearch.php?billnumbers=3925&session=126&headerfooter=0,,,Passage of Bill,Yea,Passed
[H]-504,2025-04-22T15:36:00.000-04:00,https://www.scstatehouse.gov/votehistory.php?KEY=25952, ,James Saverance Jr. -Lee Co. M.I.E.,https://www.scstatehouse.gov/billsearch.php?billnumbers=undefined&session=126&headerfooter=0,,,,Yea,Passed
[H]-506,2025-04-23T11:11:00.000-04:00,https://www.scstatehouse.gov/votehistory.php?KEY=25958,H.3800,Sales tax exemption,https://www.scstatehouse.gov/billsearch.php?billnumbers=3800&session=126&headerfooter=0,,,Passage of Bill,Yea,Passed
[H]-507,2025-04-23T11:17:00.000-04:00,https://www.scstatehouse.gov/votehistory.php?KEY=25959,H.3931,Coastal Tideland and Wetlands Permit Application,https://www.scstatehouse.gov/billsearch.php?billnumbers=3931&session=126&headerfooter=0,,,Passage of Bill,Yea,Passed
[H]-508,2025-04-23T11:20:00.000-04:00,https://www.scstatehouse.gov/votehistory.php?KEY=25960,H.3996,Anesthesiologist Assistants,https://www.scstatehouse.gov/billsearch.php?billnumbers=3996&session=126&headerfooter=0,,,Passage of Bill,Yea,Passed
[H]-509,2025-04-23T11:23:00.000-04:00,https://www.scstatehouse.gov/votehistory.php?KEY=25961,H.4350,Beaufort County voting precincts,https://www.scstatehouse.gov/billsearch.php?billnumbers=4350&session=126&headerfooter=0,,,Passage of Bill,Yea,Passed
[H]-510,2025-04-23T11:30:00.000-04:00,https://www.scstatehouse.gov/votehistory.php?KEY=25962,H.3813,Bear hunting,https://www.scstatehouse.gov/billsearch.php?billnumbers=3813&session=126&headerfooter=0,,,Concur in Senate Amendments,Nay,Failed
[H]-511,2025-04-23T11:32:00.000-04:00,https://www.scstatehouse.gov/votehistory.php?KEY=25963,H.4211,SC Native Plants,https://www.scstatehouse.gov/billsearch.php?billnumbers=4211&session=126&headerfooter=0,,,Concur in Senate Amendments,Yea,Passed
[H]-513,2025-04-23T13:03:00.000-04:00,https://www.scstatehouse.gov/votehistory.php?KEY=25965,S.74,Electronic Records,https://www.scstatehouse.gov/billsearch.php?billnumbers=74&session=126&headerfooter=0,4,https://scstatehouse.gov/amendments.php?KEY=33576,Table Amendment 4 Amendment #4,N/V,Failed
[H]-514,2025-04-23T13:25:00.000-04:00,https://www.scstatehouse.gov/votehistory.php?KEY=25966,S.74,Electronic Records,https://www.scstatehouse.gov/billsearch.php?billnumbers=74&session=126&headerfooter=0,,,Passage of Bill,Yea,Passed
[H]-515,2025-04-23T13:42:00.000-04:00,https://www.scstatehouse.gov/votehistory.php?KEY=25967,H.3752,Social Work Interstate Compact Act,https://www.scstatehouse.gov/billsearch.php?billnumbers=3752&session=126&headerfooter=0,,,Table Motion to Recommit,N/V,Passed
[H]-516,2025-04-23T13:45:00.000-04:00,https://www.scstatehouse.gov/votehistory.php?KEY=25968,H.3752,Social Work Interstate Compact Act,https://www.scstatehouse.gov/billsearch.php?billnumbers=3752&session=126&headerfooter=0,,,Passage of Bill,Nay,Passed
[H]-518,2025-04-24T11:07:00.000-04:00,https://www.scstatehouse.gov/votehistory.php?KEY=25979,H.3877,Laurens County School District 56,https://www.scstatehouse.gov/billsearch.php?billnumbers=3877&session=126&headerfooter=0,,,Passage of Bill,Yea,Passed
[H]-519,2025-04-24T11:09:00.000-04:00,https://www.scstatehouse.gov/votehistory.php?KEY=25980,H.3878,Laurens County School District 55,https://www.scstatehouse.gov/billsearch.php?billnumbers=3878&session=126&headerfooter=0,,,Passage of Bill,Yea,Passed
[H]-520,2025-04-24T11:13:00.000-04:00,https://www.scstatehouse.gov/votehistory.php?KEY=25981,S.213,Greenville Airport Commission,https://www.scstatehouse.gov/billsearch.php?billnumbers=213&session=126&headerfooter=0,,,Passage of Bill,Yea,Passed
[H]-521,2025-04-24T11:16:00.000-04:00,https://www.scstatehouse.gov/votehistory.php?KEY=25983,S.276,SC Child Abuse and Neglect Network,https://www.scstatehouse.gov/billsearch.php?billnumbers=276&session=126&headerfooter=0,,,Passage of Bill,Yea,Passed
[H]-523,2025-04-29T13:07:00.000-04:00,https://www.scstatehouse.gov/votehistory.php?KEY=25998,H.3645,Paid family leave,https://www.scstatehouse.gov/billsearch.php?billnumbers=3645&session=126&headerfooter=0,,,Passage of Bill,N/V,Passed
[H]-524,2025-04-29T13:11:00.000-04:00,https://www.scstatehouse.gov/votehistory.php?KEY=25999,H.4249,Emergency Scene Management,https://www.scstatehouse.gov/billsearch.php?billnumbers=4249&session=126&headerfooter=0,,,Passage of Bill,N/V,Passed
[H]-525,2025-04-29T13:14:00.000-04:00,https://www.scstatehouse.gov/votehistory.php?KEY=26000,H.3632,STEM scholarship stipends,https://www.scstatehouse.gov/billsearch.php?billnumbers=3632&session=126&headerfooter=0,,,Passage of Bill,N/V,Passed
[H]-526,2025-04-29T13:17:00.000-04:00,https://www.scstatehouse.gov/votehistory.php?KEY=26001,H.4402,PSC Elections,https://www.scstatehouse.gov/billsearch.php?billnumbers=4402&session=126&headerfooter=0,,,Passage of Joint Resolution,N/V,Passed
[H]-527,2025-04-29T13:19:00.000-04:00,https://www.scstatehouse.gov/votehistory.php?KEY=26002,H.4267,Mayflower Compact Day,https://www.scstatehouse.gov/billsearch.php?billnumbers=4267&session=126&headerfooter=0,,,Passage of Bill,N/V,Passed
[H]-529,2025-04-30T11:54:00.000-04:00,https://www.scstatehouse.gov/votehistory.php?KEY=26025,H.3645,Paid family leave,https://www.scstatehouse.gov/billsearch.php?billnumbers=3645&session=126&headerfooter=0,,,Passage of Bill,N/V,Passed
[H]-530,2025-04-30T11:59:00.000-04:00,https://www.scstatehouse.gov/votehistory.php?KEY=26026,S.89,Military Affairs Advisory Council,https://www.scstatehouse.gov/billsearch.php?billnumbers=89&session=126&headerfooter=0,,,Passage of Bill,Yea,Passed
[H]-531,2025-04-30T12:05:00.000-04:00,https://www.scstatehouse.gov/votehistory.php?KEY=26027,H.3758,Student expression of religious viewpoints,https://www.scstatehouse.gov/billsearch.php?billnumbers=3758&session=126&headerfooter=0,,,Passage of Bill,Yea,Passed
[H]-532,2025-04-30T12:08:00.000-04:00,https://www.scstatehouse.gov/votehistory.php?KEY=26028,H.3949,State anthem,https://www.scstatehouse.gov/billsearch.php?billnumbers=3949&session=126&headerfooter=0,,,Passage of Bill,Yea,Passed
[H]-533,2025-04-30T12:17:00.000-04:00,https://www.scstatehouse.gov/votehistory.php?KEY=26029,S.78,Work Experience Credit for Educators,https://www.scstatehouse.gov/billsearch.php?billnumbers=78&session=126&headerfooter=0,,,Passage of Bill,Yea,Passed
[H]-534,2025-04-30T12:20:00.000-04:00,https://www.scstatehouse.gov/votehistory.php?KEY=26030,H.3089,Medical Billing,https://www.scstatehouse.gov/billsearch.php?billnumbers=3089&session=126&headerfooter=0,,,Passage of Bill,Yea,Passed
[H]-535,2025-04-30T12:24:00.000-04:00,https://www.scstatehouse.gov/votehistory.php?KEY=26031,H.3967,Bioenergy; Forest Products,https://www.scstatehouse.gov/billsearch.php?billnumbers=3967&session=126&headerfooter=0,,,Passage of Bill,Yea,Passed
[H]-536,2025-04-30T14:10:00.000-04:00,https://www.scstatehouse.gov/votehistory.php?KEY=26035,H.3950,Soil classifers,https://www.scstatehouse.gov/billsearch.php?billnumbers=3950&session=126&headerfooter=0,,,Passage of Bill,Yea,Passed
[H]-537,2025-04-30T14:13:00.000-04:00,https://www.scstatehouse.gov/votehistory.php?KEY=26036,S.425,School meals for students in poverty,https://www.scstatehouse.gov/billsearch.php?billnumbers=425&session=126&headerfooter=0,,,Passage of Bill,Yea,Passed
[H]-538,2025-04-30T14:19:00.000-04:00,https://www.scstatehouse.gov/votehistory.php?KEY=26037,H.3214,Public School-Based Canneries Pilot Program,https://www.scstatehouse.gov/billsearch.php?billnumbers=3214&session=126&headerfooter=0,,,Passage of Bill,Yea,Passed
[H]-539,2025-04-30T14:22:00.000-04:00,https://www.scstatehouse.gov/votehistory.php?KEY=26038,H.3223,Telehealth for Veterinary Services,https://www.scstatehouse.gov/billsearch.php?billnumbers=3223&session=126&headerfooter=0,,,Passage of Bill,Yea,Passed
[H]-540,2025-04-30T14:25:00.000-04:00,https://www.scstatehouse.gov/votehistory.php?KEY=26040,H.4257,Excused student absences,https://www.scstatehouse.gov/billsearch.php?billnumbers=4257&session=126&headerfooter=0,,,Passage of Bill,Yea,Passed
[H]-541,2025-04-30T14:37:00.000-04:00,https://www.scstatehouse.gov/votehistory.php?KEY=26045,H.3196,Educator Assistance Act,https://www.scstatehouse.gov/billsearch.php?billnumbers=3196&session=126&headerfooter=0,,,Concur in Senate Amendments,Yea,Passed
[H]-545,2025-05-01T11:16:00.000-04:00,https://www.scstatehouse.gov/votehistory.php?KEY=26064,S.522,Charleston County Aviation Authority,https://www.scstatehouse.gov/billsearch.php?billnumbers=522&session=126&headerfooter=0,,,Passage of Bill,Yea,Passed
[H]-546,2025-05-01T11:24:00.000-04:00,https://www.scstatehouse.gov/votehistory.php?KEY=26066,S.103,Labeling of Synthetic Food Product,https://www.scstatehouse.gov/billsearch.php?billnumbers=103&session=126&headerfooter=0,,,Passage of Bill,Yea,Passed
[H]-547,2025-05-01T11:27:00.000-04:00,https://www.scstatehouse.gov/votehistory.php?KEY=26061,S.367,"Abandoned Vessels, Derelict Vessels, and Sunken Vessels",https://www.scstatehouse.gov/billsearch.php?billnumbers=367&session=126&headerfooter=0,,,Passage of Bill,Yea,Passed
[H]-548,2025-05-01T11:32:00.000-04:00,https://www.scstatehouse.gov/votehistory.php?KEY=26067,S.345,Baiting Wild Turkeys,https://www.scstatehouse.gov/billsearch.php?billnumbers=345&session=126&headerfooter=0,,,Passage of Bill,Yea,Passed
[H]-549,2025-05-01T11:34:00.000-04:00,https://www.scstatehouse.gov/votehistory.php?KEY=26068,S.219,Snapper-Grouper Fishery,https://www.scstatehouse.gov/billsearch.php?billnumbers=219&session=126&headerfooter=0,,,Passage of Bill,Yea,Passed
[H]-550,2025-05-01T11:38:00.000-04:00,https://www.scstatehouse.gov/votehistory.php?KEY=26069,H.3489,IRC conformity,https://www.scstatehouse.gov/billsearch.php?billnumbers=3489&session=126&headerfooter=0,,,Passage of Bill,Yea,Passed
[H]-551,2025-05-01T11:43:00.000-04:00,https://www.scstatehouse.gov/votehistory.php?KEY=26070,H.4137,American Heroes Bingo,https://www.scstatehouse.gov/billsearch.php?billnumbers=4137&session=126&headerfooter=0,,,Passage of Bill,N/V,Passed
[H]-552,2025-05-01T11:46:00.000-04:00,https://www.scstatehouse.gov/votehistory.php?KEY=26071,S.127,Catawba Nation,https://www.scstatehouse.gov/billsearch.php?billnumbers=127&session=126&headerfooter=0,,,Passage of Bill,Yea,Passed
[H]-553,2025-05-01T11:50:00.000-04:00,https://www.scstatehouse.gov/votehistory.php?KEY=26072,H.3514,Flags,https://www.scstatehouse.gov/billsearch.php?billnumbers=3514&session=126&headerfooter=0,,,Passage of Bill,Yea,Passed
[H]-554,2025-05-01T11:56:00.000-04:00,https://www.scstatehouse.gov/votehistory.php?KEY=26073,H.3049,Uniform Civil Remedies for Unauthorized Disclosure of Intimate Images Act,https://www.scstatehouse.gov/billsearch.php?billnumbers=3049&session=126&headerfooter=0,,,Passage of Bill,Yea,Passed
[H]-555,2025-05-01T12:00:00.000-04:00,https://www.scstatehouse.gov/votehistory.php?KEY=26074,H.4300,Retirement System for Judges and Solicitors,https://www.scstatehouse.gov/billsearch.php?billnumbers=4300&session=126&headerfooter=0,,,Passage of Bill,Yea,Passed
[H]-556,2025-05-01T12:03:00.000-04:00,https://www.scstatehouse.gov/votehistory.php?KEY=26078,H.4337,Subpoena Powers,https://www.scstatehouse.gov/billsearch.php?billnumbers=4337&session=126&headerfooter=0,,,Passage of Bill,Yea,Passed
[H]-557,2025-05-01T12:05:00.000-04:00,https://www.scstatehouse.gov/votehistory.php?KEY=26079,H.3335,Designation of representation in magistrates court,https://www.scstatehouse.gov/billsearch.php?billnumbers=3335&session=126&headerfooter=0,,,Passage of Bill,Yea,Passed
[H]-558,2025-05-01T12:08:00.000-04:00,https://www.scstatehouse.gov/votehistory.php?KEY=26080,H.3929,Department of Corrections canteens,https://www.scstatehouse.gov/billsearch.php?billnumbers=3929&session=126&headerfooter=0,,,Passage of Bill,Yea,Passed
[H]-559,2025-05-01T12:13:00.000-04:00,https://www.scstatehouse.gov/votehistory.php?KEY=26082,H.4000,Alcohol licensing,https://www.scstatehouse.gov/billsearch.php?billnumbers=4000&session=126&headerfooter=0,,,Passage of Bill,Nay,Passed
[H]-560,2025-05-01T12:17:00.000-04:00,https://www.scstatehouse.gov/votehistory.php?KEY=26083,S.28,AI Child Abuse,https://www.scstatehouse.gov/billsearch.php?billnumbers=28&session=126&headerfooter=0,,,Passage of Bill,Yea,Passed
[H]-561,2025-05-01T12:25:00.000-04:00,https://www.scstatehouse.gov/votehistory.php?KEY=26084,S.29,MPIC,https://www.scstatehouse.gov/billsearch.php?billnumbers=29&session=126&headerfooter=0,,,Passage of Bill,Yea,Passed
[H]-562,2025-05-01T12:28:00.000-04:00,https://www.scstatehouse.gov/votehistory.php?KEY=26085,S.136,Dismissal of pending gun possession charges,https://www.scstatehouse.gov/billsearch.php?billnumbers=136&session=126&headerfooter=0,,,Passage of Bill,Yea,Passed
[H]-563,2025-05-01T12:30:00.000-04:00,https://www.scstatehouse.gov/votehistory.php?KEY=26087,S.307,Peer-to-peer Car Sharing,https://www.scstatehouse.gov/billsearch.php?billnumbers=307&session=126&headerfooter=0,,,Passage of Bill,Yea,Passed
[H]-564,2025-05-01T12:34:00.000-04:00,https://www.scstatehouse.gov/votehistory.php?KEY=26088,S.176,Certified Public Accountants,https://www.scstatehouse.gov/billsearch.php?billnumbers=176&session=126&headerfooter=0,,,Passage of Bill,Yea,Passed
[H]-565,2025-05-01T12:36:00.000-04:00,https://www.scstatehouse.gov/votehistory.php?KEY=26089,S.101,Firefighter registration requirements,https://www.scstatehouse.gov/billsearch.php?billnumbers=101&session=126&headerfooter=0,,,Passage of Bill,Yea,Passed
[H]-566,2025-05-01T12:42:00.000-04:00,https://www.scstatehouse.gov/votehistory.php?KEY=26090,S.171,Regrooved and Regroovable Tires,https://www.scstatehouse.gov/billsearch.php?billnumbers=171&session=126&headerfooter=0,,,Passage of Bill,Yea,Passed
[H]-567,2025-05-01T12:45:00.000-04:00,https://www.scstatehouse.gov/votehistory.php?KEY=26091,S.51,Public Service Authority RFP for V.C. Summer,https://www.scstatehouse.gov/billsearch.php?billnumbers=51&session=126&headerfooter=0,,,Passage of Bill,Yea,Passed
[H]-568,2025-05-01T12:48:00.000-04:00,https://www.scstatehouse.gov/votehistory.php?KEY=26092,S.275,EV Charging Stations,https://www.scstatehouse.gov/billsearch.php?billnumbers=275&session=126&headerfooter=0,,,Passage of Bill,Yea,Passed
[H]-569,2025-05-01T12:50:00.000-04:00,https://www.scstatehouse.gov/votehistory.php?KEY=26093,H.4247,Commodity Code Execution,https://www.scstatehouse.gov/billsearch.php?billnumbers=4247&session=126&headerfooter=0,,,Passage of Bill,Yea,Passed
[H]-570,2025-05-01T14:31:00.000-04:00,https://www.scstatehouse.gov/votehistory.php?KEY=26096,H.4305,Wellness reimbursement program,https://www.scstatehouse.gov/billsearch.php?billnumbers=4305&session=126&headerfooter=0,,,Passage of Bill,Nay,Passed
[H]-571,2025-05-01T14:35:00.000-04:00,https://www.scstatehouse.gov/votehistory.php?KEY=26097,S.220,Insurance Holding Company Regulatory Act,https://www.scstatehouse.gov/billsearch.php?billnumbers=220&session=126&headerfooter=0,,,Passage of Bill,Nay,Passed
[H]-572,2025-05-01T14:42:00.000-04:00,https://www.scstatehouse.gov/votehistory.php?KEY=26100,S.210,Captive Insurance Companies,https://www.scstatehouse.gov/billsearch.php?billnumbers=210&session=126&headerfooter=0,,,Passage of Bill,Yea,Passed
[H]-573,2025-05-01T14:47:00.000-04:00,https://www.scstatehouse.gov/votehistory.php?KEY=26101,H.4303,Cigarettes for heating,https://www.scstatehouse.gov/billsearch.php?billnumbers=4303&session=126&headerfooter=0,,,Passage of Bill,Yea,Passed
[H]-574,2025-05-01T14:57:00.000-04:00,https://www.scstatehouse.gov/votehistory.php?KEY=26102,H.3947,Continuing education requirements for nonresident real estate brokers and associates,https://www.scstatehouse.gov/billsearch.php?billnumbers=3947&session=126&headerfooter=0,,,Concur in Senate Amendments,Yea,Passed
[H]-575,2025-05-01T16:50:00.000-04:00,https://www.scstatehouse.gov/votehistory.php?KEY=26103,S.62,Education Scholarship Trust Fund,https://www.scstatehouse.gov/billsearch.php?billnumbers=62&session=126&headerfooter=0,,,Concur in Senate Amendments,Yea,Passed
[H]-576,2025-05-01T16:56:00.000-04:00,https://www.scstatehouse.gov/votehistory.php?KEY=26104,H.3309,Electrical Utilities,https://www.scstatehouse.gov/billsearch.php?billnumbers=3309&session=126&headerfooter=0,Amendment number 1a,https://scstatehouse.gov/amendments.php?KEY=33678,Adopt Amendment 1a Amendment #1a,Yea,Passed
[H]-577,2025-05-01T17:04:00.000-04:00,https://www.scstatehouse.gov/votehistory.php?KEY=26105,S.165,South Carolina Conservation Education Act,https://www.scstatehouse.gov/billsearch.php?billnumbers=165&session=126&headerfooter=0,,,Passage of Bill,Yea,Passed
[H]-579,2025-05-06T12:23:00.000-04:00,https://www.scstatehouse.gov/votehistory.php?KEY=26107, ,Hon. James Otto Spence - Lexington Co. MIE,https://www.scstatehouse.gov/billsearch.php?billnumbers=undefined&session=126&headerfooter=0,,,,N/V,Passed
[H]-580,2025-05-06T12:25:00.000-04:00,https://www.scstatehouse.gov/votehistory.php?KEY=26108, ,Hon. Joe M. Crosby - Georgetown Co. MIE,https://www.scstatehouse.gov/billsearch.php?billnumbers=undefined&session=126&headerfooter=0,,,,N/V,Passed
[H]-581,2025-05-06T12:30:00.000-04:00,https://www.scstatehouse.gov/votehistory.php?KEY=26109, ,Hon. Robinson Hemphill - Abbeville Co. MIE,https://www.scstatehouse.gov/billsearch.php?billnumbers=undefined&session=126&headerfooter=0,,,,Yea,Passed
[H]-582,2025-05-06T12:45:00.000-04:00,https://www.scstatehouse.gov/votehistory.php?KEY=26110,S.618,Gaffney Board of Public Works,https://www.scstatehouse.gov/billsearch.php?billnumbers=618&session=126&headerfooter=0,,,Passage of Bill,N/V,Passed
[H]-583,2025-05-06T12:51:00.000-04:00,https://www.scstatehouse.gov/votehistory.php?KEY=26111,H.3974,Private Providers,https://www.scstatehouse.gov/billsearch.php?billnumbers=3974&session=126&headerfooter=0,,,Passage of Bill,Yea,Passed
[H]-584,2025-05-06T12:55:00.000-04:00,https://www.scstatehouse.gov/votehistory.php?KEY=26112,H.4339,South Carolina Healthy School Meals Act,https://www.scstatehouse.gov/billsearch.php?billnumbers=4339&session=126&headerfooter=0,,,Passage of Bill,Yea,Passed
[H]-585,2025-05-06T13:06:00.000-04:00,https://www.scstatehouse.gov/votehistory.php?KEY=26113,S.269,Private Security Services in Public Schools,https://www.scstatehouse.gov/billsearch.php?billnumbers=269&session=126&headerfooter=0,,,Passage of Bill,Yea,Passed
[H]-586,2025-05-06T13:12:00.000-04:00,https://www.scstatehouse.gov/votehistory.php?KEY=26114,S.77,Streaming of School Board Meetings,https://www.scstatehouse.gov/billsearch.php?billnumbers=77&session=126&headerfooter=0,,,Passage of Bill,Yea,Passed
[H]-587,2025-05-06T13:15:00.000-04:00,https://www.scstatehouse.gov/votehistory.php?KEY=26122,S.79,Noncertified Teacher Pilot Program,https://www.scstatehouse.gov/billsearch.php?billnumbers=79&session=126&headerfooter=0,,,Passage of Bill,Yea,Passed
[H]-588,2025-05-06T13:21:00.000-04:00,https://www.scstatehouse.gov/votehistory.php?KEY=26123,H.4343,Human trafficking awareness and prevention training,https://www.scstatehouse.gov/billsearch.php?billnumbers=4343&session=126&headerfooter=0,,,Passage of Bill,N/V,Passed
[H]-589,2025-05-06T13:26:00.000-04:00,https://www.scstatehouse.gov/votehistory.php?KEY=26124,H.3453,Veterans' Children Tuition Assistance,https://www.scstatehouse.gov/billsearch.php?billnumbers=3453&session=126&headerfooter=0,,,Passage of Bill,Yea,Passed
[H]-590,2025-05-06T13:47:00.000-04:00,https://www.scstatehouse.gov/votehistory.php?KEY=26125,S.221,South Carolina Kratom Consumer Protection Act,https://www.scstatehouse.gov/billsearch.php?billnumbers=221&session=126&headerfooter=0,,,Passage of Bill,Yea,Passed
[H]-592,2025-05-06T15:37:00.000-04:00,https://www.scstatehouse.gov/votehistory.php?KEY=26154,H.4478,Emergency Management Division Burn Ban Broadcast,https://www.scstatehouse.gov/billsearch.php?billnumbers=4478&session=126&headerfooter=0,,,Passage of Bill,Yea,Passed
[H]-593,2025-05-06T15:53:00.000-04:00,https://www.scstatehouse.gov/votehistory.php?KEY=26155,H.4342,"Dental and veterinary school faculty, restricted licenses",https://www.scstatehouse.gov/billsearch.php?billnumbers=4342&session=126&headerfooter=0,,,Passage of Bill,Yea,Passed
[H]-594,2025-05-06T15:56:00.000-04:00,https://www.scstatehouse.gov/votehistory.php?KEY=26156,H.3813,Bear hunting,https://www.scstatehouse.gov/billsearch.php?billnumbers=3813&session=126&headerfooter=0,,,Grant Free Conference Powers,Yea,Passed
[H]-595,2025-05-06T15:59:00.000-04:00,https://www.scstatehouse.gov/votehistory.php?KEY=26157,H.3813,Bear hunting,https://www.scstatehouse.gov/billsearch.php?billnumbers=3813&session=126&headerfooter=0,,,Adopt Free Conference Report,Yea,Passed
[H]-596,2025-05-06T16:25:00.000-04:00,https://www.scstatehouse.gov/votehistory.php?KEY=26158,H.4025,"Appropriations Bill, 2025-2026",https://www.scstatehouse.gov/billsearch.php?billnumbers=4025&session=126&headerfooter=0,1A,https://scstatehouse.gov/amendments.php?KEY=33701,Adopt Amendment 1a Amendment #1A,N/V,Passed
[H]-597,2025-05-06T16:49:00.000-04:00,https://www.scstatehouse.gov/votehistory.php?KEY=26159,H.4025,"Appropriations Bill, 2025-2026",https://www.scstatehouse.gov/billsearch.php?billnumbers=4025&session=126&headerfooter=0,,,Invoke the Previous Question (Cloture),N/V,Passed
[H]-598,2025-05-06T16:53:00.000-04:00,https://www.scstatehouse.gov/votehistory.php?KEY=26160,H.4025,"Appropriations Bill, 2025-2026",https://www.scstatehouse.gov/billsearch.php?billnumbers=4025&session=126&headerfooter=0,Amendment number 2a,https://scstatehouse.gov/amendments.php?KEY=33702,Table Amendment 2a Amendment #2a,Yea,Passed
[H]-599,2025-05-06T17:46:00.000-04:00,https://www.scstatehouse.gov/votehistory.php?KEY=26161,H.4025,"Appropriations Bill, 2025-2026",https://www.scstatehouse.gov/billsearch.php?billnumbers=4025&session=126&headerfooter=0,Amendment number 4a,https://scstatehouse.gov/amendments.php?KEY=33710,Table Amendment 4a Amendment #4a,Yea,Passed
[H]-600,2025-05-06T17:53:00.000-04:00,https://www.scstatehouse.gov/votehistory.php?KEY=26162,H.4025,"Appropriations Bill, 2025-2026",https://www.scstatehouse.gov/billsearch.php?billnumbers=4025&session=126&headerfooter=0,Amendment number 6a,https://scstatehouse.gov/amendments.php?KEY=33712,Table Amendment 6a Amendment #6a,Yea,Passed
[H]-601,2025-05-06T17:59:00.000-04:00,https://www.scstatehouse.gov/votehistory.php?KEY=26163,H.4025,"Appropriations Bill, 2025-2026",https://www.scstatehouse.gov/billsearch.php?billnumbers=4025&session=126&headerfooter=0,Amendment number 7a,https://scstatehouse.gov/amendments.php?KEY=33713,Table Amendment 7a Amendment #7a,Yea,Passed
[H]-602,2025-05-06T18:04:00.000-04:00,https://www.scstatehouse.gov/votehistory.php?KEY=26165,H.4025,"Appropriations Bill, 2025-2026",https://www.scstatehouse.gov/billsearch.php?billnumbers=4025&session=126&headerfooter=0,Amendment number 8a,https://scstatehouse.gov/amendments.php?KEY=33714,Table Amendment 8a Amendment #8a,Yea,Passed
[H]-603,2025-05-06T18:12:00.000-04:00,https://www.scstatehouse.gov/votehistory.php?KEY=26166,H.4025,"Appropriations Bill, 2025-2026",https://www.scstatehouse.gov/billsearch.php?billnumbers=4025&session=126&headerfooter=0,Amendment number 9a,https://scstatehouse.gov/amendments.php?KEY=33715,Table Amendment 9a Amendment #9a,N/V,Passed
[H]-604,2025-05-06T18:15:00.000-04:00,https://www.scstatehouse.gov/votehistory.php?KEY=26167,H.4025,"Appropriations Bill, 2025-2026",https://www.scstatehouse.gov/billsearch.php?billnumbers=4025&session=126&headerfooter=0,Amendment number 10a,https://scstatehouse.gov/amendments.php?KEY=33716,Table Amendment 10a Amendment #10a,N/V,Passed
[H]-605,2025-05-06T18:19:00.000-04:00,https://www.scstatehouse.gov/votehistory.php?KEY=26168,H.4025,"Appropriations Bill, 2025-2026",https://www.scstatehouse.gov/billsearch.php?billnumbers=4025&session=126&headerfooter=0,Amendment number 11a,https://scstatehouse.gov/amendments.php?KEY=33717,Table Amendment 11a Amendment #11a,N/V,Passed
[H]-606,2025-05-06T18:22:00.000-04:00,https://www.scstatehouse.gov/votehistory.php?KEY=26169,H.4025,"Appropriations Bill, 2025-2026",https://www.scstatehouse.gov/billsearch.php?billnumbers=4025&session=126&headerfooter=0,Amendment number 12a,https://scstatehouse.gov/amendments.php?KEY=33718,Table Amendment 12a Amendment #12a,N/V,Passed
[H]-607,2025-05-06T18:25:00.000-04:00,https://www.scstatehouse.gov/votehistory.php?KEY=26170,H.4025,"Appropriations Bill, 2025-2026",https://www.scstatehouse.gov/billsearch.php?billnumbers=4025&session=126&headerfooter=0,Amendment number 13a,https://scstatehouse.gov/amendments.php?KEY=33719,Table Amendment 13a Amendment #13a,N/V,Passed
[H]-608,2025-05-06T18:28:00.000-04:00,https://www.scstatehouse.gov/votehistory.php?KEY=26171,H.4025,"Appropriations Bill, 2025-2026",https://www.scstatehouse.gov/billsearch.php?billnumbers=4025&session=126&headerfooter=0,Amendment number 14a,https://scstatehouse.gov/amendments.php?KEY=33720,Table Amendment 14a Amendment #14a,N/V,Passed
[H]-609,2025-05-06T18:30:00.000-04:00,https://www.scstatehouse.gov/votehistory.php?KEY=26172,H.4025,"Appropriations Bill, 2025-2026",https://www.scstatehouse.gov/billsearch.php?billnumbers=4025&session=126&headerfooter=0,Amendment number 16a,https://scstatehouse.gov/amendments.php?KEY=33721,Table Amendment 16a Amendment #16a,N/V,Passed
[H]-610,2025-05-06T18:37:00.000-04:00,https://www.scstatehouse.gov/votehistory.php?KEY=26173,H.4025,"Appropriations Bill, 2025-2026",https://www.scstatehouse.gov/billsearch.php?billnumbers=4025&session=126&headerfooter=0,Amendment number 20a,https://scstatehouse.gov/amendments.php?KEY=33725,Table Amendment 20a Amendment #20a,N/V,Passed
[H]-611,2025-05-06T18:42:00.000-04:00,https://www.scstatehouse.gov/votehistory.php?KEY=26174,H.4025,"Appropriations Bill, 2025-2026",https://www.scstatehouse.gov/billsearch.php?billnumbers=4025&session=126&headerfooter=0,Amendment number 22a,https://scstatehouse.gov/amendments.php?KEY=33727,Table Amendment 22a Amendment #22a,N/V,Passed
[H]-612,2025-05-06T18:52:00.000-04:00,https://www.scstatehouse.gov/votehistory.php?KEY=26175,H.4025,"Appropriations Bill, 2025-2026",https://www.scstatehouse.gov/billsearch.php?billnumbers=4025&session=126&headerfooter=0,Amendment number 29a,https://scstatehouse.gov/amendments.php?KEY=33733,Table Amendment 29a Amendment #29a,N/V,Passed
[H]-613,2025-05-06T18:58:00.000-04:00,https://www.scstatehouse.gov/votehistory.php?KEY=26176,H.4025,"Appropriations Bill, 2025-2026",https://www.scstatehouse.gov/billsearch.php?billnumbers=4025&session=126&headerfooter=0,Amendment number 32a,https://scstatehouse.gov/amendments.php?KEY=33736,Table Amendment 32a Amendment #32a,N/V,Passed
[H]-614,2025-05-06T19:01:00.000-04:00,https://www.scstatehouse.gov/votehistory.php?KEY=26177,H.4025,"Appropriations Bill, 2025-2026",https://www.scstatehouse.gov/billsearch.php?billnumbers=4025&session=126&headerfooter=0,Amendment number 35a,https://scstatehouse.gov/amendments.php?KEY=33739,Table Amendment 35a Amendment #35a,N/V,Passed
[H]-615,2025-05-06T19:05:00.000-04:00,https://www.scstatehouse.gov/votehistory.php?KEY=26179,H.4025,"Appropriations Bill, 2025-2026",https://www.scstatehouse.gov/billsearch.php?billnumbers=4025&session=126&headerfooter=0,Amendment number 36a,https://scstatehouse.gov/amendments.php?KEY=33740,Table Amendment 36a Amendment #36a,N/V,Passed
[H]-616,2025-05-06T19:22:00.000-04:00,https://www.scstatehouse.gov/votehistory.php?KEY=26180,H.4025,"Appropriations Bill, 2025-2026",https://www.scstatehouse.gov/billsearch.php?billnumbers=4025&session=126&headerfooter=0,Amendment number 55a,https://scstatehouse.gov/amendments.php?KEY=33747,Adopt Amendment 55a Amendment #55a,Nay,Failed
[H]-617,2025-05-06T19:25:00.000-04:00,https://www.scstatehouse.gov/votehistory.php?KEY=26181,H.4025,"Appropriations Bill, 2025-2026",https://www.scstatehouse.gov/billsearch.php?billnumbers=4025&session=126&headerfooter=0,Amendment number 56a,https://scstatehouse.gov/amendments.php?KEY=33748,Adopt Amendment 56a Amendment #56a,N/V,Passed
[H]-618,2025-05-06T19:30:00.000-04:00,https://www.scstatehouse.gov/votehistory.php?KEY=26182,H.4025,"Appropriations Bill, 2025-2026",https://www.scstatehouse.gov/billsearch.php?billnumbers=4025&session=126&headerfooter=0,Amendment number 58a,https://scstatehouse.gov/amendments.php?KEY=33749,Table Amendment 58a Amendment #58a,Nay,Passed
[H]-619,2025-05-06T19:44:00.000-04:00,https://www.scstatehouse.gov/votehistory.php?KEY=26183,H.4025,"Appropriations Bill, 2025-2026",https://www.scstatehouse.gov/billsearch.php?billnumbers=4025&session=126&headerfooter=0,Amendment number 66a,https://scstatehouse.gov/amendments.php?KEY=33755,Table Amendment 66a Amendment #66a,Nay,Passed
[H]-620,2025-05-06T19:54:00.000-04:00,https://www.scstatehouse.gov/votehistory.php?KEY=26185,H.4025,"Appropriations Bill, 2025-2026",https://www.scstatehouse.gov/billsearch.php?billnumbers=4025&session=126&headerfooter=0,Amendment number 71a,https://scstatehouse.gov/amendments.php?KEY=33758,Adopt Amendment 71a Amendment #71a,Yea,Passed
[H]-621,2025-05-06T19:57:00.000-04:00,https://www.scstatehouse.gov/votehistory.php?KEY=26186,H.4025,"Appropriations Bill, 2025-2026",https://www.scstatehouse.gov/billsearch.php?billnumbers=4025&session=126&headerfooter=0,Amendment number 56a,https://scstatehouse.gov/amendments.php?KEY=33748,Table Amendment No. 56A Reconsider Amendment #56a,Nay,Passed
[H]-622,2025-05-06T20:00:00.000-04:00,https://www.scstatehouse.gov/votehistory.php?KEY=26187,H.4025,"Appropriations Bill, 2025-2026",https://www.scstatehouse.gov/billsearch.php?billnumbers=4025&session=126&headerfooter=0,Amendment number 74sub,https://scstatehouse.gov/amendments.php?KEY=33759,Adopt Amendment 74A Amendment #74sub,Yea,Passed
[H]-623,2025-05-06T20:07:00.000-04:00,https://www.scstatehouse.gov/votehistory.php?KEY=26188,H.4025,"Appropriations Bill, 2025-2026",https://www.scstatehouse.gov/billsearch.php?billnumbers=4025&session=126&headerfooter=0,Amendment number 75a,https://scstatehouse.gov/amendments.php?KEY=33760,Table Amendment 75a Amendment #75a,Nay,Passed
[H]-624,2025-05-06T20:10:00.000-04:00,https://www.scstatehouse.gov/votehistory.php?KEY=26189,H.4025,"Appropriations Bill, 2025-2026",https://www.scstatehouse.gov/billsearch.php?billnumbers=4025&session=126&headerfooter=0,Amendment number 55a,https://scstatehouse.gov/amendments.php?KEY=33747,Adopt Amendment 55a Amendment #55a,N/V,Passed
[H]-625,2025-05-06T20:17:00.000-04:00,https://www.scstatehouse.gov/votehistory.php?KEY=26190,H.4025,"Appropriations Bill, 2025-2026",https://www.scstatehouse.gov/billsearch.php?billnumbers=4025&session=126&headerfooter=0,Amendment number 76a,https://scstatehouse.gov/amendments.php?KEY=33761,Table Amendment 76a Amendment #76a,Nay,Passed
[H]-626,2025-05-06T20:24:00.000-04:00,https://www.scstatehouse.gov/votehistory.php?KEY=26191,H.4025,"Appropriations Bill, 2025-2026",https://www.scstatehouse.gov/billsearch.php?billnumbers=4025&session=126&headerfooter=0,Amendment number 78a,https://scstatehouse.gov/amendments.php?KEY=33763,Adopt Amendment 78a Amendment #78a,Yea,Passed
[H]-627,2025-05-06T20:31:00.000-04:00,https://www.scstatehouse.gov/votehistory.php?KEY=26192,H.4025,"Appropriations Bill, 2025-2026",https://www.scstatehouse.gov/billsearch.php?billnumbers=4025&session=126&headerfooter=0,Amendment number 80a,https://scstatehouse.gov/amendments.php?KEY=33765,Adopt Amendment 80a Amendment #80a,Yea,Passed
[H]-628,2025-05-06T20:39:00.000-04:00,https://www.scstatehouse.gov/votehistory.php?KEY=26193,H.4025,"Appropriations Bill, 2025-2026",https://www.scstatehouse.gov/billsearch.php?billnumbers=4025&session=126&headerfooter=0,Amendment number 84a,https://scstatehouse.gov/amendments.php?KEY=33768,Adopt Amendment 84a Amendment #84a,Yea,Passed
[H]-629,2025-05-06T20:50:00.000-04:00,https://www.scstatehouse.gov/votehistory.php?KEY=26194,H.4025,"Appropriations Bill, 2025-2026",https://www.scstatehouse.gov/billsearch.php?billnumbers=4025&session=126&headerfooter=0,Amendment number 18a,https://scstatehouse.gov/amendments.php?KEY=33723,Adopt Amendment 18a Amendment #18a,Yea,Failed
[H]-630,2025-05-06T20:55:00.000-04:00,https://www.scstatehouse.gov/votehistory.php?KEY=26195,H.4025,"Appropriations Bill, 2025-2026",https://www.scstatehouse.gov/billsearch.php?billnumbers=4025&session=126&headerfooter=0,Amendment number 70a,https://scstatehouse.gov/amendments.php?KEY=33770,Adopt Amendment 70a Amendment #70a,Nay,Failed
[H]-631,2025-05-06T20:59:00.000-04:00,https://www.scstatehouse.gov/votehistory.php?KEY=26196,H.4026,Capital Reserve Fund,https://www.scstatehouse.gov/billsearch.php?billnumbers=4026&session=126&headerfooter=0,,,Concur in Senate Amendments,Yea,Passed
[H]-632,2025-05-06T21:24:00.000-04:00,https://www.scstatehouse.gov/votehistory.php?KEY=26197,H.4216,Income tax,https://www.scstatehouse.gov/billsearch.php?billnumbers=4216&session=126&headerfooter=0,1,https://scstatehouse.gov/amendments.php?KEY=33646,Adopt Amendment 1 Amendment #1,Yea,Passed
[H]-633,2025-05-06T21:59:00.000-04:00,https://www.scstatehouse.gov/votehistory.php?KEY=26198,H.4216,Income tax,https://www.scstatehouse.gov/billsearch.php?billnumbers=4216&session=126&headerfooter=0,,,Table Motion to Adjourn Debate,N/V,Passed
[H]-634,2025-05-06T22:02:00.000-04:00,https://www.scstatehouse.gov/votehistory.php?KEY=26199,H.4216,Income tax,https://www.scstatehouse.gov/billsearch.php?billnumbers=4216&session=126&headerfooter=0,,,Passage of Bill,N/V,Passed
[H]-636,2025-05-07T11:41:00.000-04:00,https://www.scstatehouse.gov/votehistory.php?KEY=26205,S.623,Georgetown County Building Requirements,https://www.scstatehouse.gov/billsearch.php?billnumbers=623&session=126&headerfooter=0,,,Passage of Bill,Yea,Passed
[H]-637,2025-05-07T11:49:00.000-04:00,https://www.scstatehouse.gov/votehistory.php?KEY=26206,H.3858,Taxation on boats,https://www.scstatehouse.gov/billsearch.php?billnumbers=3858&session=126&headerfooter=0,,,Passage of Bill,Yea,Passed
[H]-638,2025-05-07T12:10:00.000-04:00,https://www.scstatehouse.gov/votehistory.php?KEY=26207,H.4129,"Gambling, exceptions",https://www.scstatehouse.gov/billsearch.php?billnumbers=4129&session=126&headerfooter=0,,,Passage of Bill,Yea,Passed
[H]-639,2025-05-07T12:32:00.000-04:00,https://www.scstatehouse.gov/votehistory.php?KEY=26208,H.3802,Participation in school activities and programs,https://www.scstatehouse.gov/billsearch.php?billnumbers=3802&session=126&headerfooter=0,,,Passage of Bill,Yea,Passed
[H]-640,2025-05-07T12:35:00.000-04:00,https://www.scstatehouse.gov/votehistory.php?KEY=26209,S.507,IRC conformity,https://www.scstatehouse.gov/billsearch.php?billnumbers=507&session=126&headerfooter=0,,,Passage of Bill,Yea,Passed
[H]-641,2025-05-07T12:55:00.000-04:00,https://www.scstatehouse.gov/votehistory.php?KEY=26210,S.214,State Commission for Community Advancement and Engagement,https://www.scstatehouse.gov/billsearch.php?billnumbers=214&session=126&headerfooter=0,2,https://scstatehouse.gov/amendments.php?KEY=33778,Table Amendment 2 Amendment #2,Nay,Passed
[H]-642,2025-05-07T15:03:00.000-04:00,https://www.scstatehouse.gov/votehistory.php?KEY=26211,S.214,State Commission for Community Advancement and Engagement,https://www.scstatehouse.gov/billsearch.php?billnumbers=214&session=126&headerfooter=0,,,Passage of Bill,Yea,Passed
[H]-643,2025-05-07T15:09:00.000-04:00,https://www.scstatehouse.gov/votehistory.php?KEY=26212,H.3862,Charter school enrollment preferences,https://www.scstatehouse.gov/billsearch.php?billnumbers=3862&session=126&headerfooter=0,,,Concur in Senate Amendments,Yea,Passed
[H]-644,2025-05-07T15:50:00.000-04:00,https://www.scstatehouse.gov/votehistory.php?KEY=26214,H.3127,Failure to stop a motor vehicle,https://www.scstatehouse.gov/billsearch.php?billnumbers=3127&session=126&headerfooter=0,Amendment number 3a,https://scstatehouse.gov/amendments.php?KEY=33782,Adopt Amendment 3a Amendment #3a,Yea,Passed
[H]-645,2025-05-07T15:55:00.000-04:00,https://www.scstatehouse.gov/votehistory.php?KEY=26215,H.3276,SC Hands-Free Act,https://www.scstatehouse.gov/billsearch.php?billnumbers=3276&session=126&headerfooter=0,,,Concur in Senate Amendments,Nay,Passed
[H]-646,2025-05-07T15:56:00.000-04:00,https://www.scstatehouse.gov/votehistory.php?KEY=26216,H.3175,License plates,https://www.scstatehouse.gov/billsearch.php?billnumbers=3175&session=126&headerfooter=0,,,Concur in Senate Amendments,Yea,Passed
[H]-647,2025-05-07T16:00:00.000-04:00,https://www.scstatehouse.gov/votehistory.php?KEY=26217,H.3058,Disclosure of Intimate Images,https://www.scstatehouse.gov/billsearch.php?billnumbers=3058&session=126&headerfooter=0,,,Concur in Senate Amendments,Yea,Passed
[H]-648,2025-05-07T16:02:00.000-04:00,https://www.scstatehouse.gov/votehistory.php?KEY=26218,H.3910,Jurisdiction,https://www.scstatehouse.gov/billsearch.php?billnumbers=3910&session=126&headerfooter=0,,,Concur in Senate Amendments,Yea,Passed
[H]-649,2025-05-07T16:14:00.000-04:00,https://www.scstatehouse.gov/votehistory.php?KEY=26221,H.4216,Income tax,https://www.scstatehouse.gov/billsearch.php?billnumbers=4216&session=126&headerfooter=0,,,Passage of Bill,N/V,Passed
[H]-650,2025-05-07T16:29:00.000-04:00,https://www.scstatehouse.gov/votehistory.php?KEY=26222,S.287,Electronic Nicotine Delivery System Regulation,https://www.scstatehouse.gov/billsearch.php?billnumbers=287&session=126&headerfooter=0,,,Table Motion to Adjourn Debate,Nay,Passed
[H]-653,2025-05-08T10:31:00.000-04:00,https://www.scstatehouse.gov/votehistory.php?KEY=26280, ,Helen F. Munnerlyn - Ethics Com.,https://www.scstatehouse.gov/billsearch.php?billnumbers=undefined&session=126&headerfooter=0,,,,Yea,Passed
[H]-654,2025-05-08T10:33:00.000-04:00,https://www.scstatehouse.gov/votehistory.php?KEY=26281, ,Sara Parrish - Ethics Com.,https://www.scstatehouse.gov/billsearch.php?billnumbers=undefined&session=126&headerfooter=0,,,,N/V,Passed
[H]-655,2025-05-08T10:43:00.000-04:00,https://www.scstatehouse.gov/votehistory.php?KEY=26282,S.29,MPIC,https://www.scstatehouse.gov/billsearch.php?billnumbers=29&session=126&headerfooter=0,,,Concur in Senate Amendments,Nay,Failed
[H]-656,2025-05-08T10:48:00.000-04:00,https://www.scstatehouse.gov/votehistory.php?KEY=26283,H.3563,County veterans' affairs office,https://www.scstatehouse.gov/billsearch.php?billnumbers=3563&session=126&headerfooter=0,,,Concur in Senate Amendments,Yea,Passed
[H]-657,2025-05-08T10:51:00.000-04:00,https://www.scstatehouse.gov/votehistory.php?KEY=26284,H.4003,Greater Greenville Sanitation District,https://www.scstatehouse.gov/billsearch.php?billnumbers=4003&session=126&headerfooter=0,,,Concur in Senate Amendments,Yea,Passed
[H]-658,2025-05-08T10:56:00.000-04:00,https://www.scstatehouse.gov/votehistory.php?KEY=26285,H.3571,Underground Facility Damage Prevention,https://www.scstatehouse.gov/billsearch.php?billnumbers=3571&session=126&headerfooter=0,,,Concur in Senate Amendments,Yea,Passed
[H]-659,2025-05-08T11:06:00.000-04:00,https://www.scstatehouse.gov/votehistory.php?KEY=26287,H.4545,Sine Die Addition,https://www.scstatehouse.gov/billsearch.php?billnumbers=4545&session=126&headerfooter=0,,,Commit,Nay,Passed
[H]-660,2025-05-08T11:08:00.000-04:00,https://www.scstatehouse.gov/votehistory.php?KEY=26288,H.4546,Sine Die Addition,https://www.scstatehouse.gov/billsearch.php?billnumbers=4546&session=126&headerfooter=0,,,Commit,Nay,Passed
[H]-661,2025-05-08T11:11:00.000-04:00,https://www.scstatehouse.gov/votehistory.php?KEY=26289,H.4548,Sine Die Addition,https://www.scstatehouse.gov/billsearch.php?billnumbers=4548&session=126&headerfooter=0,,,Commit,Nay,Passed
[H]-662,2025-05-08T11:12:00.000-04:00,https://www.scstatehouse.gov/votehistory.php?KEY=26290,H.4549,Sine Die Addition,https://www.scstatehouse.gov/billsearch.php?billnumbers=4549&session=126&headerfooter=0,,,Commit,Nay,Passed
[H]-663,2025-05-08T11:14:00.000-04:00,https://www.scstatehouse.gov/votehistory.php?KEY=26291,H.4550,Sine Die Addition,https://www.scstatehouse.gov/billsearch.php?billnumbers=4550&session=126&headerfooter=0,,,Commit,Nay,Passed
[H]-664,2025-05-08T11:16:00.000-04:00,https://www.scstatehouse.gov/votehistory.php?KEY=26292,H.4551,Sine Die Addition,https://www.scstatehouse.gov/billsearch.php?billnumbers=4551&session=126&headerfooter=0,,,Commit,Nay,Passed
[H]-665,2025-05-08T11:54:00.000-04:00,https://www.scstatehouse.gov/votehistory.php?KEY=26293,H.4189,DHEC Restructuring,https://www.scstatehouse.gov/billsearch.php?billnumbers=4189&session=126&headerfooter=0,,,Passage of Bill,Nay,Passed
[H]-666,2025-05-08T11:59:00.000-04:00,https://www.scstatehouse.gov/votehistory.php?KEY=26294,H.3292,Golf carts,https://www.scstatehouse.gov/billsearch.php?billnumbers=3292&session=126&headerfooter=0,,,Concur in Senate Amendments,Yea,Passed
[H]-667,2025-05-08T12:14:00.000-04:00,https://www.scstatehouse.gov/votehistory.php?KEY=26295,H.3876,Accommodations,https://www.scstatehouse.gov/billsearch.php?billnumbers=3876&session=126&headerfooter=0,,,Passage of Bill,Yea,Passed
[H]-668,2025-05-08T13:56:00.000-04:00,https://www.scstatehouse.gov/votehistory.php?KEY=26298,H.4247,Commodity Code Execution,https://www.scstatehouse.gov/billsearch.php?billnumbers=4247&session=126&headerfooter=0,,,Concur in Senate Amendments,N/V,Passed
[H]-669,2025-05-08T14:23:00.000-04:00,https://www.scstatehouse.gov/votehistory.php?KEY=26299,S.127,Catawba Nation,https://www.scstatehouse.gov/billsearch.php?billnumbers=127&session=126&headerfooter=0,,,Adopt Conference Report,Yea,Passed
[H]-670,2025-05-08T14:30:00.000-04:00,https://www.scstatehouse.gov/votehistory.php?KEY=26300,H.3752,Social Work Interstate Compact Act,https://www.scstatehouse.gov/billsearch.php?billnumbers=3752&session=126&headerfooter=0,,,Concur in Senate Amendments,Yea,Passed
[H]-671,2025-05-08T14:33:00.000-04:00,https://www.scstatehouse.gov/votehistory.php?KEY=26301,S.74,Electronic Records,https://www.scstatehouse.gov/billsearch.php?billnumbers=74&session=126&headerfooter=0,,,Concur in Senate Amendments,Yea,Passed
[H]-672,2025-05-08T14:36:00.000-04:00,https://www.scstatehouse.gov/votehistory.php?KEY=26302,S.136,Dismissal of pending gun possession charges,https://www.scstatehouse.gov/billsearch.php?billnumbers=136&session=126&headerfooter=0,,,Concur in Senate Amendments,Yea,Passed
[H]-673,2025-05-08T14:39:00.000-04:00,https://www.scstatehouse.gov/votehistory.php?KEY=26303,S.28,AI Child Abuse,https://www.scstatehouse.gov/billsearch.php?billnumbers=28&session=126&headerfooter=0,,,Concur in Senate Amendments,Nay,Failed
[H]-674,2025-05-08T14:45:00.000-04:00,https://www.scstatehouse.gov/votehistory.php?KEY=26305,S.156,Fentanyl Induced Homicide,https://www.scstatehouse.gov/billsearch.php?billnumbers=156&session=126&headerfooter=0,,,Grant Free Conference Powers,Yea,Passed
[H]-675,2025-05-08T15:43:00.000-04:00,https://www.scstatehouse.gov/votehistory.php?KEY=26308,S.156,Fentanyl Induced Homicide,https://www.scstatehouse.gov/billsearch.php?billnumbers=156&session=126&headerfooter=0,,,Adopt Free Conference Report,Yea,Passed
[H]-676,2025-05-08T15:46:00.000-04:00,https://www.scstatehouse.gov/votehistory.php?KEY=26309,S.29,MPIC,https://www.scstatehouse.gov/billsearch.php?billnumbers=29&session=126&headerfooter=0,,,Adopt Conference Report,Yea,Passed
[H]-677,2025-05-08T15:57:00.000-04:00,https://www.scstatehouse.gov/votehistory.php?KEY=26312,S.28,AI Child Abuse,https://www.scstatehouse.gov/billsearch.php?billnumbers=28&session=126&headerfooter=0,,,Adopt Conference Report,Yea,Passed
[H]-679,2025-05-28T14:19:00.000-04:00,https://www.scstatehouse.gov/votehistory.php?KEY=26324,H.4025,"Appropriations Bill, 2025-2026",https://www.scstatehouse.gov/billsearch.php?billnumbers=4025&session=126&headerfooter=0,,,Adopt Conference Report,Nay,Passed
[H]-685,2026-01-14T15:06:00.000-05:00,https://www.scstatehouse.gov/votehistory.php?KEY=26338,S.136,Dismissal of pending gun possession charges,https://www.scstatehouse.gov/billsearch.php?billnumbers=136&session=126&headerfooter=0,,,Override Veto by the Governor,Yea,Passed
[H]-686,2026-01-14T15:12:00.000-05:00,https://www.scstatehouse.gov/votehistory.php?KEY=26340,H.3431,South Carolina Social Media Regulation Act,https://www.scstatehouse.gov/billsearch.php?billnumbers=3431&session=126&headerfooter=0,1A,https://scstatehouse.gov/amendments.php?KEY=33808,Adopt Amendment 1A Amendment #1A,Yea,Passed
[H]-688,2026-01-15T10:24:00.000-05:00,https://www.scstatehouse.gov/votehistory.php?KEY=26342, ,"James Britt Blackwell, At-Large DOT",https://www.scstatehouse.gov/billsearch.php?billnumbers=undefined&session=126&headerfooter=0,,,,Nay,Passed
[H]-689,2026-01-15T11:38:00.000-05:00,https://www.scstatehouse.gov/votehistory.php?KEY=26347,H.4902,"Intercollegiate Athletes' Compensation for Name, Image, or Likeness",https://www.scstatehouse.gov/billsearch.php?billnumbers=4902&session=126&headerfooter=0,,,Passage of Bill,Yea,Passed
[H]-692,2026-01-21T15:01:00.000-05:00,https://www.scstatehouse.gov/votehistory.php?KEY=26364,S.287,Electronic Nicotine Delivery System Regulation,https://www.scstatehouse.gov/billsearch.php?billnumbers=287&session=126&headerfooter=0,2,https://scstatehouse.gov/amendments.php?KEY=33814,Table Amendment 2 Amendment #2,Nay,Failed
[H]-693,2026-01-21T15:27:00.000-05:00,https://www.scstatehouse.gov/votehistory.php?KEY=26365,S.287,Electronic Nicotine Delivery System Regulation,https://www.scstatehouse.gov/billsearch.php?billnumbers=287&session=126&headerfooter=0,2,https://scstatehouse.gov/amendments.php?KEY=33814,Adopt Amendment 2 Amendment #2,Yea,Failed
[H]-694,2026-01-21T15:36:00.000-05:00,https://www.scstatehouse.gov/votehistory.php?KEY=26366,S.287,Electronic Nicotine Delivery System Regulation,https://www.scstatehouse.gov/billsearch.php?billnumbers=287&session=126&headerfooter=0,19,https://scstatehouse.gov/amendments.php?KEY=33822,Table Amendment 19 Amendment #19,Nay,Passed
[H]-695,2026-01-21T15:54:00.000-05:00,https://www.scstatehouse.gov/votehistory.php?KEY=26367,S.287,Electronic Nicotine Delivery System Regulation,https://www.scstatehouse.gov/billsearch.php?billnumbers=287&session=126&headerfooter=0,20,https://scstatehouse.gov/amendments.php?KEY=33823,Table Amendment 20 Amendment #20,Nay,Passed
[H]-696,2026-01-21T16:27:00.000-05:00,https://www.scstatehouse.gov/votehistory.php?KEY=26368,S.287,Electronic Nicotine Delivery System Regulation,https://www.scstatehouse.gov/billsearch.php?billnumbers=287&session=126&headerfooter=0,26,https://scstatehouse.gov/amendments.php?KEY=33828,Table Amendment 26 Amendment #26,Nay,Passed
[H]-697,2026-01-21T16:39:00.000-05:00,https://www.scstatehouse.gov/votehistory.php?KEY=26369,S.287,Electronic Nicotine Delivery System Regulation,https://www.scstatehouse.gov/billsearch.php?billnumbers=287&session=126&headerfooter=0,,,Passage of Bill,Nay,Passed
[H]-699,2026-01-22T11:22:00.000-05:00,https://www.scstatehouse.gov/votehistory.php?KEY=26372,H.5012,"House Rules, immediate consideration and questions during debate",https://www.scstatehouse.gov/billsearch.php?billnumbers=5012&session=126&headerfooter=0,,,Table Motion to Recommit,Nay,Passed
[H]-700,2026-01-22T11:39:00.000-05:00,https://www.scstatehouse.gov/votehistory.php?KEY=26373,H.5012,"House Rules, immediate consideration and questions during debate",https://www.scstatehouse.gov/billsearch.php?billnumbers=5012&session=126&headerfooter=0,,,Adopt House Resolution,Yea,Passed
[H]-702,2026-01-28T15:42:00.000-05:00,https://www.scstatehouse.gov/votehistory.php?KEY=26378,H.4756,South Carolina Student Physical Privacy Act,https://www.scstatehouse.gov/billsearch.php?billnumbers=4756&session=126&headerfooter=0,27,https://scstatehouse.gov/amendments.php?KEY=33839,Table Amendment 27 Amendment #27,Yea,Passed
[H]-703,2026-01-28T15:46:00.000-05:00,https://www.scstatehouse.gov/votehistory.php?KEY=26379,H.4756,South Carolina Student Physical Privacy Act,https://www.scstatehouse.gov/billsearch.php?billnumbers=4756&session=126&headerfooter=0,28,https://scstatehouse.gov/amendments.php?KEY=33840,Table Amendment 28 Amendment #28,N/V,Passed
[H]-704,2026-01-28T15:51:00.000-05:00,https://www.scstatehouse.gov/votehistory.php?KEY=26380,H.4756,South Carolina Student Physical Privacy Act,https://www.scstatehouse.gov/billsearch.php?billnumbers=4756&session=126&headerfooter=0,2,https://scstatehouse.gov/amendments.php?KEY=33836,Table Amendment 2 Amendment #2,N/V,Passed
[H]-705,2026-01-28T16:13:00.000-05:00,https://www.scstatehouse.gov/votehistory.php?KEY=26381,H.4756,South Carolina Student Physical Privacy Act,https://www.scstatehouse.gov/billsearch.php?billnumbers=4756&session=126&headerfooter=0,3,https://scstatehouse.gov/amendments.php?KEY=33837,Table Amendment 3 Amendment #3,Yea,Passed
[H]-706,2026-01-28T16:49:00.000-05:00,https://www.scstatehouse.gov/votehistory.php?KEY=26382,H.4756,South Carolina Student Physical Privacy Act,https://www.scstatehouse.gov/billsearch.php?billnumbers=4756&session=126&headerfooter=0,,,Cloture,Yea,Passed
[H]-707,2026-01-28T16:53:00.000-05:00,https://www.scstatehouse.gov/votehistory.php?KEY=26383,H.4756,South Carolina Student Physical Privacy Act,https://www.scstatehouse.gov/billsearch.php?billnumbers=4756&session=126&headerfooter=0,,,Adjourn For The Day,Nay,Failed
[H]-708,2026-01-28T16:59:00.000-05:00,https://www.scstatehouse.gov/votehistory.php?KEY=26384,H.4756,South Carolina Student Physical Privacy Act,https://www.scstatehouse.gov/billsearch.php?billnumbers=4756&session=126&headerfooter=0,5,https://scstatehouse.gov/amendments.php?KEY=33844,Table Amendment 5 Amendment #5,Yea,Passed
[H]-709,2026-01-28T17:04:00.000-05:00,https://www.scstatehouse.gov/votehistory.php?KEY=26385,H.4756,South Carolina Student Physical Privacy Act,https://www.scstatehouse.gov/billsearch.php?billnumbers=4756&session=126&headerfooter=0,6,https://scstatehouse.gov/amendments.php?KEY=33851,Table Amendment 6 Amendment #6,Yea,Passed
[H]-711,2026-01-29T10:47:00.000-05:00,https://www.scstatehouse.gov/votehistory.php?KEY=26387,S.336,Judicial Elections,https://www.scstatehouse.gov/billsearch.php?billnumbers=336&session=126&headerfooter=0,,,Passage of Bill,Yea,Passed
[H]-712,2026-01-29T10:54:00.000-05:00,https://www.scstatehouse.gov/votehistory.php?KEY=26389,S.779,Legislative Expense Allowance,https://www.scstatehouse.gov/billsearch.php?billnumbers=779&session=126&headerfooter=0,,,Passage of Joint Resolution,Yea,Passed
[H]-713,2026-01-29T11:58:00.000-05:00,https://www.scstatehouse.gov/votehistory.php?KEY=26390,H.4756,South Carolina Student Physical Privacy Act,https://www.scstatehouse.gov/billsearch.php?billnumbers=4756&session=126&headerfooter=0,,,Passage of Bill,Yea,Passed
[H]-717,2026-02-04T11:32:00.000-05:00,https://www.scstatehouse.gov/votehistory.php?KEY=26396,H.4760,Abortion-Inducing Drugs,https://www.scstatehouse.gov/billsearch.php?billnumbers=4760&session=126&headerfooter=0,2,https://scstatehouse.gov/amendments.php?KEY=33886,Table Amendment 2 Amendment #2,Nay,Passed
[H]-718,2026-02-04T11:57:00.000-05:00,https://www.scstatehouse.gov/votehistory.php?KEY=26397,H.4760,Abortion-Inducing Drugs,https://www.scstatehouse.gov/billsearch.php?billnumbers=4760&session=126&headerfooter=0,3,https://scstatehouse.gov/amendments.php?KEY=33887,Table Amendment 3 Amendment #3,Nay,Passed
[H]-719,2026-02-04T12:10:00.000-05:00,https://www.scstatehouse.gov/votehistory.php?KEY=26398,H.4760,Abortion-Inducing Drugs,https://www.scstatehouse.gov/billsearch.php?billnumbers=4760&session=126&headerfooter=0,Amendment number 5sub,https://scstatehouse.gov/amendments.php?KEY=33889,Table Amendment 5 Amendment #5sub,Nay,Passed
[H]-720,2026-02-04T12:42:00.000-05:00,https://www.scstatehouse.gov/votehistory.php?KEY=26400,H.4760,Abortion-Inducing Drugs,https://www.scstatehouse.gov/billsearch.php?billnumbers=4760&session=126&headerfooter=0,6,https://scstatehouse.gov/amendments.php?KEY=33890,Table Amendment 6 Amendment #6,Nay,Failed
[H]-721,2026-02-04T12:59:00.000-05:00,https://www.scstatehouse.gov/votehistory.php?KEY=26401,H.4760,Abortion-Inducing Drugs,https://www.scstatehouse.gov/billsearch.php?billnumbers=4760&session=126&headerfooter=0,7,https://scstatehouse.gov/amendments.php?KEY=33891,Table Amendment 7 Amendment #7,Nay,Passed
[H]-722,2026-02-04T13:03:00.000-05:00,https://www.scstatehouse.gov/votehistory.php?KEY=26403,H.4760,Abortion-Inducing Drugs,https://www.scstatehouse.gov/billsearch.php?billnumbers=4760&session=126&headerfooter=0,8,https://scstatehouse.gov/amendments.php?KEY=33892,Table Amendment 8 Amendment #8,N/V,Passed
[H]-723,2026-02-04T13:27:00.000-05:00,https://www.scstatehouse.gov/votehistory.php?KEY=26404,H.4760,Abortion-Inducing Drugs,https://www.scstatehouse.gov/billsearch.php?billnumbers=4760&session=126&headerfooter=0,9,https://scstatehouse.gov/amendments.php?KEY=33893,Table Amendment 9 Amendment #9,Yea,Passed
[H]-724,2026-02-04T13:50:00.000-05:00,https://www.scstatehouse.gov/votehistory.php?KEY=26405,H.4760,Abortion-Inducing Drugs,https://www.scstatehouse.gov/billsearch.php?billnumbers=4760&session=126&headerfooter=0,10,https://scstatehouse.gov/amendments.php?KEY=33894,Table Amendment 10 Amendment #10,Yea,Passed
[H]-725,2026-02-04T13:58:00.000-05:00,https://www.scstatehouse.gov/votehistory.php?KEY=26407,H.4760,Abortion-Inducing Drugs,https://www.scstatehouse.gov/billsearch.php?billnumbers=4760&session=126&headerfooter=0,11,https://scstatehouse.gov/amendments.php?KEY=33895,Table Amendment 11 Amendment #11,Yea,Passed
[H]-726,2026-02-04T14:14:00.000-05:00,https://www.scstatehouse.gov/votehistory.php?KEY=26408,H.4760,Abortion-Inducing Drugs,https://www.scstatehouse.gov/billsearch.php?billnumbers=4760&session=126&headerfooter=0,12,https://scstatehouse.gov/amendments.php?KEY=33896,Table Amendment 12 Amendment #12,Yea,Passed
[H]-727,2026-02-04T14:17:00.000-05:00,https://www.scstatehouse.gov/votehistory.php?KEY=26409,H.4760,Abortion-Inducing Drugs,https://www.scstatehouse.gov/billsearch.php?billnumbers=4760&session=126&headerfooter=0,15,https://scstatehouse.gov/amendments.php?KEY=33898,Table Amendment 15 Amendment #15,Yea,Passed
[H]-728,2026-02-04T14:22:00.000-05:00,https://www.scstatehouse.gov/votehistory.php?KEY=26410,H.4760,Abortion-Inducing Drugs,https://www.scstatehouse.gov/billsearch.php?billnumbers=4760&session=126&headerfooter=0,16,https://scstatehouse.gov/amendments.php?KEY=33899,Table Amendment 16 Amendment #16,Yea,Passed
[H]-729,2026-02-04T14:40:00.000-05:00,https://www.scstatehouse.gov/votehistory.php?KEY=26411,H.4760,Abortion-Inducing Drugs,https://www.scstatehouse.gov/billsearch.php?billnumbers=4760&session=126&headerfooter=0,17,https://scstatehouse.gov/amendments.php?KEY=33900,Table Amendment 17 Amendment #17,Yea,Passed
[H]-730,2026-02-04T14:45:00.000-05:00,https://www.scstatehouse.gov/votehistory.php?KEY=26412,H.4760,Abortion-Inducing Drugs,https://www.scstatehouse.gov/billsearch.php?billnumbers=4760&session=126&headerfooter=0,18,https://scstatehouse.gov/amendments.php?KEY=33903,Table Amendment 18 Amendment #18,Nay,Passed
[H]-731,2026-02-04T16:06:00.000-05:00,https://www.scstatehouse.gov/votehistory.php?KEY=26419,H.4760,Abortion-Inducing Drugs,https://www.scstatehouse.gov/billsearch.php?billnumbers=4760&session=126&headerfooter=0,,,Passage of Bill,Yea,Passed
[H]-732,2026-02-04T18:03:00.000-05:00,https://www.scstatehouse.gov/votehistory.php?KEY=26420,H.4759,Intoxicating Hemp Beverages,https://www.scstatehouse.gov/billsearch.php?billnumbers=4759&session=126&headerfooter=0,Amendment number 2sub,https://scstatehouse.gov/amendments.php?KEY=33909,Table Amendment 2 Amendment #2sub,Yea,Passed
[H]-733,2026-02-04T18:07:00.000-05:00,https://www.scstatehouse.gov/votehistory.php?KEY=26421,H.4759,Intoxicating Hemp Beverages,https://www.scstatehouse.gov/billsearch.php?billnumbers=4759&session=126&headerfooter=0,,,Table Motion to Recommit,Yea,Passed
[H]-734,2026-02-04T18:10:00.000-05:00,https://www.scstatehouse.gov/votehistory.php?KEY=26422,H.4759,Intoxicating Hemp Beverages,https://www.scstatehouse.gov/billsearch.php?billnumbers=4759&session=126&headerfooter=0,3,https://scstatehouse.gov/amendments.php?KEY=33912,Adopt Amendment 3 Amendment #3,Yea,Failed
[H]-735,2026-02-04T18:15:00.000-05:00,https://www.scstatehouse.gov/votehistory.php?KEY=26423,H.4759,Intoxicating Hemp Beverages,https://www.scstatehouse.gov/billsearch.php?billnumbers=4759&session=126&headerfooter=0,Amendment number 2sub,https://scstatehouse.gov/amendments.php?KEY=33909,Table Motion to Reconsider Amendment 2 Amendment #2sub,Yea,Passed
[H]-736,2026-02-04T18:53:00.000-05:00,https://www.scstatehouse.gov/votehistory.php?KEY=26424,H.4759,Intoxicating Hemp Beverages,https://www.scstatehouse.gov/billsearch.php?billnumbers=4759&session=126&headerfooter=0,,,Table Motion to Reconsider Recommit Bill,Nay,Failed
[H]-737,2026-02-04T19:00:00.000-05:00,https://www.scstatehouse.gov/votehistory.php?KEY=26425,H.4759,Intoxicating Hemp Beverages,https://www.scstatehouse.gov/billsearch.php?billnumbers=4759&session=126&headerfooter=0,,,Motion to Recommit,Yea,Passed
[H]-739,2026-02-05T10:58:00.000-05:00,https://www.scstatehouse.gov/votehistory.php?KEY=26428,H.3551,Poll Worker Pay,https://www.scstatehouse.gov/billsearch.php?billnumbers=3551&session=126&headerfooter=0,,,Passage of Bill,Yea,Passed
[H]-740,2026-02-05T11:13:00.000-05:00,https://www.scstatehouse.gov/votehistory.php?KEY=26430,S.405,Homicide by Child Abuse,https://www.scstatehouse.gov/billsearch.php?billnumbers=405&session=126&headerfooter=0,,,Passage of Bill,Yea,Passed
[H]-741,2026-02-05T11:18:00.000-05:00,https://www.scstatehouse.gov/votehistory.php?KEY=26431,S.415,Child Welfare Caregivers,https://www.scstatehouse.gov/billsearch.php?billnumbers=415&session=126&headerfooter=0,,,Passage of Bill,Yea,Passed
[H]-742,2026-02-05T11:34:00.000-05:00,https://www.scstatehouse.gov/votehistory.php?KEY=26433,H.4760,Abortion-Inducing Drugs,https://www.scstatehouse.gov/billsearch.php?billnumbers=4760&session=126&headerfooter=0,,,Passage of Bill,Yea,Passed
[H]-744,2026-02-10T13:08:00.000-05:00,https://www.scstatehouse.gov/votehistory.php?KEY=26442,H.4586,United States Space Force,https://www.scstatehouse.gov/billsearch.php?billnumbers=4586&session=126&headerfooter=0,,,Passage of Bill,Yea,Passed
[H]-745,2026-02-10T13:10:00.000-05:00,https://www.scstatehouse.gov/votehistory.php?KEY=26443,H.4188,"Coroners, disposition of unidentified or unclaimed remains",https://www.scstatehouse.gov/billsearch.php?billnumbers=4188&session=126&headerfooter=0,,,Passage of Bill,Yea,Passed
[H]-746,2026-02-10T13:14:00.000-05:00,https://www.scstatehouse.gov/votehistory.php?KEY=26444,H.4635,Physical Fitness Services,https://www.scstatehouse.gov/billsearch.php?billnumbers=4635&session=126&headerfooter=0,,,Passage of Bill,Yea,Passed
[H]-747,2026-02-10T13:25:00.000-05:00,https://www.scstatehouse.gov/votehistory.php?KEY=26445,H.4511,"Probate, notice to creditors",https://www.scstatehouse.gov/billsearch.php?billnumbers=4511&session=126&headerfooter=0,,,Passage of Bill,Yea,Passed
[H]-748,2026-02-10T13:29:00.000-05:00,https://www.scstatehouse.gov/votehistory.php?KEY=26446,S.623,Georgetown County Building Requirements,https://www.scstatehouse.gov/billsearch.php?billnumbers=623&session=126&headerfooter=0,,,Override Veto by the Governor,Yea,Passed
[H]-750,2026-02-11T11:28:00.000-05:00,https://www.scstatehouse.gov/votehistory.php?KEY=26450,H.5006,Taxes,https://www.scstatehouse.gov/billsearch.php?billnumbers=5006&session=126&headerfooter=0,,,Passage of Bill,Yea,Passed
[H]-751,2026-02-11T11:43:00.000-05:00,https://www.scstatehouse.gov/votehistory.php?KEY=26452,H.4755,Judicial Selection Reform,https://www.scstatehouse.gov/billsearch.php?billnumbers=4755&session=126&headerfooter=0,,,Table Motion to Adjourn Debate,Yea,Passed
[H]-752,2026-02-11T12:12:00.000-05:00,https://www.scstatehouse.gov/votehistory.php?KEY=26454,H.4755,Judicial Selection Reform,https://www.scstatehouse.gov/billsearch.php?billnumbers=4755&session=126&headerfooter=0,4,https://scstatehouse.gov/amendments.php?KEY=33929,Table Amendment 4 Amendment #4,Yea,Passed
[H]-753,2026-02-11T13:19:00.000-05:00,https://www.scstatehouse.gov/votehistory.php?KEY=26456,H.4755,Judicial Selection Reform,https://www.scstatehouse.gov/billsearch.php?billnumbers=4755&session=126&headerfooter=0,,,Passage of Bill,Yea,Passed
[H]-755,2026-02-12T10:59:00.000-05:00,https://www.scstatehouse.gov/votehistory.php?KEY=26462,H.4755,Judicial Selection Reform,https://www.scstatehouse.gov/billsearch.php?billnumbers=4755&session=126&headerfooter=0,,,Passage of Bill,Yea,Passed
[H]-757,2026-02-17T13:00:00.000-05:00,https://www.scstatehouse.gov/votehistory.php?KEY=26478,S.477,Pharmacy access,https://www.scstatehouse.gov/billsearch.php?billnumbers=477&session=126&headerfooter=0,,,Passage of Bill,Yea,Passed
[H]-759,2026-02-18T11:01:00.000-05:00,https://www.scstatehouse.gov/votehistory.php?KEY=26481,S.586,Kershaw County Transportation Committee,https://www.scstatehouse.gov/billsearch.php?billnumbers=586&session=126&headerfooter=0,,,Passage of Bill,Yea,Passed
[H]-760,2026-02-18T11:14:00.000-05:00,https://www.scstatehouse.gov/votehistory.php?KEY=26482,H.4813,Magistrate court fees and costs,https://www.scstatehouse.gov/billsearch.php?billnumbers=4813&session=126&headerfooter=0,,,Passage of Bill,Yea,Passed
[H]-761,2026-02-18T11:16:00.000-05:00,https://www.scstatehouse.gov/votehistory.php?KEY=26484,H.5064,Northeast Technical College Area Commission,https://www.scstatehouse.gov/billsearch.php?billnumbers=5064&session=126&headerfooter=0,,,Passage of Bill,N/V,Passed
[H]-762,2026-02-18T11:25:00.000-05:00,https://www.scstatehouse.gov/votehistory.php?KEY=26485,H.3477,Maximum potential employment benefits,https://www.scstatehouse.gov/billsearch.php?billnumbers=3477&session=126&headerfooter=0,,,Passage of Bill,Yea,Passed
[H]-763,2026-02-18T11:53:00.000-05:00,https://www.scstatehouse.gov/votehistory.php?KEY=26486,H.4757,Parental Rights,https://www.scstatehouse.gov/billsearch.php?billnumbers=4757&session=126&headerfooter=0,,,Table Motion to Adjourn Debate,Yea,Passed
[H]-764,2026-02-18T12:19:00.000-05:00,https://www.scstatehouse.gov/votehistory.php?KEY=26487,H.4757,Parental Rights,https://www.scstatehouse.gov/billsearch.php?billnumbers=4757&session=126&headerfooter=0,4,https://scstatehouse.gov/amendments.php?KEY=33947,Table Amendment 4 Amendment #4,Yea,Passed
[H]-765,2026-02-18T12:43:00.000-05:00,https://www.scstatehouse.gov/votehistory.php?KEY=26489,H.4757,Parental Rights,https://www.scstatehouse.gov/billsearch.php?billnumbers=4757&session=126&headerfooter=0,12,https://scstatehouse.gov/amendments.php?KEY=33954,Table Amendment 12 Amendment #12,Nay,Passed
[H]-766,2026-02-18T12:47:00.000-05:00,https://www.scstatehouse.gov/votehistory.php?KEY=26490,H.4757,Parental Rights,https://www.scstatehouse.gov/billsearch.php?billnumbers=4757&session=126&headerfooter=0,23,https://scstatehouse.gov/amendments.php?KEY=33955,Adopt Amendment 23 Amendment #23,Nay,Passed
[H]-767,2026-02-18T12:57:00.000-05:00,https://www.scstatehouse.gov/votehistory.php?KEY=26491,H.4757,Parental Rights,https://www.scstatehouse.gov/billsearch.php?billnumbers=4757&session=126&headerfooter=0,,,Passage of Bill,Yea,Passed
[H]-769,2026-02-19T11:15:00.000-05:00,https://www.scstatehouse.gov/votehistory.php?KEY=26510,H.5096,Lab grown/cultured meat,https://www.scstatehouse.gov/billsearch.php?billnumbers=5096&session=126&headerfooter=0,,,Passage of Bill,Yea,Passed
[H]-770,2026-02-19T11:20:00.000-05:00,https://www.scstatehouse.gov/votehistory.php?KEY=26511,H.5097,Roadside Markets,https://www.scstatehouse.gov/billsearch.php?billnumbers=5097&session=126&headerfooter=0,,,Passage of Bill,Yea,Passed
[H]-771,2026-02-19T11:24:00.000-05:00,https://www.scstatehouse.gov/votehistory.php?KEY=26512,S.383,Official state migratory bird,https://www.scstatehouse.gov/billsearch.php?billnumbers=383&session=126&headerfooter=0,,,Passage of Bill,Yea,Passed
[H]-772,2026-02-19T11:26:00.000-05:00,https://www.scstatehouse.gov/votehistory.php?KEY=26513,H.3477,Maximum potential employment benefits,https://www.scstatehouse.gov/billsearch.php?billnumbers=3477&session=126&headerfooter=0,,,Passage of Bill,Yea,Passed
[H]-773,2026-02-19T11:28:00.000-05:00,https://www.scstatehouse.gov/votehistory.php?KEY=26514,H.4757,Parental Rights,https://www.scstatehouse.gov/billsearch.php?billnumbers=4757&session=126&headerfooter=0,,,Passage of Bill,Yea,Passed
[H]-775,2026-02-24T12:49:00.000-05:00,https://www.scstatehouse.gov/votehistory.php?KEY=26528,H.3774,Workers compensation,https://www.scstatehouse.gov/billsearch.php?billnumbers=3774&session=126&headerfooter=0,,,Passage of Bill,Yea,Passed
[H]-776,2026-02-24T12:58:00.000-05:00,https://www.scstatehouse.gov/votehistory.php?KEY=26531,H.4709,US produced iron and steel,https://www.scstatehouse.gov/billsearch.php?billnumbers=4709&session=126&headerfooter=0,,,Passage of Bill,Yea,Passed
[H]-777,2026-02-24T13:01:00.000-05:00,https://www.scstatehouse.gov/votehistory.php?KEY=26532,H.4730,Billboard contractors,https://www.scstatehouse.gov/billsearch.php?billnumbers=4730&session=126&headerfooter=0,,,Passage of Bill,Yea,Passed
[H]-778,2026-02-24T13:08:00.000-05:00,https://www.scstatehouse.gov/votehistory.php?KEY=26534,H.4752,Barbers,https://www.scstatehouse.gov/billsearch.php?billnumbers=4752&session=126&headerfooter=0,,,Passage of Bill,Yea,Passed
[H]-779,2026-02-24T13:11:00.000-05:00,https://www.scstatehouse.gov/votehistory.php?KEY=26535,H.5140,Regulation of Notarial Fees,https://www.scstatehouse.gov/billsearch.php?billnumbers=5140&session=126&headerfooter=0,,,Passage of Bill,N/V,Passed
[H]-780,2026-02-24T13:19:00.000-05:00,https://www.scstatehouse.gov/votehistory.php?KEY=26536,H.5162,Protecting Eligible Adults from Financial Exploitation,https://www.scstatehouse.gov/billsearch.php?billnumbers=5162&session=126&headerfooter=0,,,Passage of Bill,Yea,Passed
[H]-781,2026-02-24T13:31:00.000-05:00,https://www.scstatehouse.gov/votehistory.php?KEY=26537,H.5205,College Safety Training Programs for Students,https://www.scstatehouse.gov/billsearch.php?billnumbers=5205&session=126&headerfooter=0,,,Passage of Bill,Yea,Passed
[H]-784,2026-02-25T14:33:00.000-05:00,https://www.scstatehouse.gov/votehistory.php?KEY=26542,H.4762,School volunteer chaplains and historical displays,https://www.scstatehouse.gov/billsearch.php?billnumbers=4762&session=126&headerfooter=0,1,https://scstatehouse.gov/amendments.php?KEY=33938,Table Amendment 1 Amendment #1,Yea,Failed
[H]-785,2026-02-25T14:35:00.000-05:00,https://www.scstatehouse.gov/votehistory.php?KEY=26543,H.4762,School volunteer chaplains and historical displays,https://www.scstatehouse.gov/billsearch.php?billnumbers=4762&session=126&headerfooter=0,1,https://scstatehouse.gov/amendments.php?KEY=33938,Adopt Amendment 1 Amendment #1,Nay,Passed
[H]-786,2026-02-25T14:41:00.000-05:00,https://www.scstatehouse.gov/votehistory.php?KEY=26544,H.4762,School volunteer chaplains and historical displays,https://www.scstatehouse.gov/billsearch.php?billnumbers=4762&session=126&headerfooter=0,3,https://scstatehouse.gov/amendments.php?KEY=33992,Table Amendment 3 Amendment #3,Yea,Passed
[H]-787,2026-02-25T15:17:00.000-05:00,https://www.scstatehouse.gov/votehistory.php?KEY=26546,H.4762,School volunteer chaplains and historical displays,https://www.scstatehouse.gov/billsearch.php?billnumbers=4762&session=126&headerfooter=0,6,https://scstatehouse.gov/amendments.php?KEY=33995,Table Amendment 6 Amendment #6,Yea,Passed
[H]-788,2026-02-25T15:20:00.000-05:00,https://www.scstatehouse.gov/votehistory.php?KEY=26547,H.4762,School volunteer chaplains and historical displays,https://www.scstatehouse.gov/billsearch.php?billnumbers=4762&session=126&headerfooter=0,,,Table cloture,N/V,Failed
[H]-789,2026-02-25T15:27:00.000-05:00,https://www.scstatehouse.gov/votehistory.php?KEY=26549,H.4762,School volunteer chaplains and historical displays,https://www.scstatehouse.gov/billsearch.php?billnumbers=4762&session=126&headerfooter=0,7,https://scstatehouse.gov/amendments.php?KEY=33996,Table Amendment 7 Amendment #7,N/V,Passed
[H]-790,2026-02-25T15:31:00.000-05:00,https://www.scstatehouse.gov/votehistory.php?KEY=26550,H.4762,School volunteer chaplains and historical displays,https://www.scstatehouse.gov/billsearch.php?billnumbers=4762&session=126&headerfooter=0,8,https://scstatehouse.gov/amendments.php?KEY=33997,Table Amendment 8 Amendment #8,N/V,Passed
[H]-791,2026-02-25T15:36:00.000-05:00,https://www.scstatehouse.gov/votehistory.php?KEY=26551,H.4762,School volunteer chaplains and historical displays,https://www.scstatehouse.gov/billsearch.php?billnumbers=4762&session=126&headerfooter=0,9,https://scstatehouse.gov/amendments.php?KEY=33998,Table Amendment 9 Amendment #9,N/V,Passed
[H]-792,2026-02-25T15:41:00.000-05:00,https://www.scstatehouse.gov/votehistory.php?KEY=26552,H.4762,School volunteer chaplains and historical displays,https://www.scstatehouse.gov/billsearch.php?billnumbers=4762&session=126&headerfooter=0,10,https://scstatehouse.gov/amendments.php?KEY=33999,Table Amendment 10 Amendment #10,N/V,Passed
[H]-793,2026-02-25T15:46:00.000-05:00,https://www.scstatehouse.gov/votehistory.php?KEY=26553,H.4762,School volunteer chaplains and historical displays,https://www.scstatehouse.gov/billsearch.php?billnumbers=4762&session=126&headerfooter=0,11,https://scstatehouse.gov/amendments.php?KEY=34000,Table Amendment 11 Amendment #11,N/V,Passed
[H]-794,2026-02-25T15:48:00.000-05:00,https://www.scstatehouse.gov/votehistory.php?KEY=26554,H.4762,School volunteer chaplains and historical displays,https://www.scstatehouse.gov/billsearch.php?billnumbers=4762&session=126&headerfooter=0,12,https://scstatehouse.gov/amendments.php?KEY=34001,Table Amendment 12 Amendment #12,N/V,Passed
[H]-795,2026-02-25T15:55:00.000-05:00,https://www.scstatehouse.gov/votehistory.php?KEY=26555,H.4762,School volunteer chaplains and historical displays,https://www.scstatehouse.gov/billsearch.php?billnumbers=4762&session=126&headerfooter=0,Amendment number 13sub,https://scstatehouse.gov/amendments.php?KEY=34002,Table Amendment 13 Amendment #13sub,N/V,Failed
[H]-796,2026-02-25T15:57:00.000-05:00,https://www.scstatehouse.gov/votehistory.php?KEY=26556,H.4762,School volunteer chaplains and historical displays,https://www.scstatehouse.gov/billsearch.php?billnumbers=4762&session=126&headerfooter=0,Amendment number 13sub,https://scstatehouse.gov/amendments.php?KEY=34002,Adopt Amendment 13 Amendment #13sub,N/V,Passed
[H]-797,2026-02-25T16:13:00.000-05:00,https://www.scstatehouse.gov/votehistory.php?KEY=26558,H.4762,School volunteer chaplains and historical displays,https://www.scstatehouse.gov/billsearch.php?billnumbers=4762&session=126&headerfooter=0,15,https://scstatehouse.gov/amendments.php?KEY=34004,Table Amendment 15 Amendment #15,N/V,Passed
[H]-798,2026-02-25T16:18:00.000-05:00,https://www.scstatehouse.gov/votehistory.php?KEY=26559,H.4762,School volunteer chaplains and historical displays,https://www.scstatehouse.gov/billsearch.php?billnumbers=4762&session=126&headerfooter=0,16,https://scstatehouse.gov/amendments.php?KEY=34005,Table Amendment 16 Amendment #16,Yea,Passed
[H]-799,2026-02-25T16:24:00.000-05:00,https://www.scstatehouse.gov/votehistory.php?KEY=26560,H.4762,School volunteer chaplains and historical displays,https://www.scstatehouse.gov/billsearch.php?billnumbers=4762&session=126&headerfooter=0,18,https://scstatehouse.gov/amendments.php?KEY=34007,Table Amendment 18 Amendment #18,Yea,Passed
[H]-800,2026-02-25T16:28:00.000-05:00,https://www.scstatehouse.gov/votehistory.php?KEY=26562,H.4762,School volunteer chaplains and historical displays,https://www.scstatehouse.gov/billsearch.php?billnumbers=4762&session=126&headerfooter=0,Amendment number 19sub,https://scstatehouse.gov/amendments.php?KEY=34008,Table Amendment 19 Amendment #19sub,Yea,Passed
[H]-801,2026-02-25T16:32:00.000-05:00,https://www.scstatehouse.gov/votehistory.php?KEY=26563,H.4762,School volunteer chaplains and historical displays,https://www.scstatehouse.gov/billsearch.php?billnumbers=4762&session=126&headerfooter=0,20,https://scstatehouse.gov/amendments.php?KEY=34009,Table Amendment 20 Amendment #20,Yea,Passed
[H]-802,2026-02-25T16:37:00.000-05:00,https://www.scstatehouse.gov/votehistory.php?KEY=26564,H.4762,School volunteer chaplains and historical displays,https://www.scstatehouse.gov/billsearch.php?billnumbers=4762&session=126&headerfooter=0,21,https://scstatehouse.gov/amendments.php?KEY=34010,Table Amendment 21 Amendment #21,Yea,Passed
[H]-803,2026-02-25T16:47:00.000-05:00,https://www.scstatehouse.gov/votehistory.php?KEY=26566,H.4762,School volunteer chaplains and historical displays,https://www.scstatehouse.gov/billsearch.php?billnumbers=4762&session=126&headerfooter=0,23,https://scstatehouse.gov/amendments.php?KEY=34012,Table Amendment 23 Amendment #23,Yea,Passed
[H]-804,2026-02-25T16:55:00.000-05:00,https://www.scstatehouse.gov/votehistory.php?KEY=26567,H.4762,School volunteer chaplains and historical displays,https://www.scstatehouse.gov/billsearch.php?billnumbers=4762&session=126&headerfooter=0,24,https://scstatehouse.gov/amendments.php?KEY=34013,Table Amendment 24 Amendment #24,Yea,Passed
[H]-805,2026-02-25T17:01:00.000-05:00,https://www.scstatehouse.gov/votehistory.php?KEY=26573,H.4762,School volunteer chaplains and historical displays,https://www.scstatehouse.gov/billsearch.php?billnumbers=4762&session=126&headerfooter=0,25,https://scstatehouse.gov/amendments.php?KEY=34014,Table Amendment 25 Amendment #25,Yea,Passed
[H]-806,2026-02-25T17:06:00.000-05:00,https://www.scstatehouse.gov/votehistory.php?KEY=26574,H.4762,School volunteer chaplains and historical displays,https://www.scstatehouse.gov/billsearch.php?billnumbers=4762&session=126&headerfooter=0,26,https://scstatehouse.gov/amendments.php?KEY=34015,Table Amendment 26 Amendment #26,Yea,Passed
[H]-807,2026-02-25T17:11:00.000-05:00,https://www.scstatehouse.gov/votehistory.php?KEY=26575,H.4762,School volunteer chaplains and historical displays,https://www.scstatehouse.gov/billsearch.php?billnumbers=4762&session=126&headerfooter=0,27,https://scstatehouse.gov/amendments.php?KEY=34017,Table Amendment 27 Amendment #27,Nay,Failed
[H]-808,2026-02-25T17:12:00.000-05:00,https://www.scstatehouse.gov/votehistory.php?KEY=26576,H.4762,School volunteer chaplains and historical displays,https://www.scstatehouse.gov/billsearch.php?billnumbers=4762&session=126&headerfooter=0,27,https://scstatehouse.gov/amendments.php?KEY=34017,Adopt Amendment 27 Amendment #27,Yea,Passed
[H]-809,2026-02-25T18:47:00.000-05:00,https://www.scstatehouse.gov/votehistory.php?KEY=26577,H.4762,School volunteer chaplains and historical displays,https://www.scstatehouse.gov/billsearch.php?billnumbers=4762&session=126&headerfooter=0,,,Passage of Bill,Yea,Passed
[H]-810,2026-02-25T18:52:00.000-05:00,https://www.scstatehouse.gov/votehistory.php?KEY=26578,S.583,Board of Funeral Services continuing education requirements,https://www.scstatehouse.gov/billsearch.php?billnumbers=583&session=126&headerfooter=0,,,Passage of Bill,Yea,Passed
[H]-812,2026-02-26T11:22:00.000-05:00,https://www.scstatehouse.gov/votehistory.php?KEY=26583,H.5261,Alcohol Server Training,https://www.scstatehouse.gov/billsearch.php?billnumbers=5261&session=126&headerfooter=0,,,Passage of Joint Resolution,N/V,Passed
[H]-814,2026-03-03T13:11:00.000-05:00,https://www.scstatehouse.gov/votehistory.php?KEY=26610,H.4163,South Carolina High School Athletic Association,https://www.scstatehouse.gov/billsearch.php?billnumbers=4163&session=126&headerfooter=0,,,Passage of Bill,Yea,Passed
[H]-815,2026-03-03T13:21:00.000-05:00,https://www.scstatehouse.gov/votehistory.php?KEY=26611,H.5179,School Mapping Data Program,https://www.scstatehouse.gov/billsearch.php?billnumbers=5179&session=126&headerfooter=0,,,Passage of Bill,Yea,Passed
[H]-816,2026-03-03T13:54:00.000-05:00,https://www.scstatehouse.gov/votehistory.php?KEY=26612,H.4468,Local advisory councils for educating students with disabilities,https://www.scstatehouse.gov/billsearch.php?billnumbers=4468&session=126&headerfooter=0,,,Passage of Bill,Yea,Passed
[H]-817,2026-03-03T14:04:00.000-05:00,https://www.scstatehouse.gov/votehistory.php?KEY=26613,H.3798,Military chaplains,https://www.scstatehouse.gov/billsearch.php?billnumbers=3798&session=126&headerfooter=0,,,Concur in Senate Amendments,Yea,Passed
[H]-820,2026-03-04T11:00:00.000-05:00,https://www.scstatehouse.gov/votehistory.php?KEY=26623,H.5060,St. John's Fire District,https://www.scstatehouse.gov/billsearch.php?billnumbers=5060&session=126&headerfooter=0,,,Passage of Bill,Yea,Passed
[H]-821,2026-03-04T11:03:00.000-05:00,https://www.scstatehouse.gov/votehistory.php?KEY=26624,H.5089,Beaufort County voting precincts,https://www.scstatehouse.gov/billsearch.php?billnumbers=5089&session=126&headerfooter=0,,,Passage of Bill,Yea,Passed
[H]-822,2026-03-04T11:07:00.000-05:00,https://www.scstatehouse.gov/votehistory.php?KEY=26691,H.3474,Transportation Network Companies,https://www.scstatehouse.gov/billsearch.php?billnumbers=3474&session=126&headerfooter=0,,,Passage of Bill,Yea,Passed
[H]-823,2026-03-04T11:11:00.000-05:00,https://www.scstatehouse.gov/votehistory.php?KEY=26692,H.4343,Human trafficking awareness and prevention training,https://www.scstatehouse.gov/billsearch.php?billnumbers=4343&session=126&headerfooter=0,,,Concur in Senate Amendments,Yea,Passed
[H]-824,2026-03-04T11:19:00.000-05:00,https://www.scstatehouse.gov/votehistory.php?KEY=26693,H.3227,Earthquake insurance,https://www.scstatehouse.gov/billsearch.php?billnumbers=3227&session=126&headerfooter=0,,,Passage of Bill,Yea,Passed
[H]-825,2026-03-04T11:43:00.000-05:00,https://www.scstatehouse.gov/votehistory.php?KEY=26694,H.4151,Juveniles,https://www.scstatehouse.gov/billsearch.php?billnumbers=4151&session=126&headerfooter=0,,,Table Motion to Adjourn Debate,Yea,Passed
[H]-833,2026-03-04T14:18:00.000-05:00,https://www.scstatehouse.gov/votehistory.php?KEY=26695,H.4151,Juveniles,https://www.scstatehouse.gov/billsearch.php?billnumbers=4151&session=126&headerfooter=0,,,Passage of Bill,N/V,Passed
[H]-834,2026-03-04T14:39:00.000-05:00,https://www.scstatehouse.gov/votehistory.php?KEY=26696,H.4763,Helping Alleviate Lawful Obstruction HALO Act,https://www.scstatehouse.gov/billsearch.php?billnumbers=4763&session=126&headerfooter=0,1,https://scstatehouse.gov/amendments.php?KEY=34036,Table Amendment 1 Amendment #1,Nay,Failed
[H]-835,2026-03-04T15:14:00.000-05:00,https://www.scstatehouse.gov/votehistory.php?KEY=26697,H.4763,Helping Alleviate Lawful Obstruction HALO Act,https://www.scstatehouse.gov/billsearch.php?billnumbers=4763&session=126&headerfooter=0,3,https://scstatehouse.gov/amendments.php?KEY=34038,Table Amendment 3 Amendment #3,N/V,Passed
[H]-836,2026-03-04T15:19:00.000-05:00,https://www.scstatehouse.gov/votehistory.php?KEY=26700,H.4763,Helping Alleviate Lawful Obstruction HALO Act,https://www.scstatehouse.gov/billsearch.php?billnumbers=4763&session=126&headerfooter=0,5,https://scstatehouse.gov/amendments.php?KEY=34041,Table Amendment 5 Amendment #5,N/V,Passed
[H]-837,2026-03-04T15:52:00.000-05:00,https://www.scstatehouse.gov/votehistory.php?KEY=26701,H.4763,Helping Alleviate Lawful Obstruction HALO Act,https://www.scstatehouse.gov/billsearch.php?billnumbers=4763&session=126&headerfooter=0,6,https://scstatehouse.gov/amendments.php?KEY=34042,Table Amendment 6 Amendment #6,N/V,Passed
[H]-838,2026-03-04T16:15:00.000-05:00,https://www.scstatehouse.gov/votehistory.php?KEY=26702,H.4763,Helping Alleviate Lawful Obstruction HALO Act,https://www.scstatehouse.gov/billsearch.php?billnumbers=4763&session=126&headerfooter=0,7,https://scstatehouse.gov/amendments.php?KEY=34045,Table Amendment 7 Amendment #7,N/V,Passed
[H]-839,2026-03-04T16:32:00.000-05:00,https://www.scstatehouse.gov/votehistory.php?KEY=26704,H.4763,Helping Alleviate Lawful Obstruction HALO Act,https://www.scstatehouse.gov/billsearch.php?billnumbers=4763&session=126&headerfooter=0,Amendment number 4sub,https://scstatehouse.gov/amendments.php?KEY=34048,Table Amendment 4 Amendment #4sub,N/V,Failed
[H]-840,2026-03-04T16:34:00.000-05:00,https://www.scstatehouse.gov/votehistory.php?KEY=26705,H.4763,Helping Alleviate Lawful Obstruction HALO Act,https://www.scstatehouse.gov/billsearch.php?billnumbers=4763&session=126&headerfooter=0,Amendment number 4sub,https://scstatehouse.gov/amendments.php?KEY=34048,Adopt Amendment 4 Amendment #4sub,Yea,Passed
[H]-841,2026-03-04T16:48:00.000-05:00,https://www.scstatehouse.gov/votehistory.php?KEY=26708,H.4763,Helping Alleviate Lawful Obstruction HALO Act,https://www.scstatehouse.gov/billsearch.php?billnumbers=4763&session=126&headerfooter=0,,,Passage of Bill,Yea,Passed
[H]-842,2026-03-04T16:50:00.000-05:00,https://www.scstatehouse.gov/votehistory.php?KEY=26709,H.5120,"Fingerprinting, offenses by minors",https://www.scstatehouse.gov/billsearch.php?billnumbers=5120&session=126&headerfooter=0,,,Passage of Bill,Yea,Passed
[H]-843,2026-03-04T17:01:00.000-05:00,https://www.scstatehouse.gov/votehistory.php?KEY=26710,H.5073,Public school grading,https://www.scstatehouse.gov/billsearch.php?billnumbers=5073&session=126&headerfooter=0,,,Table Motion to Recommit,Yea,Passed
[H]-844,2026-03-04T17:10:00.000-05:00,https://www.scstatehouse.gov/votehistory.php?KEY=26713,H.5073,Public school grading,https://www.scstatehouse.gov/billsearch.php?billnumbers=5073&session=126&headerfooter=0,3,https://scstatehouse.gov/amendments.php?KEY=34053,Table Amendment 3 Amendment #3,N/V,Passed
[H]-845,2026-03-04T17:19:00.000-05:00,https://www.scstatehouse.gov/votehistory.php?KEY=26714,H.5073,Public school grading,https://www.scstatehouse.gov/billsearch.php?billnumbers=5073&session=126&headerfooter=0,6,https://scstatehouse.gov/amendments.php?KEY=34056,Table Amendment 6 Amendment #6,N/V,Passed
[H]-846,2026-03-04T17:21:00.000-05:00,https://www.scstatehouse.gov/votehistory.php?KEY=26715,H.5073,Public school grading,https://www.scstatehouse.gov/billsearch.php?billnumbers=5073&session=126&headerfooter=0,,,Passage of Bill,Yea,Passed
[H]-848,2026-03-05T10:59:00.000-05:00,https://www.scstatehouse.gov/votehistory.php?KEY=26719,H.5182,Jasper County Council,https://www.scstatehouse.gov/billsearch.php?billnumbers=5182&session=126&headerfooter=0,,,Passage of Bill,Yea,Passed
[H]-849,2026-03-05T11:08:00.000-05:00,https://www.scstatehouse.gov/votehistory.php?KEY=26720,H.4342,"Dental and veterinary school faculty, restricted licenses",https://www.scstatehouse.gov/billsearch.php?billnumbers=4342&session=126&headerfooter=0,,,Concur in Senate Amendments,N/V,Passed
[H]-850,2026-03-05T11:30:00.000-05:00,https://www.scstatehouse.gov/votehistory.php?KEY=26721,H.4573,Charlie Kirk Memorial Highway,https://www.scstatehouse.gov/billsearch.php?billnumbers=4573&session=126&headerfooter=0,,,Adopt Concurrent Resolution,Yea,Passed
[H]-851,2026-03-05T11:35:00.000-05:00,https://www.scstatehouse.gov/votehistory.php?KEY=26722,H.5000,"""Charlie Kirk Memorial Bridge""",https://www.scstatehouse.gov/billsearch.php?billnumbers=5000&session=126&headerfooter=0,,,Adopt Concurrent Resolution,Yea,Passed
[H]-852,2026-03-05T11:38:00.000-05:00,https://www.scstatehouse.gov/votehistory.php?KEY=26723,H.4982,President Donald J. Trump Highway,https://www.scstatehouse.gov/billsearch.php?billnumbers=4982&session=126&headerfooter=0,1,https://scstatehouse.gov/amendments.php?KEY=34057,Table Amendment 1 Amendment #1,Yea,Passed
[H]-853,2026-03-05T11:41:00.000-05:00,https://www.scstatehouse.gov/votehistory.php?KEY=26724,H.4982,President Donald J. Trump Highway,https://www.scstatehouse.gov/billsearch.php?billnumbers=4982&session=126&headerfooter=0,2,https://scstatehouse.gov/amendments.php?KEY=34058,Table Amendment 2 Amendment #2,Yea,Passed
[H]-854,2026-03-05T11:45:00.000-05:00,https://www.scstatehouse.gov/votehistory.php?KEY=26725,H.4982,President Donald J. Trump Highway,https://www.scstatehouse.gov/billsearch.php?billnumbers=4982&session=126&headerfooter=0,,,Adopt Concurrent Resolution,Yea,Passed
[H]-856,2026-03-09T13:20:00.000-04:00,https://www.scstatehouse.gov/votehistory.php?KEY=26728,H.5126,Budget,https://www.scstatehouse.gov/billsearch.php?billnumbers=5126&session=126&headerfooter=0,,,"Passage of Section 1, Part 1A",N/V,Passed
[H]-857,2026-03-09T13:21:00.000-04:00,https://www.scstatehouse.gov/votehistory.php?KEY=26729,H.5126,Budget,https://www.scstatehouse.gov/billsearch.php?billnumbers=5126&session=126&headerfooter=0,,,"Passage of Section 2, Part 1A",N/V,Passed
[H]-858,2026-03-09T13:23:00.000-04:00,https://www.scstatehouse.gov/votehistory.php?KEY=26730,H.5126,Budget,https://www.scstatehouse.gov/billsearch.php?billnumbers=5126&session=126&headerfooter=0,,,"Passage of Section 3, Part 1A",N/V,Passed
[H]-859,2026-03-09T13:24:00.000-04:00,https://www.scstatehouse.gov/votehistory.php?KEY=26731,H.5126,Budget,https://www.scstatehouse.gov/billsearch.php?billnumbers=5126&session=126&headerfooter=0,,,"Passage of Section 4, Part 1A",Yea,Passed
[H]-860,2026-03-09T13:25:00.000-04:00,https://www.scstatehouse.gov/votehistory.php?KEY=26732,H.5126,Budget,https://www.scstatehouse.gov/billsearch.php?billnumbers=5126&session=126&headerfooter=0,,,"Passage of Section 5, Part 1A",Yea,Passed
[H]-861,2026-03-09T13:26:00.000-04:00,https://www.scstatehouse.gov/votehistory.php?KEY=26733,H.5126,Budget,https://www.scstatehouse.gov/billsearch.php?billnumbers=5126&session=126&headerfooter=0,,,"Passage of Section 6, Part 1A",Yea,Passed
[H]-862,2026-03-09T13:27:00.000-04:00,https://www.scstatehouse.gov/votehistory.php?KEY=26734,H.5126,Budget,https://www.scstatehouse.gov/billsearch.php?billnumbers=5126&session=126&headerfooter=0,,,"Passage of Section 7, Part 1A",Yea,Passed
[H]-863,2026-03-09T13:29:00.000-04:00,https://www.scstatehouse.gov/votehistory.php?KEY=26735,H.5126,Budget,https://www.scstatehouse.gov/billsearch.php?billnumbers=5126&session=126&headerfooter=0,,,"Passage of Section 8, Part 1A",Yea,Passed
[H]-864,2026-03-09T13:30:00.000-04:00,https://www.scstatehouse.gov/votehistory.php?KEY=26736,H.5126,Budget,https://www.scstatehouse.gov/billsearch.php?billnumbers=5126&session=126&headerfooter=0,,,"Passage of Section 9, Part 1A",Yea,Passed
[H]-865,2026-03-09T13:31:00.000-04:00,https://www.scstatehouse.gov/votehistory.php?KEY=26737,H.5126,Budget,https://www.scstatehouse.gov/billsearch.php?billnumbers=5126&session=126&headerfooter=0,,,"Passage of Section 10, Part 1A",Yea,Passed
[H]-866,2026-03-09T13:33:00.000-04:00,https://www.scstatehouse.gov/votehistory.php?KEY=26738,H.5126,Budget,https://www.scstatehouse.gov/billsearch.php?billnumbers=5126&session=126&headerfooter=0,,,"Passage of Section 11, Part 1A",Yea,Passed
[H]-867,2026-03-09T13:34:00.000-04:00,https://www.scstatehouse.gov/votehistory.php?KEY=26739,H.5126,Budget,https://www.scstatehouse.gov/billsearch.php?billnumbers=5126&session=126&headerfooter=0,,,"Passage of Section 12, Part 1A",Yea,Passed
[H]-868,2026-03-09T13:38:00.000-04:00,https://www.scstatehouse.gov/votehistory.php?KEY=26740,H.5126,Budget,https://www.scstatehouse.gov/billsearch.php?billnumbers=5126&session=126&headerfooter=0,,,"Passage of Section 23, Part 1A",Yea,Passed
[H]-869,2026-03-09T13:39:00.000-04:00,https://www.scstatehouse.gov/votehistory.php?KEY=26741,H.5126,Budget,https://www.scstatehouse.gov/billsearch.php?billnumbers=5126&session=126&headerfooter=0,,,"Passage of Section 24, Part 1A",Yea,Passed
[H]-870,2026-03-09T13:40:00.000-04:00,https://www.scstatehouse.gov/votehistory.php?KEY=26742,H.5126,Budget,https://www.scstatehouse.gov/billsearch.php?billnumbers=5126&session=126&headerfooter=0,,,"Passage of Section 25, Part 1A",Yea,Passed
[H]-871,2026-03-09T13:41:00.000-04:00,https://www.scstatehouse.gov/votehistory.php?KEY=26743,H.5126,Budget,https://www.scstatehouse.gov/billsearch.php?billnumbers=5126&session=126&headerfooter=0,,,"Passage of Section 26, Part 1A",Yea,Passed
[H]-872,2026-03-09T13:43:00.000-04:00,https://www.scstatehouse.gov/votehistory.php?KEY=26744,H.5126,Budget,https://www.scstatehouse.gov/billsearch.php?billnumbers=5126&session=126&headerfooter=0,,,"Passage of Section 28, Part 1A",Nay,Passed
[H]-873,2026-03-09T13:44:00.000-04:00,https://www.scstatehouse.gov/votehistory.php?KEY=26745,H.5126,Budget,https://www.scstatehouse.gov/billsearch.php?billnumbers=5126&session=126&headerfooter=0,,,"Passage of Section 29, Part 1A",Yea,Passed
[H]-874,2026-03-09T13:45:00.000-04:00,https://www.scstatehouse.gov/votehistory.php?KEY=26746,H.5126,Budget,https://www.scstatehouse.gov/billsearch.php?billnumbers=5126&session=126&headerfooter=0,,,"Passage of Section 30, Part 1A",N/V,Passed
[H]-875,2026-03-09T13:46:00.000-04:00,https://www.scstatehouse.gov/votehistory.php?KEY=26747,H.5126,Budget,https://www.scstatehouse.gov/billsearch.php?billnumbers=5126&session=126&headerfooter=0,,,"Passage of Section 32, Part 1A",Yea,Passed
[H]-876,2026-03-09T13:47:00.000-04:00,https://www.scstatehouse.gov/votehistory.php?KEY=26748,H.5126,Budget,https://www.scstatehouse.gov/billsearch.php?billnumbers=5126&session=126&headerfooter=0,,,"Passage of Section 33, Part 1A",Yea,Passed
[H]-877,2026-03-09T13:51:00.000-04:00,https://www.scstatehouse.gov/votehistory.php?KEY=26750,H.5126,Budget,https://www.scstatehouse.gov/billsearch.php?billnumbers=5126&session=126&headerfooter=0,,,"Passage of Section 34, Part 1A",Nay,Passed
[H]-878,2026-03-09T13:53:00.000-04:00,https://www.scstatehouse.gov/votehistory.php?KEY=26751,H.5126,Budget,https://www.scstatehouse.gov/billsearch.php?billnumbers=5126&session=126&headerfooter=0,,,"Passage of Section 38 , Part 1A",Yea,Passed
[H]-879,2026-03-09T13:54:00.000-04:00,https://www.scstatehouse.gov/votehistory.php?KEY=26753,H.5126,Budget,https://www.scstatehouse.gov/billsearch.php?billnumbers=5126&session=126&headerfooter=0,,,"Passage of Section 39, Part 1A",Yea,Passed
[H]-880,2026-03-09T13:55:00.000-04:00,https://www.scstatehouse.gov/votehistory.php?KEY=26754,H.5126,Budget,https://www.scstatehouse.gov/billsearch.php?billnumbers=5126&session=126&headerfooter=0,,,"Passage of Section 40 , Part 1A",Yea,Passed
[H]-881,2026-03-09T13:56:00.000-04:00,https://www.scstatehouse.gov/votehistory.php?KEY=26755,H.5126,Budget,https://www.scstatehouse.gov/billsearch.php?billnumbers=5126&session=126&headerfooter=0,,,"Passage of Section 41, Part 1A",Yea,Passed
[H]-882,2026-03-09T13:57:00.000-04:00,https://www.scstatehouse.gov/votehistory.php?KEY=26756,H.5126,Budget,https://www.scstatehouse.gov/billsearch.php?billnumbers=5126&session=126&headerfooter=0,,,"Passage of Section 42, Part 1A",Nay,Passed
[H]-883,2026-03-09T13:59:00.000-04:00,https://www.scstatehouse.gov/votehistory.php?KEY=26757,H.5126,Budget,https://www.scstatehouse.gov/billsearch.php?billnumbers=5126&session=126&headerfooter=0,,,"Passage of Section 43, Part 1A",Yea,Passed
[H]-884,2026-03-09T14:00:00.000-04:00,https://www.scstatehouse.gov/votehistory.php?KEY=26758,H.5126,Budget,https://www.scstatehouse.gov/billsearch.php?billnumbers=5126&session=126&headerfooter=0,,,"Passage of Section 44, Part 1A",Yea,Passed
[H]-885,2026-03-09T14:01:00.000-04:00,https://www.scstatehouse.gov/votehistory.php?KEY=26759,H.5126,Budget,https://www.scstatehouse.gov/billsearch.php?billnumbers=5126&session=126&headerfooter=0,,,"Passage of Section 45, Part 1A",Yea,Passed
[H]-886,2026-03-09T14:02:00.000-04:00,https://www.scstatehouse.gov/votehistory.php?KEY=26760,H.5126,Budget,https://www.scstatehouse.gov/billsearch.php?billnumbers=5126&session=126&headerfooter=0,,,"Passage of Section 46, Part 1A",Yea,Passed
[H]-887,2026-03-09T14:04:00.000-04:00,https://www.scstatehouse.gov/votehistory.php?KEY=26761,H.5126,Budget,https://www.scstatehouse.gov/billsearch.php?billnumbers=5126&session=126&headerfooter=0,,,"Passage of Section 47, Part 1A",Yea,Passed
[H]-888,2026-03-09T14:06:00.000-04:00,https://www.scstatehouse.gov/votehistory.php?KEY=26762,H.5126,Budget,https://www.scstatehouse.gov/billsearch.php?billnumbers=5126&session=126&headerfooter=0,,,"Passage of Section 51, Part 1A",Yea,Passed
[H]-889,2026-03-09T14:07:00.000-04:00,https://www.scstatehouse.gov/votehistory.php?KEY=26763,H.5126,Budget,https://www.scstatehouse.gov/billsearch.php?billnumbers=5126&session=126&headerfooter=0,,,"Passage of Section 52, Part 1A",Yea,Passed
[H]-890,2026-03-09T14:08:00.000-04:00,https://www.scstatehouse.gov/votehistory.php?KEY=26764,H.5126,Budget,https://www.scstatehouse.gov/billsearch.php?billnumbers=5126&session=126&headerfooter=0,,,"Passage of Section 53, Part 1A",Yea,Passed
[H]-891,2026-03-09T14:09:00.000-04:00,https://www.scstatehouse.gov/votehistory.php?KEY=26765,H.5126,Budget,https://www.scstatehouse.gov/billsearch.php?billnumbers=5126&session=126&headerfooter=0,,,"Passage of Section 55, Part 1A",Yea,Passed
[H]-892,2026-03-09T14:10:00.000-04:00,https://www.scstatehouse.gov/votehistory.php?KEY=26766,H.5126,Budget,https://www.scstatehouse.gov/billsearch.php?billnumbers=5126&session=126&headerfooter=0,,,"Passage of Section 57, Part 1A",Yea,Passed
[H]-893,2026-03-09T14:11:00.000-04:00,https://www.scstatehouse.gov/votehistory.php?KEY=26767,H.5126,Budget,https://www.scstatehouse.gov/billsearch.php?billnumbers=5126&session=126&headerfooter=0,,,"Passage of Section 58, Part 1A",Yea,Passed
[H]-894,2026-03-09T14:13:00.000-04:00,https://www.scstatehouse.gov/votehistory.php?KEY=26768,H.5126,Budget,https://www.scstatehouse.gov/billsearch.php?billnumbers=5126&session=126&headerfooter=0,,,"Passage of Section 59, Part 1A",Yea,Passed
[H]-895,2026-03-09T14:14:00.000-04:00,https://www.scstatehouse.gov/votehistory.php?KEY=26769,H.5126,Budget,https://www.scstatehouse.gov/billsearch.php?billnumbers=5126&session=126&headerfooter=0,,,"Passage of Section 60, Part 1A",Yea,Passed
[H]-896,2026-03-09T14:15:00.000-04:00,https://www.scstatehouse.gov/votehistory.php?KEY=26770,H.5126,Budget,https://www.scstatehouse.gov/billsearch.php?billnumbers=5126&session=126&headerfooter=0,,,"Passage of Section 61, Part 1A",Yea,Passed
[H]-897,2026-03-09T14:16:00.000-04:00,https://www.scstatehouse.gov/votehistory.php?KEY=26771,H.5126,Budget,https://www.scstatehouse.gov/billsearch.php?billnumbers=5126&session=126&headerfooter=0,,,"Passage of Section 62, Part 1A",Yea,Passed
[H]-898,2026-03-09T14:17:00.000-04:00,https://www.scstatehouse.gov/votehistory.php?KEY=26772,H.5126,Budget,https://www.scstatehouse.gov/billsearch.php?billnumbers=5126&session=126&headerfooter=0,,,"Passage of Section 63, Part 1A",Yea,Passed
[H]-899,2026-03-09T14:18:00.000-04:00,https://www.scstatehouse.gov/votehistory.php?KEY=26773,H.5126,Budget,https://www.scstatehouse.gov/billsearch.php?billnumbers=5126&session=126&headerfooter=0,,,"Passage of Section 64, Part 1A",Yea,Passed
[H]-900,2026-03-09T14:20:00.000-04:00,https://www.scstatehouse.gov/votehistory.php?KEY=26909,H.5126,Budget,https://www.scstatehouse.gov/billsearch.php?billnumbers=5126&session=126&headerfooter=0,,,"Passage of Section 65, Part 1A",Yea,Passed
[H]-901,2026-03-09T14:21:00.000-04:00,https://www.scstatehouse.gov/votehistory.php?KEY=26775,H.5126,Budget,https://www.scstatehouse.gov/billsearch.php?billnumbers=5126&session=126&headerfooter=0,,,"Passage of Section 66, Part 1A",Yea,Passed
[H]-902,2026-03-09T14:22:00.000-04:00,https://www.scstatehouse.gov/votehistory.php?KEY=26776,H.5126,Budget,https://www.scstatehouse.gov/billsearch.php?billnumbers=5126&session=126&headerfooter=0,,,"Passage of Section 67, Part 1A",Yea,Passed
[H]-903,2026-03-09T14:24:00.000-04:00,https://www.scstatehouse.gov/votehistory.php?KEY=26777,H.5126,Budget,https://www.scstatehouse.gov/billsearch.php?billnumbers=5126&session=126&headerfooter=0,,,"Passage of Section 72, Part 1A",Yea,Passed
[H]-904,2026-03-09T14:25:00.000-04:00,https://www.scstatehouse.gov/votehistory.php?KEY=26779,H.5126,Budget,https://www.scstatehouse.gov/billsearch.php?billnumbers=5126&session=126&headerfooter=0,,,"Passage of Section 73, Part 1A",Yea,Passed
[H]-905,2026-03-09T14:27:00.000-04:00,https://www.scstatehouse.gov/votehistory.php?KEY=26780,H.5126,Budget,https://www.scstatehouse.gov/billsearch.php?billnumbers=5126&session=126&headerfooter=0,,,"Passage of Section 74, Part 1A",Yea,Passed
[H]-906,2026-03-09T14:28:00.000-04:00,https://www.scstatehouse.gov/votehistory.php?KEY=26781,H.5126,Budget,https://www.scstatehouse.gov/billsearch.php?billnumbers=5126&session=126&headerfooter=0,,,"Passage of Section 75, Part 1A",Yea,Passed
[H]-907,2026-03-09T14:29:00.000-04:00,https://www.scstatehouse.gov/votehistory.php?KEY=26783,H.5126,Budget,https://www.scstatehouse.gov/billsearch.php?billnumbers=5126&session=126&headerfooter=0,,,"Passage of Section 78, Part 1A",Yea,Passed
[H]-908,2026-03-09T14:30:00.000-04:00,https://www.scstatehouse.gov/votehistory.php?KEY=26784,H.5126,Budget,https://www.scstatehouse.gov/billsearch.php?billnumbers=5126&session=126&headerfooter=0,,,"Passage of Section 79, Part 1A",Yea,Passed
[H]-909,2026-03-09T14:31:00.000-04:00,https://www.scstatehouse.gov/votehistory.php?KEY=26785,H.5126,Budget,https://www.scstatehouse.gov/billsearch.php?billnumbers=5126&session=126&headerfooter=0,,,"Passage of Section 80, Part 1A",Yea,Passed
[H]-910,2026-03-09T14:32:00.000-04:00,https://www.scstatehouse.gov/votehistory.php?KEY=26786,H.5126,Budget,https://www.scstatehouse.gov/billsearch.php?billnumbers=5126&session=126&headerfooter=0,,,"Passage of Section 81, Part 1A",Yea,Passed
[H]-911,2026-03-09T14:33:00.000-04:00,https://www.scstatehouse.gov/votehistory.php?KEY=26787,H.5126,Budget,https://www.scstatehouse.gov/billsearch.php?billnumbers=5126&session=126&headerfooter=0,,,"Passage of Section 82, Part 1A",N/V,Passed
[H]-912,2026-03-09T14:34:00.000-04:00,https://www.scstatehouse.gov/votehistory.php?KEY=26789,H.5126,Budget,https://www.scstatehouse.gov/billsearch.php?billnumbers=5126&session=126&headerfooter=0,,,"Passage of Section 83, Part 1A",Yea,Passed
[H]-913,2026-03-09T14:35:00.000-04:00,https://www.scstatehouse.gov/votehistory.php?KEY=26790,H.5126,Budget,https://www.scstatehouse.gov/billsearch.php?billnumbers=5126&session=126&headerfooter=0,,,"Passage of Section 84, Part 1A",Yea,Passed
[H]-914,2026-03-09T14:36:00.000-04:00,https://www.scstatehouse.gov/votehistory.php?KEY=26791,H.5126,Budget,https://www.scstatehouse.gov/billsearch.php?billnumbers=5126&session=126&headerfooter=0,,,"Passage of Section 85, Part 1A",Yea,Passed
[H]-915,2026-03-09T14:37:00.000-04:00,https://www.scstatehouse.gov/votehistory.php?KEY=26792,H.5126,Budget,https://www.scstatehouse.gov/billsearch.php?billnumbers=5126&session=126&headerfooter=0,,,"Passage of Section 86, Part 1A",Yea,Passed
[H]-916,2026-03-09T14:39:00.000-04:00,https://www.scstatehouse.gov/votehistory.php?KEY=26793,H.5126,Budget,https://www.scstatehouse.gov/billsearch.php?billnumbers=5126&session=126&headerfooter=0,,,"Passage of Section 87, Part 1A",Yea,Passed
[H]-917,2026-03-09T14:39:00.000-04:00,https://www.scstatehouse.gov/votehistory.php?KEY=26794,H.5126,Budget,https://www.scstatehouse.gov/billsearch.php?billnumbers=5126&session=126&headerfooter=0,,,"Passage of Section 91A, Part 1A",Yea,Passed
[H]-918,2026-03-09T14:40:00.000-04:00,https://www.scstatehouse.gov/votehistory.php?KEY=26795,H.5126,Budget,https://www.scstatehouse.gov/billsearch.php?billnumbers=5126&session=126&headerfooter=0,,,"Passage of Section 91B, Part 1A",Yea,Passed
[H]-919,2026-03-09T14:41:00.000-04:00,https://www.scstatehouse.gov/votehistory.php?KEY=26796,H.5126,Budget,https://www.scstatehouse.gov/billsearch.php?billnumbers=5126&session=126&headerfooter=0,,,"Passage of Section 91C, Part 1A",Yea,Passed
[H]-920,2026-03-09T14:42:00.000-04:00,https://www.scstatehouse.gov/votehistory.php?KEY=26797,H.5126,Budget,https://www.scstatehouse.gov/billsearch.php?billnumbers=5126&session=126&headerfooter=0,,,"Passage of Section 91D, Part 1A",Yea,Passed
[H]-921,2026-03-09T14:43:00.000-04:00,https://www.scstatehouse.gov/votehistory.php?KEY=26798,H.5126,Budget,https://www.scstatehouse.gov/billsearch.php?billnumbers=5126&session=126&headerfooter=0,,,"Passage of Section 91E, Part 1A",Yea,Passed
[H]-922,2026-03-09T14:44:00.000-04:00,https://www.scstatehouse.gov/votehistory.php?KEY=26799,H.5126,Budget,https://www.scstatehouse.gov/billsearch.php?billnumbers=5126&session=126&headerfooter=0,,,"Passage of Section 92A, Part 1A",Yea,Passed
[H]-923,2026-03-09T14:45:00.000-04:00,https://www.scstatehouse.gov/votehistory.php?KEY=26800,H.5126,Budget,https://www.scstatehouse.gov/billsearch.php?billnumbers=5126&session=126&headerfooter=0,,,"Passage of Section 92C, Part 1A",Yea,Passed
[H]-924,2026-03-09T14:46:00.000-04:00,https://www.scstatehouse.gov/votehistory.php?KEY=26801,H.5126,Budget,https://www.scstatehouse.gov/billsearch.php?billnumbers=5126&session=126&headerfooter=0,,,"Passage of Section 92D, Part 1A",Yea,Passed
[H]-925,2026-03-09T14:47:00.000-04:00,https://www.scstatehouse.gov/votehistory.php?KEY=26802,H.5126,Budget,https://www.scstatehouse.gov/billsearch.php?billnumbers=5126&session=126&headerfooter=0,,,"Passage of Section 94, Part 1A",Yea,Passed
[H]-926,2026-03-09T14:48:00.000-04:00,https://www.scstatehouse.gov/votehistory.php?KEY=26803,H.5126,Budget,https://www.scstatehouse.gov/billsearch.php?billnumbers=5126&session=126&headerfooter=0,,,"Passage of Section 96, Part 1A",Yea,Passed
[H]-927,2026-03-09T14:49:00.000-04:00,https://www.scstatehouse.gov/votehistory.php?KEY=26804,H.5126,Budget,https://www.scstatehouse.gov/billsearch.php?billnumbers=5126&session=126&headerfooter=0,,,"Passage of Section 97, Part 1A",Yea,Passed
[H]-928,2026-03-09T14:50:00.000-04:00,https://www.scstatehouse.gov/votehistory.php?KEY=26805,H.5126,Budget,https://www.scstatehouse.gov/billsearch.php?billnumbers=5126&session=126&headerfooter=0,,,"Passage of Section 98, Part 1A",Yea,Passed
[H]-929,2026-03-09T14:51:00.000-04:00,https://www.scstatehouse.gov/votehistory.php?KEY=26806,H.5126,Budget,https://www.scstatehouse.gov/billsearch.php?billnumbers=5126&session=126&headerfooter=0,,,"Passage of Section 99, Part 1A",N/V,Passed
[H]-930,2026-03-09T14:52:00.000-04:00,https://www.scstatehouse.gov/votehistory.php?KEY=26807,H.5126,Budget,https://www.scstatehouse.gov/billsearch.php?billnumbers=5126&session=126&headerfooter=0,,,"Passage of Section 100, Part 1A",Yea,Passed
[H]-931,2026-03-09T14:53:00.000-04:00,https://www.scstatehouse.gov/votehistory.php?KEY=26808,H.5126,Budget,https://www.scstatehouse.gov/billsearch.php?billnumbers=5126&session=126&headerfooter=0,,,"Passage of Section 101, Part 1A",Yea,Passed
[H]-932,2026-03-09T14:54:00.000-04:00,https://www.scstatehouse.gov/votehistory.php?KEY=26809,H.5126,Budget,https://www.scstatehouse.gov/billsearch.php?billnumbers=5126&session=126&headerfooter=0,,,"Passage of Section 102, Part 1A",Nay,Passed
[H]-933,2026-03-09T14:55:00.000-04:00,https://www.scstatehouse.gov/votehistory.php?KEY=26810,H.5126,Budget,https://www.scstatehouse.gov/billsearch.php?billnumbers=5126&session=126&headerfooter=0,,,"Passage of Section 103, Part 1A",Yea,Passed
[H]-934,2026-03-09T14:57:00.000-04:00,https://www.scstatehouse.gov/votehistory.php?KEY=26811,H.5126,Budget,https://www.scstatehouse.gov/billsearch.php?billnumbers=5126&session=126&headerfooter=0,,,"Passage of Section 104, Part 1A",N/V,Passed
[H]-935,2026-03-09T14:58:00.000-04:00,https://www.scstatehouse.gov/votehistory.php?KEY=26812,H.5126,Budget,https://www.scstatehouse.gov/billsearch.php?billnumbers=5126&session=126&headerfooter=0,,,"Passage of Section 106, Part 1A",Yea,Passed
[H]-936,2026-03-09T14:59:00.000-04:00,https://www.scstatehouse.gov/votehistory.php?KEY=26813,H.5126,Budget,https://www.scstatehouse.gov/billsearch.php?billnumbers=5126&session=126&headerfooter=0,,,"Passage of Section 107, Part 1A",Yea,Passed
[H]-937,2026-03-09T15:00:00.000-04:00,https://www.scstatehouse.gov/votehistory.php?KEY=26814,H.5126,Budget,https://www.scstatehouse.gov/billsearch.php?billnumbers=5126&session=126&headerfooter=0,,,"Passage of Section 108, Part 1A",Yea,Passed
[H]-938,2026-03-09T15:01:00.000-04:00,https://www.scstatehouse.gov/votehistory.php?KEY=26815,H.5126,Budget,https://www.scstatehouse.gov/billsearch.php?billnumbers=5126&session=126&headerfooter=0,,,"Passage of Section 109, Part 1A",Yea,Passed
[H]-939,2026-03-09T15:02:00.000-04:00,https://www.scstatehouse.gov/votehistory.php?KEY=26816,H.5126,Budget,https://www.scstatehouse.gov/billsearch.php?billnumbers=5126&session=126&headerfooter=0,,,"Passage of Section 110, Part 1A",N/V,Passed
[H]-940,2026-03-09T15:03:00.000-04:00,https://www.scstatehouse.gov/votehistory.php?KEY=26817,H.5126,Budget,https://www.scstatehouse.gov/billsearch.php?billnumbers=5126&session=126&headerfooter=0,,,"Passage of Section 111, Part 1A",N/V,Passed
[H]-941,2026-03-09T15:04:00.000-04:00,https://www.scstatehouse.gov/votehistory.php?KEY=26818,H.5126,Budget,https://www.scstatehouse.gov/billsearch.php?billnumbers=5126&session=126&headerfooter=0,,,"Passage of Section 112, Part 1A",Yea,Passed
[H]-942,2026-03-09T15:05:00.000-04:00,https://www.scstatehouse.gov/votehistory.php?KEY=26819,H.5126,Budget,https://www.scstatehouse.gov/billsearch.php?billnumbers=5126&session=126&headerfooter=0,,,"Passage of Section 113, Part 1A",Yea,Passed
[H]-943,2026-03-09T15:15:00.000-04:00,https://www.scstatehouse.gov/votehistory.php?KEY=26910,H.5126,Budget,https://www.scstatehouse.gov/billsearch.php?billnumbers=5126&session=126&headerfooter=0,,,"Passage of Section 1A, Part 1B",Yea,Passed
[H]-944,2026-03-09T15:28:00.000-04:00,https://www.scstatehouse.gov/votehistory.php?KEY=26821,H.5126,Budget,https://www.scstatehouse.gov/billsearch.php?billnumbers=5126&session=126&headerfooter=0,,,"Passage of Section 3, Part 1B",Nay,Passed
[H]-946,2026-03-09T15:30:00.000-04:00,https://www.scstatehouse.gov/votehistory.php?KEY=26823,H.5126,Budget,https://www.scstatehouse.gov/billsearch.php?billnumbers=5126&session=126&headerfooter=0,,,"Passage of Section 6, Part 1B",Yea,Passed
[H]-945,2026-03-09T15:30:00.000-04:00,https://www.scstatehouse.gov/votehistory.php?KEY=26822,H.5126,Budget,https://www.scstatehouse.gov/billsearch.php?billnumbers=5126&session=126&headerfooter=0,,,"Passage of Section 5, Part 1B",Yea,Passed
[H]-947,2026-03-09T15:31:00.000-04:00,https://www.scstatehouse.gov/votehistory.php?KEY=26824,H.5126,Budget,https://www.scstatehouse.gov/billsearch.php?billnumbers=5126&session=126&headerfooter=0,,,"Passage of Section 7, Part 1B",Yea,Passed
[H]-948,2026-03-09T15:33:00.000-04:00,https://www.scstatehouse.gov/votehistory.php?KEY=26825,H.5126,Budget,https://www.scstatehouse.gov/billsearch.php?billnumbers=5126&session=126&headerfooter=0,,,"Passage of Section 8, Part 1B",Nay,Passed
[H]-949,2026-03-09T15:34:00.000-04:00,https://www.scstatehouse.gov/votehistory.php?KEY=26826,H.5126,Budget,https://www.scstatehouse.gov/billsearch.php?billnumbers=5126&session=126&headerfooter=0,,,"Passage of Section 9, Part 1B",Yea,Passed
[H]-950,2026-03-09T15:35:00.000-04:00,https://www.scstatehouse.gov/votehistory.php?KEY=26827,H.5126,Budget,https://www.scstatehouse.gov/billsearch.php?billnumbers=5126&session=126&headerfooter=0,,,"Passage of Section 10, Part 1B",Yea,Passed
[H]-951,2026-03-09T15:36:00.000-04:00,https://www.scstatehouse.gov/votehistory.php?KEY=26828,H.5126,Budget,https://www.scstatehouse.gov/billsearch.php?billnumbers=5126&session=126&headerfooter=0,,,"Passage of Section 11, Part 1B",Nay,Passed
[H]-952,2026-03-09T15:37:00.000-04:00,https://www.scstatehouse.gov/votehistory.php?KEY=26829,H.5126,Budget,https://www.scstatehouse.gov/billsearch.php?billnumbers=5126&session=126&headerfooter=0,,,"Passage of Section 14, Part 1B",Yea,Passed
[H]-953,2026-03-09T15:39:00.000-04:00,https://www.scstatehouse.gov/votehistory.php?KEY=26830,H.5126,Budget,https://www.scstatehouse.gov/billsearch.php?billnumbers=5126&session=126&headerfooter=0,,,"Passage of Section 20, Part 1B",Yea,Passed
[H]-954,2026-03-09T15:40:00.000-04:00,https://www.scstatehouse.gov/votehistory.php?KEY=26831,H.5126,Budget,https://www.scstatehouse.gov/billsearch.php?billnumbers=5126&session=126&headerfooter=0,,,"Passage of Section 23, Part 1B",Yea,Passed
[H]-955,2026-03-09T15:41:00.000-04:00,https://www.scstatehouse.gov/votehistory.php?KEY=26832,H.5126,Budget,https://www.scstatehouse.gov/billsearch.php?billnumbers=5126&session=126&headerfooter=0,,,"Passage of Section 26, Part 1B",Yea,Passed
[H]-956,2026-03-09T15:42:00.000-04:00,https://www.scstatehouse.gov/votehistory.php?KEY=26833,H.5126,Budget,https://www.scstatehouse.gov/billsearch.php?billnumbers=5126&session=126&headerfooter=0,,,"Passage of Section 28, Part 1B",Nay,Passed
[H]-957,2026-03-09T15:43:00.000-04:00,https://www.scstatehouse.gov/votehistory.php?KEY=26834,H.5126,Budget,https://www.scstatehouse.gov/billsearch.php?billnumbers=5126&session=126&headerfooter=0,,,"Passage of Section 29, Part 1B",Yea,Passed
[H]-958,2026-03-09T15:44:00.000-04:00,https://www.scstatehouse.gov/votehistory.php?KEY=26835,H.5126,Budget,https://www.scstatehouse.gov/billsearch.php?billnumbers=5126&session=126&headerfooter=0,,,"Passage of Section 30, Part 1B",Yea,Passed
[H]-959,2026-03-09T15:45:00.000-04:00,https://www.scstatehouse.gov/votehistory.php?KEY=26836,H.5126,Budget,https://www.scstatehouse.gov/billsearch.php?billnumbers=5126&session=126&headerfooter=0,,,"Passage of Section 31, Part 1B",Yea,Passed
[H]-960,2026-03-09T15:46:00.000-04:00,https://www.scstatehouse.gov/votehistory.php?KEY=26837,H.5126,Budget,https://www.scstatehouse.gov/billsearch.php?billnumbers=5126&session=126&headerfooter=0,,,"Passage of Section 32, Part 1B",Yea,Passed
[H]-961,2026-03-09T15:47:00.000-04:00,https://www.scstatehouse.gov/votehistory.php?KEY=26838,H.5126,Budget,https://www.scstatehouse.gov/billsearch.php?billnumbers=5126&session=126&headerfooter=0,,,"Passage of Section 34, Part 1B",Yea,Passed
[H]-962,2026-03-09T15:49:00.000-04:00,https://www.scstatehouse.gov/votehistory.php?KEY=26839,H.5126,Budget,https://www.scstatehouse.gov/billsearch.php?billnumbers=5126&session=126&headerfooter=0,,,"Passage of Section 39, Part 1B",Yea,Passed
[H]-963,2026-03-09T15:50:00.000-04:00,https://www.scstatehouse.gov/votehistory.php?KEY=26840,H.5126,Budget,https://www.scstatehouse.gov/billsearch.php?billnumbers=5126&session=126&headerfooter=0,,,"Passage of Section 40, Part 1B",Yea,Passed
[H]-964,2026-03-09T15:51:00.000-04:00,https://www.scstatehouse.gov/votehistory.php?KEY=26841,H.5126,Budget,https://www.scstatehouse.gov/billsearch.php?billnumbers=5126&session=126&headerfooter=0,,,"Passage of Section 41, Part 1B",Yea,Passed
[H]-965,2026-03-09T15:52:00.000-04:00,https://www.scstatehouse.gov/votehistory.php?KEY=26842,H.5126,Budget,https://www.scstatehouse.gov/billsearch.php?billnumbers=5126&session=126&headerfooter=0,,,"Passage of Section 42, Part 1B",Nay,Passed
[H]-966,2026-03-09T15:52:00.000-04:00,https://www.scstatehouse.gov/votehistory.php?KEY=26843,H.5126,Budget,https://www.scstatehouse.gov/billsearch.php?billnumbers=5126&session=126&headerfooter=0,,,"Passage of Section 43, Part 1B",Yea,Passed
[H]-967,2026-03-09T15:54:00.000-04:00,https://www.scstatehouse.gov/votehistory.php?KEY=26844,H.5126,Budget,https://www.scstatehouse.gov/billsearch.php?billnumbers=5126&session=126&headerfooter=0,,,"Passage of Section 44, Part 1B",Yea,Passed
[H]-968,2026-03-09T15:54:00.000-04:00,https://www.scstatehouse.gov/votehistory.php?KEY=26845,H.5126,Budget,https://www.scstatehouse.gov/billsearch.php?billnumbers=5126&session=126&headerfooter=0,,,"Passage of Section 45, Part 1B",Yea,Passed
[H]-969,2026-03-09T15:55:00.000-04:00,https://www.scstatehouse.gov/votehistory.php?KEY=26846,H.5126,Budget,https://www.scstatehouse.gov/billsearch.php?billnumbers=5126&session=126&headerfooter=0,,,"Passage of Section 47, Part 1B",Yea,Passed
[H]-970,2026-03-09T15:56:00.000-04:00,https://www.scstatehouse.gov/votehistory.php?KEY=26847,H.5126,Budget,https://www.scstatehouse.gov/billsearch.php?billnumbers=5126&session=126&headerfooter=0,,,"Passage of Section 49, Part 1B",Yea,Passed
[H]-971,2026-03-09T15:57:00.000-04:00,https://www.scstatehouse.gov/votehistory.php?KEY=26848,H.5126,Budget,https://www.scstatehouse.gov/billsearch.php?billnumbers=5126&session=126&headerfooter=0,,,"Passage of Section 50, Part 1B",Nay,Passed
[H]-972,2026-03-09T15:58:00.000-04:00,https://www.scstatehouse.gov/votehistory.php?KEY=26849,H.5126,Budget,https://www.scstatehouse.gov/billsearch.php?billnumbers=5126&session=126&headerfooter=0,,,"Passage of Section 52, Part 1B",Yea,Passed
[H]-973,2026-03-09T15:59:00.000-04:00,https://www.scstatehouse.gov/votehistory.php?KEY=26850,H.5126,Budget,https://www.scstatehouse.gov/billsearch.php?billnumbers=5126&session=126&headerfooter=0,,,"Passage of Section 53, Part 1B",Yea,Passed
[H]-974,2026-03-09T16:00:00.000-04:00,https://www.scstatehouse.gov/votehistory.php?KEY=26851,H.5126,Budget,https://www.scstatehouse.gov/billsearch.php?billnumbers=5126&session=126&headerfooter=0,,,"Passage of Section 54, Part 1B",Yea,Passed
[H]-975,2026-03-09T16:01:00.000-04:00,https://www.scstatehouse.gov/votehistory.php?KEY=26852,H.5126,Budget,https://www.scstatehouse.gov/billsearch.php?billnumbers=5126&session=126&headerfooter=0,,,"Passage of Section 58, Part 1B",Yea,Passed
[H]-976,2026-03-09T16:02:00.000-04:00,https://www.scstatehouse.gov/votehistory.php?KEY=26853,H.5126,Budget,https://www.scstatehouse.gov/billsearch.php?billnumbers=5126&session=126&headerfooter=0,,,"Passage of Section 60, Part 1B",Yea,Passed
[H]-977,2026-03-09T16:03:00.000-04:00,https://www.scstatehouse.gov/votehistory.php?KEY=26854,H.5126,Budget,https://www.scstatehouse.gov/billsearch.php?billnumbers=5126&session=126&headerfooter=0,,,"Passage of Section 61, Part 1B",Yea,Passed
[H]-978,2026-03-09T16:04:00.000-04:00,https://www.scstatehouse.gov/votehistory.php?KEY=26855,H.5126,Budget,https://www.scstatehouse.gov/billsearch.php?billnumbers=5126&session=126&headerfooter=0,,,"Passage of Section 62, Part 1B",Yea,Passed
[H]-979,2026-03-09T16:05:00.000-04:00,https://www.scstatehouse.gov/votehistory.php?KEY=26856,H.5126,Budget,https://www.scstatehouse.gov/billsearch.php?billnumbers=5126&session=126&headerfooter=0,,,"Passage of Section 63, Part 1B",Yea,Passed
[H]-980,2026-03-09T16:05:00.000-04:00,https://www.scstatehouse.gov/votehistory.php?KEY=26857,H.5126,Budget,https://www.scstatehouse.gov/billsearch.php?billnumbers=5126&session=126&headerfooter=0,,,"Passage of Section 64, Part 1B",Yea,Passed
[H]-981,2026-03-09T16:06:00.000-04:00,https://www.scstatehouse.gov/votehistory.php?KEY=26858,H.5126,Budget,https://www.scstatehouse.gov/billsearch.php?billnumbers=5126&session=126&headerfooter=0,,,"Passage of Section 65, Part 1B",Yea,Passed
[H]-982,2026-03-09T16:08:00.000-04:00,https://www.scstatehouse.gov/votehistory.php?KEY=26859,H.5126,Budget,https://www.scstatehouse.gov/billsearch.php?billnumbers=5126&session=126&headerfooter=0,,,"Passage of Section 66, Part 1B",Yea,Passed
[H]-983,2026-03-09T16:08:00.000-04:00,https://www.scstatehouse.gov/votehistory.php?KEY=26860,H.5126,Budget,https://www.scstatehouse.gov/billsearch.php?billnumbers=5126&session=126&headerfooter=0,,,"Passage of Section 67, Part 1B",Yea,Passed
[H]-984,2026-03-09T16:10:00.000-04:00,https://www.scstatehouse.gov/votehistory.php?KEY=26861,H.5126,Budget,https://www.scstatehouse.gov/billsearch.php?billnumbers=5126&session=126&headerfooter=0,,,"Passage of Section 71, Part 1B",Nay,Passed
[H]-985,2026-03-09T16:11:00.000-04:00,https://www.scstatehouse.gov/votehistory.php?KEY=26862,H.5126,Budget,https://www.scstatehouse.gov/billsearch.php?billnumbers=5126&session=126&headerfooter=0,,,"Passage of Section 73, Part 1B",Yea,Passed
[H]-986,2026-03-09T16:12:00.000-04:00,https://www.scstatehouse.gov/votehistory.php?KEY=26863,H.5126,Budget,https://www.scstatehouse.gov/billsearch.php?billnumbers=5126&session=126&headerfooter=0,,,"Passage of Section 74, Part 1B",Yea,Passed
[H]-987,2026-03-09T16:13:00.000-04:00,https://www.scstatehouse.gov/votehistory.php?KEY=26864,H.5126,Budget,https://www.scstatehouse.gov/billsearch.php?billnumbers=5126&session=126&headerfooter=0,,,"Passage of Section 75, Part 1B",Yea,Passed
[H]-988,2026-03-09T16:15:00.000-04:00,https://www.scstatehouse.gov/votehistory.php?KEY=26865,H.5126,Budget,https://www.scstatehouse.gov/billsearch.php?billnumbers=5126&session=126&headerfooter=0,,,"Passage of Section 78, Part 1B",Yea,Passed
[H]-989,2026-03-09T16:15:00.000-04:00,https://www.scstatehouse.gov/votehistory.php?KEY=26866,H.5126,Budget,https://www.scstatehouse.gov/billsearch.php?billnumbers=5126&session=126&headerfooter=0,,,"Passage of Section 79, Part 1B",Yea,Passed
[H]-990,2026-03-09T16:17:00.000-04:00,https://www.scstatehouse.gov/votehistory.php?KEY=26867,H.5126,Budget,https://www.scstatehouse.gov/billsearch.php?billnumbers=5126&session=126&headerfooter=0,,,"Passage of Section 80, Part 1B",Yea,Passed
[H]-991,2026-03-09T16:18:00.000-04:00,https://www.scstatehouse.gov/votehistory.php?KEY=26868,H.5126,Budget,https://www.scstatehouse.gov/billsearch.php?billnumbers=5126&session=126&headerfooter=0,,,"Passage of Section 81, Part 1B",Yea,Passed
[H]-992,2026-03-09T16:19:00.000-04:00,https://www.scstatehouse.gov/votehistory.php?KEY=26870,H.5126,Budget,https://www.scstatehouse.gov/billsearch.php?billnumbers=5126&session=126&headerfooter=0,,,"Passage of Section 83, Part 1B",Yea,Passed
[H]-993,2026-03-09T16:20:00.000-04:00,https://www.scstatehouse.gov/votehistory.php?KEY=26871,H.5126,Budget,https://www.scstatehouse.gov/billsearch.php?billnumbers=5126&session=126&headerfooter=0,,,"Passage of Section 85, Part 1B",Yea,Passed
[H]-994,2026-03-09T16:21:00.000-04:00,https://www.scstatehouse.gov/votehistory.php?KEY=26872,H.5126,Budget,https://www.scstatehouse.gov/billsearch.php?billnumbers=5126&session=126&headerfooter=0,,,"Passage of Section 86, Part 1B",Yea,Passed
[H]-995,2026-03-09T16:21:00.000-04:00,https://www.scstatehouse.gov/votehistory.php?KEY=26873,H.5126,Budget,https://www.scstatehouse.gov/billsearch.php?billnumbers=5126&session=126&headerfooter=0,,,"Passage of Section 87, Part 1B",Yea,Passed
[H]-996,2026-03-09T16:22:00.000-04:00,https://www.scstatehouse.gov/votehistory.php?KEY=26874,H.5126,Budget,https://www.scstatehouse.gov/billsearch.php?billnumbers=5126&session=126&headerfooter=0,,,"Passage of Section 88, Part 1B",Yea,Passed
[H]-997,2026-03-09T16:24:00.000-04:00,https://www.scstatehouse.gov/votehistory.php?KEY=26875,H.5126,Budget,https://www.scstatehouse.gov/billsearch.php?billnumbers=5126&session=126&headerfooter=0,,,"Passage of Section 91, Part 1B",Yea,Passed
[H]-998,2026-03-09T16:25:00.000-04:00,https://www.scstatehouse.gov/votehistory.php?KEY=26876,H.5126,Budget,https://www.scstatehouse.gov/billsearch.php?billnumbers=5126&session=126&headerfooter=0,,,"Passage of Section 92, Part 1B",Yea,Passed
[H]-999,2026-03-09T16:26:00.000-04:00,https://www.scstatehouse.gov/votehistory.php?KEY=26877,H.5126,Budget,https://www.scstatehouse.gov/billsearch.php?billnumbers=5126&session=126&headerfooter=0,,,"Passage of Section 93, Part 1B",Yea,Passed
[H]-1000,2026-03-09T16:28:00.000-04:00,https://www.scstatehouse.gov/votehistory.php?KEY=26878,H.5126,Budget,https://www.scstatehouse.gov/billsearch.php?billnumbers=5126&session=126&headerfooter=0,,,"Passage of Section 94, Part 1B",Yea,Passed
[H]-1001,2026-03-09T16:28:00.000-04:00,https://www.scstatehouse.gov/votehistory.php?KEY=26879,H.5126,Budget,https://www.scstatehouse.gov/billsearch.php?billnumbers=5126&session=126&headerfooter=0,,,"Passage of Section 96, Part 1B",Yea,Passed
[H]-1002,2026-03-09T16:29:00.000-04:00,https://www.scstatehouse.gov/votehistory.php?KEY=26880,H.5126,Budget,https://www.scstatehouse.gov/billsearch.php?billnumbers=5126&session=126&headerfooter=0,,,"Passage of Section 97, Part 1B",Yea,Passed
[H]-1003,2026-03-09T16:30:00.000-04:00,https://www.scstatehouse.gov/votehistory.php?KEY=26881,H.5126,Budget,https://www.scstatehouse.gov/billsearch.php?billnumbers=5126&session=126&headerfooter=0,,,"Passage of Section 98, Part 1B",Yea,Passed
[H]-1004,2026-03-09T16:31:00.000-04:00,https://www.scstatehouse.gov/votehistory.php?KEY=26882,H.5126,Budget,https://www.scstatehouse.gov/billsearch.php?billnumbers=5126&session=126&headerfooter=0,,,"Passage of Section 99, Part 1B",Yea,Passed
[H]-1005,2026-03-09T16:32:00.000-04:00,https://www.scstatehouse.gov/votehistory.php?KEY=26883,H.5126,Budget,https://www.scstatehouse.gov/billsearch.php?billnumbers=5126&session=126&headerfooter=0,,,"Passage of Section 100, Part 1B",Yea,Passed
[H]-1006,2026-03-09T16:33:00.000-04:00,https://www.scstatehouse.gov/votehistory.php?KEY=26884,H.5126,Budget,https://www.scstatehouse.gov/billsearch.php?billnumbers=5126&session=126&headerfooter=0,,,"Passage of Section 101, Part 1B",Yea,Passed
[H]-1007,2026-03-09T16:34:00.000-04:00,https://www.scstatehouse.gov/votehistory.php?KEY=26885,H.5126,Budget,https://www.scstatehouse.gov/billsearch.php?billnumbers=5126&session=126&headerfooter=0,,,"Passage of Section 103, Part 1B",Yea,Passed
[H]-1008,2026-03-09T16:35:00.000-04:00,https://www.scstatehouse.gov/votehistory.php?KEY=26886,H.5126,Budget,https://www.scstatehouse.gov/billsearch.php?billnumbers=5126&session=126&headerfooter=0,,,"Passage of Section 104, Part 1B",Yea,Passed
[H]-1009,2026-03-09T16:36:00.000-04:00,https://www.scstatehouse.gov/votehistory.php?KEY=26887,H.5126,Budget,https://www.scstatehouse.gov/billsearch.php?billnumbers=5126&session=126&headerfooter=0,,,"Passage of Section 106, Part 1B",Yea,Passed
[H]-1010,2026-03-09T16:38:00.000-04:00,https://www.scstatehouse.gov/votehistory.php?KEY=26888,H.5126,Budget,https://www.scstatehouse.gov/billsearch.php?billnumbers=5126&session=126&headerfooter=0,,,"Passage of Section 109, Part 1B",Yea,Passed
[H]-1011,2026-03-09T16:39:00.000-04:00,https://www.scstatehouse.gov/votehistory.php?KEY=26889,H.5126,Budget,https://www.scstatehouse.gov/billsearch.php?billnumbers=5126&session=126&headerfooter=0,,,"Passage of Section 110, Part 1B",Yea,Passed
[H]-1012,2026-03-09T16:40:00.000-04:00,https://www.scstatehouse.gov/votehistory.php?KEY=26890,H.5126,Budget,https://www.scstatehouse.gov/billsearch.php?billnumbers=5126&session=126&headerfooter=0,,,"Passage of Section 111, Part 1B",Yea,Passed
[H]-1013,2026-03-09T16:41:00.000-04:00,https://www.scstatehouse.gov/votehistory.php?KEY=26891,H.5126,Budget,https://www.scstatehouse.gov/billsearch.php?billnumbers=5126&session=126&headerfooter=0,,,"Passage of Section 112, Part 1B",Yea,Passed
[H]-1014,2026-03-09T17:18:00.000-04:00,https://www.scstatehouse.gov/votehistory.php?KEY=26892,H.5126,Budget,https://www.scstatehouse.gov/billsearch.php?billnumbers=5126&session=126&headerfooter=0,,,"Passage of Section 13, Part 1A",Yea,Passed
[H]-1015,2026-03-09T18:00:00.000-04:00,https://www.scstatehouse.gov/votehistory.php?KEY=26893,H.5126,Budget,https://www.scstatehouse.gov/billsearch.php?billnumbers=5126&session=126&headerfooter=0,,,"Passage of Section 14, Part 1A",Nay,Passed
[H]-1016,2026-03-09T18:15:00.000-04:00,https://www.scstatehouse.gov/votehistory.php?KEY=26894,H.5126,Budget,https://www.scstatehouse.gov/billsearch.php?billnumbers=5126&session=126&headerfooter=0,,,"Passage of Section 15, Part 1A",Yea,Passed
[H]-1017,2026-03-09T18:17:00.000-04:00,https://www.scstatehouse.gov/votehistory.php?KEY=26895,H.5126,Budget,https://www.scstatehouse.gov/billsearch.php?billnumbers=5126&session=126&headerfooter=0,,,"Passage of Section 16, Part 1A",Nay,Passed
[H]-1018,2026-03-09T18:18:00.000-04:00,https://www.scstatehouse.gov/votehistory.php?KEY=26896,H.5126,Budget,https://www.scstatehouse.gov/billsearch.php?billnumbers=5126&session=126&headerfooter=0,,,"Passage of Section 17, Part 1A",Yea,Passed
[H]-1019,2026-03-09T18:19:00.000-04:00,https://www.scstatehouse.gov/votehistory.php?KEY=26897,H.5126,Budget,https://www.scstatehouse.gov/billsearch.php?billnumbers=5126&session=126&headerfooter=0,,,"Passage of Section 18, Part 1A",Yea,Passed
[H]-1020,2026-03-09T18:20:00.000-04:00,https://www.scstatehouse.gov/votehistory.php?KEY=26898,H.5126,Budget,https://www.scstatehouse.gov/billsearch.php?billnumbers=5126&session=126&headerfooter=0,,,"Passage of Section 19, Part 1A",Yea,Passed
[H]-1021,2026-03-09T18:21:00.000-04:00,https://www.scstatehouse.gov/votehistory.php?KEY=26899,H.5126,Budget,https://www.scstatehouse.gov/billsearch.php?billnumbers=5126&session=126&headerfooter=0,,,"Passage of Section 20A, Part 1A",Yea,Passed
[H]-1022,2026-03-09T18:22:00.000-04:00,https://www.scstatehouse.gov/votehistory.php?KEY=26901,H.5126,Budget,https://www.scstatehouse.gov/billsearch.php?billnumbers=5126&session=126&headerfooter=0,,,"Passage of Section 20B, Part 1A",Yea,Passed
[H]-1023,2026-03-09T18:23:00.000-04:00,https://www.scstatehouse.gov/votehistory.php?KEY=26902,H.5126,Budget,https://www.scstatehouse.gov/billsearch.php?billnumbers=5126&session=126&headerfooter=0,,,"Passage of Section 20C, Part 1A",Yea,Passed
[H]-1024,2026-03-09T18:24:00.000-04:00,https://www.scstatehouse.gov/votehistory.php?KEY=26903,H.5126,Budget,https://www.scstatehouse.gov/billsearch.php?billnumbers=5126&session=126&headerfooter=0,,,"Passage of Section 20D, Part 1A",Yea,Passed
[H]-1025,2026-03-09T18:25:00.000-04:00,https://www.scstatehouse.gov/votehistory.php?KEY=26904,H.5126,Budget,https://www.scstatehouse.gov/billsearch.php?billnumbers=5126&session=126&headerfooter=0,,,"Passage of Section20E, Part 1A",Yea,Passed
[H]-1026,2026-03-09T18:25:00.000-04:00,https://www.scstatehouse.gov/votehistory.php?KEY=26905,H.5126,Budget,https://www.scstatehouse.gov/billsearch.php?billnumbers=5126&session=126&headerfooter=0,,,"Passage of Section 20F, Part 1A",Yea,Passed
[H]-1028,2026-03-09T18:26:00.000-04:00,https://www.scstatehouse.gov/votehistory.php?KEY=26907,H.5126,Budget,https://www.scstatehouse.gov/billsearch.php?billnumbers=5126&session=126&headerfooter=0,,,"Passage of Section 20H, Part 1A",Yea,Passed
[H]-1027,2026-03-09T18:26:00.000-04:00,https://www.scstatehouse.gov/votehistory.php?KEY=26906,H.5126,Budget,https://www.scstatehouse.gov/billsearch.php?billnumbers=5126&session=126&headerfooter=0,,,"Passage of Section 20G, Part 1A",Yea,Passed
[H]-1029,2026-03-09T18:27:00.000-04:00,https://www.scstatehouse.gov/votehistory.php?KEY=26908,H.5126,Budget,https://www.scstatehouse.gov/billsearch.php?billnumbers=5126&session=126&headerfooter=0,,,"Passage of Section 21, Part 1A",Yea,Passed
[H]-1031,2026-03-10T09:20:00.000-04:00,https://www.scstatehouse.gov/votehistory.php?KEY=26912,H.5126,Budget,https://www.scstatehouse.gov/billsearch.php?billnumbers=5126&session=126&headerfooter=0,,,"Passage of Section 27, Part 1A",Nay,Passed
[H]-1032,2026-03-10T09:44:00.000-04:00,https://www.scstatehouse.gov/votehistory.php?KEY=26913,H.5126,Budget,https://www.scstatehouse.gov/billsearch.php?billnumbers=5126&session=126&headerfooter=0,1,https://scstatehouse.gov/amendments.php?KEY=34069,"Table Amendment 1, Section 31, Part 1A Amendment #1",Nay,Passed
[H]-1033,2026-03-10T09:45:00.000-04:00,https://www.scstatehouse.gov/votehistory.php?KEY=26914,H.5126,Budget,https://www.scstatehouse.gov/billsearch.php?billnumbers=5126&session=126&headerfooter=0,,,"Passage of Section 31, Part 1A",Nay,Passed
[H]-1034,2026-03-10T09:50:00.000-04:00,https://www.scstatehouse.gov/votehistory.php?KEY=26915,H.5126,Budget,https://www.scstatehouse.gov/billsearch.php?billnumbers=5126&session=126&headerfooter=0,7,https://scstatehouse.gov/amendments.php?KEY=34070,"Table Amendment 7, Section 48, Part 1A Amendment #7",Nay,Passed
[H]-1035,2026-03-10T09:51:00.000-04:00,https://www.scstatehouse.gov/votehistory.php?KEY=26916,H.5126,Budget,https://www.scstatehouse.gov/billsearch.php?billnumbers=5126&session=126&headerfooter=0,,,"Passage of Section 48, Part 1A",Nay,Passed
[H]-1036,2026-03-10T10:00:00.000-04:00,https://www.scstatehouse.gov/votehistory.php?KEY=26917,H.5126,Budget,https://www.scstatehouse.gov/billsearch.php?billnumbers=5126&session=126&headerfooter=0,11,https://scstatehouse.gov/amendments.php?KEY=34071,"Table Amendment 11, Section 49, Part 1A Amendment #11",Nay,Passed
[H]-1037,2026-03-10T10:04:00.000-04:00,https://www.scstatehouse.gov/votehistory.php?KEY=26918,H.5126,Budget,https://www.scstatehouse.gov/billsearch.php?billnumbers=5126&session=126&headerfooter=0,10,https://scstatehouse.gov/amendments.php?KEY=34072,"Table Amendment 10, Section 49, Part 1A Amendment #10",Nay,Passed
[H]-1038,2026-03-10T10:34:00.000-04:00,https://www.scstatehouse.gov/votehistory.php?KEY=26919,H.5126,Budget,https://www.scstatehouse.gov/billsearch.php?billnumbers=5126&session=126&headerfooter=0,13,https://scstatehouse.gov/amendments.php?KEY=34075,"Table Amendment 13, Section 49, Part 1A Amendment #13",Nay,Passed
[H]-1039,2026-03-10T10:36:00.000-04:00,https://www.scstatehouse.gov/votehistory.php?KEY=26920,H.5126,Budget,https://www.scstatehouse.gov/billsearch.php?billnumbers=5126&session=126&headerfooter=0,,,"Passage of Section 49, Part 1A",N/V,Passed
[H]-1040,2026-03-10T10:58:00.000-04:00,https://www.scstatehouse.gov/votehistory.php?KEY=26921,H.5126,Budget,https://www.scstatehouse.gov/billsearch.php?billnumbers=5126&session=126&headerfooter=0,Amendment number 14sub,https://scstatehouse.gov/amendments.php?KEY=34076,"Table Amendment 14, Section 50, Part 1A Amendment #14sub",Nay,Passed
[H]-1041,2026-03-10T11:28:00.000-04:00,https://www.scstatehouse.gov/votehistory.php?KEY=26922,H.5126,Budget,https://www.scstatehouse.gov/billsearch.php?billnumbers=5126&session=126&headerfooter=0,15,https://scstatehouse.gov/amendments.php?KEY=34077,"Table Amendment 15, Section 50, Part 1A Amendment #15",Nay,Passed
[H]-1042,2026-03-10T11:29:00.000-04:00,https://www.scstatehouse.gov/votehistory.php?KEY=26923,H.5126,Budget,https://www.scstatehouse.gov/billsearch.php?billnumbers=5126&session=126&headerfooter=0,,,"Passage of Section 50, Part 1A",Nay,Passed
[H]-1043,2026-03-10T11:31:00.000-04:00,https://www.scstatehouse.gov/votehistory.php?KEY=26924,H.5126,Budget,https://www.scstatehouse.gov/billsearch.php?billnumbers=5126&session=126&headerfooter=0,,,"Passage of Section54, Part 1A",Yea,Passed
[H]-1044,2026-03-10T11:56:00.000-04:00,https://www.scstatehouse.gov/votehistory.php?KEY=26925,H.5126,Budget,https://www.scstatehouse.gov/billsearch.php?billnumbers=5126&session=126&headerfooter=0,93,https://scstatehouse.gov/amendments.php?KEY=34079,"Table Amendment 93, Section 70, Part 1A Amendment #93",Nay,Passed
[H]-1045,2026-03-10T11:57:00.000-04:00,https://www.scstatehouse.gov/votehistory.php?KEY=26927,H.5126,Budget,https://www.scstatehouse.gov/billsearch.php?billnumbers=5126&session=126&headerfooter=0,,,"Passage of Section 70, Part 1A",Nay,Passed
[H]-1046,2026-03-10T12:35:00.000-04:00,https://www.scstatehouse.gov/votehistory.php?KEY=26929,H.5126,Budget,https://www.scstatehouse.gov/billsearch.php?billnumbers=5126&session=126&headerfooter=0,104,https://scstatehouse.gov/amendments.php?KEY=34081,"Table Amendment 104 Section 71, Section 1A Amendment #104",Nay,Passed
[H]-1047,2026-03-10T12:36:00.000-04:00,https://www.scstatehouse.gov/votehistory.php?KEY=26930,H.5126,Budget,https://www.scstatehouse.gov/billsearch.php?billnumbers=5126&session=126&headerfooter=0,,,"Passage of Section 71, Section 1A",Nay,Passed
[H]-1048,2026-03-10T12:39:00.000-04:00,https://www.scstatehouse.gov/votehistory.php?KEY=26931,H.5126,Budget,https://www.scstatehouse.gov/billsearch.php?billnumbers=5126&session=126&headerfooter=0,,,"Passage of Section 93, Part 1A",Yea,Passed
[H]-1049,2026-03-10T12:41:00.000-04:00,https://www.scstatehouse.gov/votehistory.php?KEY=26932,H.5126,Budget,https://www.scstatehouse.gov/billsearch.php?billnumbers=5126&session=126&headerfooter=0,,,"Passage of Section 105, Part 1A",Yea,Passed
[H]-1050,2026-03-10T15:23:00.000-04:00,https://www.scstatehouse.gov/votehistory.php?KEY=26934,H.5126,Budget,https://www.scstatehouse.gov/billsearch.php?billnumbers=5126&session=126&headerfooter=0,108,https://scstatehouse.gov/amendments.php?KEY=34090,"Table Amendment 108, Section 1, Part 1A Amendment #108",Yea,Passed
[H]-1051,2026-03-10T15:28:00.000-04:00,https://www.scstatehouse.gov/votehistory.php?KEY=26935,H.5126,Budget,https://www.scstatehouse.gov/billsearch.php?billnumbers=5126&session=126&headerfooter=0,,,Passage of Section 1 Part 1B,Yea,Passed
[H]-1052,2026-03-10T15:30:00.000-04:00,https://www.scstatehouse.gov/votehistory.php?KEY=26936,H.5126,Budget,https://www.scstatehouse.gov/billsearch.php?billnumbers=5126&session=126&headerfooter=0,,,"Passage of Section 14, Part 1B",Yea,Passed
[H]-1053,2026-03-10T15:31:00.000-04:00,https://www.scstatehouse.gov/votehistory.php?KEY=26937,H.5126,Budget,https://www.scstatehouse.gov/billsearch.php?billnumbers=5126&session=126&headerfooter=0,,,"Passage of Section 19, Part 1B",Yea,Passed
[H]-1054,2026-03-10T15:56:00.000-04:00,https://www.scstatehouse.gov/votehistory.php?KEY=26938,H.5126,Budget,https://www.scstatehouse.gov/billsearch.php?billnumbers=5126&session=126&headerfooter=0,107,https://scstatehouse.gov/amendments.php?KEY=34095,Table Amendment 107 Section 25 Part IB Amendment #107,Nay,Passed
[H]-1055,2026-03-10T16:00:00.000-04:00,https://www.scstatehouse.gov/votehistory.php?KEY=26939,H.5126,Budget,https://www.scstatehouse.gov/billsearch.php?billnumbers=5126&session=126&headerfooter=0,,,"Passage of Section 25, Part 1B",Yea,Passed
[H]-1056,2026-03-10T16:03:00.000-04:00,https://www.scstatehouse.gov/votehistory.php?KEY=26940,H.5126,Budget,https://www.scstatehouse.gov/billsearch.php?billnumbers=5126&session=126&headerfooter=0,,,"Passage of Section 27, Part 1B",N/V,Passed
[H]-1057,2026-03-10T16:13:00.000-04:00,https://www.scstatehouse.gov/votehistory.php?KEY=26941,H.5126,Budget,https://www.scstatehouse.gov/billsearch.php?billnumbers=5126&session=126&headerfooter=0,,,"Passage of section 33, Part 1B",Yea,Passed
[H]-1058,2026-03-10T16:18:00.000-04:00,https://www.scstatehouse.gov/votehistory.php?KEY=26942,H.5126,Budget,https://www.scstatehouse.gov/billsearch.php?billnumbers=5126&session=126&headerfooter=0,,,"Passage of Section 38, Part 1B",Yea,Passed
[H]-1059,2026-03-10T16:20:00.000-04:00,https://www.scstatehouse.gov/votehistory.php?KEY=26943,H.5126,Budget,https://www.scstatehouse.gov/billsearch.php?billnumbers=5126&session=126&headerfooter=0,,,"Passage of Section 48, Part 1B",Nay,Passed
[H]-1060,2026-03-10T16:24:00.000-04:00,https://www.scstatehouse.gov/votehistory.php?KEY=26946,H.5126,Budget,https://www.scstatehouse.gov/billsearch.php?billnumbers=5126&session=126&headerfooter=0,,,"Passage of Section 55, Part 1B",Yea,Passed
[H]-1061,2026-03-10T16:28:00.000-04:00,https://www.scstatehouse.gov/votehistory.php?KEY=26944,H.5126,Budget,https://www.scstatehouse.gov/billsearch.php?billnumbers=5126&session=126&headerfooter=0,2,https://scstatehouse.gov/amendments.php?KEY=34102,"Table Amendment 2 Section 57, Part 1B Amendment #2",Nay,Passed
[H]-1062,2026-03-10T16:29:00.000-04:00,https://www.scstatehouse.gov/votehistory.php?KEY=26945,H.5126,Budget,https://www.scstatehouse.gov/billsearch.php?billnumbers=5126&session=126&headerfooter=0,,,"Passage of Section 57, Part 1B",Yea,Passed
[H]-1063,2026-03-10T16:43:00.000-04:00,https://www.scstatehouse.gov/votehistory.php?KEY=26947,H.5126,Budget,https://www.scstatehouse.gov/billsearch.php?billnumbers=5126&session=126&headerfooter=0,,,Table Motion to Appeal the Speakers ruling,Nay,Passed
[H]-1064,2026-03-10T16:51:00.000-04:00,https://www.scstatehouse.gov/votehistory.php?KEY=26948,H.5126,Budget,https://www.scstatehouse.gov/billsearch.php?billnumbers=5126&session=126&headerfooter=0,,,"Passage of Section 59, Part 1B",Yea,Passed
[H]-1065,2026-03-10T16:52:00.000-04:00,https://www.scstatehouse.gov/votehistory.php?KEY=26949,H.5126,Budget,https://www.scstatehouse.gov/billsearch.php?billnumbers=5126&session=126&headerfooter=0,,,"Passage of Section 70, Part 1B",Nay,Passed
[H]-1066,2026-03-10T16:57:00.000-04:00,https://www.scstatehouse.gov/votehistory.php?KEY=26951,H.5126,Budget,https://www.scstatehouse.gov/billsearch.php?billnumbers=5126&session=126&headerfooter=0,,,"Passage of Section 72, Part 1B",Yea,Passed
[H]-1067,2026-03-10T17:01:00.000-04:00,https://www.scstatehouse.gov/votehistory.php?KEY=26952,H.5126,Budget,https://www.scstatehouse.gov/billsearch.php?billnumbers=5126&session=126&headerfooter=0,,,"Passage of Section 82, Part 1B",Yea,Passed
[H]-1068,2026-03-10T17:05:00.000-04:00,https://www.scstatehouse.gov/votehistory.php?KEY=26954,H.5126,Budget,https://www.scstatehouse.gov/billsearch.php?billnumbers=5126&session=126&headerfooter=0,,,"Adopt section 84, Part 1B",N/V,Passed
[H]-1069,2026-03-10T17:14:00.000-04:00,https://www.scstatehouse.gov/votehistory.php?KEY=26955,H.5126,Budget,https://www.scstatehouse.gov/billsearch.php?billnumbers=5126&session=126&headerfooter=0,,,"Passage of Section 102, Part 1B",Yea,Passed
[H]-1070,2026-03-10T17:16:00.000-04:00,https://www.scstatehouse.gov/votehistory.php?KEY=26956,H.5126,Budget,https://www.scstatehouse.gov/billsearch.php?billnumbers=5126&session=126&headerfooter=0,,,"Passage of Section 105, Part 1B",Yea,Passed
[H]-1071,2026-03-10T17:18:00.000-04:00,https://www.scstatehouse.gov/votehistory.php?KEY=26957,H.5126,Budget,https://www.scstatehouse.gov/billsearch.php?billnumbers=5126&session=126&headerfooter=0,,,"Passage of Section 108, Part 1B",Yea,Passed
[H]-1072,2026-03-10T17:25:00.000-04:00,https://www.scstatehouse.gov/votehistory.php?KEY=26958,H.5126,Budget,https://www.scstatehouse.gov/billsearch.php?billnumbers=5126&session=126&headerfooter=0,,,Table Motion to Appeal Speakers Ruling,Nay,Passed
[H]-1073,2026-03-10T17:26:00.000-04:00,https://www.scstatehouse.gov/votehistory.php?KEY=26959,H.5126,Budget,https://www.scstatehouse.gov/billsearch.php?billnumbers=5126&session=126&headerfooter=0,,,"Passage of Section 113, Part 1B",Yea,Passed
[H]-1074,2026-03-10T17:33:00.000-04:00,https://www.scstatehouse.gov/votehistory.php?KEY=26960,H.5126,Budget,https://www.scstatehouse.gov/billsearch.php?billnumbers=5126&session=126&headerfooter=0,5,https://scstatehouse.gov/amendments.php?KEY=34112,"Table Amendment 5 Section 117, Part 1B Amendment #5",Nay,Passed
[H]-1075,2026-03-10T18:20:00.000-04:00,https://www.scstatehouse.gov/votehistory.php?KEY=26961,H.5126,Budget,https://www.scstatehouse.gov/billsearch.php?billnumbers=5126&session=126&headerfooter=0,,,"Passage of Section 117, Part 1B",Yea,Passed
[H]-1076,2026-03-10T18:27:00.000-04:00,https://www.scstatehouse.gov/votehistory.php?KEY=26962,H.5126,Budget,https://www.scstatehouse.gov/billsearch.php?billnumbers=5126&session=126&headerfooter=0,17,https://scstatehouse.gov/amendments.php?KEY=34129,"Table Amendment 17 Section 117, Part 1B Amendment #17",Nay,Passed
[H]-1077,2026-03-10T18:30:00.000-04:00,https://www.scstatehouse.gov/votehistory.php?KEY=26963,H.5126,Budget,https://www.scstatehouse.gov/billsearch.php?billnumbers=5126&session=126&headerfooter=0,18,https://scstatehouse.gov/amendments.php?KEY=34130,Table Amendment 18 Section 118 Part 1B Amendment #18,Nay,Passed
[H]-1078,2026-03-10T18:33:00.000-04:00,https://www.scstatehouse.gov/votehistory.php?KEY=26964,H.5126,Budget,https://www.scstatehouse.gov/billsearch.php?billnumbers=5126&session=126&headerfooter=0,56,https://scstatehouse.gov/amendments.php?KEY=34131,"Table Amendment 56 Section 118, Part 1B Amendment #56",Nay,Passed
[H]-1079,2026-03-10T18:37:00.000-04:00,https://www.scstatehouse.gov/votehistory.php?KEY=26965,H.5126,Budget,https://www.scstatehouse.gov/billsearch.php?billnumbers=5126&session=126&headerfooter=0,10,https://scstatehouse.gov/amendments.php?KEY=34072,"Table Amendment 19 Section 118, Part 1B Amendment #10",Nay,Passed
[H]-1080,2026-03-10T18:44:00.000-04:00,https://www.scstatehouse.gov/votehistory.php?KEY=26966,H.5126,Budget,https://www.scstatehouse.gov/billsearch.php?billnumbers=5126&session=126&headerfooter=0,20,https://scstatehouse.gov/amendments.php?KEY=34133,"Table Amendment 20 Section 118, Part 1B Amendment #20",Nay,Passed
[H]-1081,2026-03-10T18:46:00.000-04:00,https://www.scstatehouse.gov/votehistory.php?KEY=26967,H.5126,Budget,https://www.scstatehouse.gov/billsearch.php?billnumbers=5126&session=126&headerfooter=0,23,https://scstatehouse.gov/amendments.php?KEY=34134,"Table Amendment 23 Section 118, Part 1B Amendment #23",Nay,Passed
[H]-1082,2026-03-10T18:52:00.000-04:00,https://www.scstatehouse.gov/votehistory.php?KEY=26968,H.5126,Budget,https://www.scstatehouse.gov/billsearch.php?billnumbers=5126&session=126&headerfooter=0,21,https://scstatehouse.gov/amendments.php?KEY=34135,"Table Amendment 21 Section 118, Part 1B Amendment #21",Nay,Passed
[H]-1083,2026-03-10T19:14:00.000-04:00,https://www.scstatehouse.gov/votehistory.php?KEY=26969,H.5126,Budget,https://www.scstatehouse.gov/billsearch.php?billnumbers=5126&session=126&headerfooter=0,24,https://scstatehouse.gov/amendments.php?KEY=34137,"Table Amendment 24, Section 118, Part 1B Amendment #24",Nay,Passed
[H]-1084,2026-03-10T19:16:00.000-04:00,https://www.scstatehouse.gov/votehistory.php?KEY=26970,H.5126,Budget,https://www.scstatehouse.gov/billsearch.php?billnumbers=5126&session=126&headerfooter=0,,,"Passage of Section 118, Part 1B",Nay,Passed
[H]-1085,2026-03-10T19:36:00.000-04:00,https://www.scstatehouse.gov/votehistory.php?KEY=26971,H.5126,Budget,https://www.scstatehouse.gov/billsearch.php?billnumbers=5126&session=126&headerfooter=0,,,"Adopt section 92D, Part 1B",Nay,Passed
[H]-1086,2026-03-10T19:40:00.000-04:00,https://www.scstatehouse.gov/votehistory.php?KEY=26972,H.5126,Budget,https://www.scstatehouse.gov/billsearch.php?billnumbers=5126&session=126&headerfooter=0,,,Passage of Bill,N/V,Passed
[H]-1087,2026-03-10T19:42:00.000-04:00,https://www.scstatehouse.gov/votehistory.php?KEY=26973,H.5127,Capital Reserve Fund appropriation,https://www.scstatehouse.gov/billsearch.php?billnumbers=5127&session=126&headerfooter=0,,,Passage of Joint Resolution,Yea,Passed
[H]-1088,2026-03-10T20:11:00.000-04:00,https://www.scstatehouse.gov/votehistory.php?KEY=26974,H.4216,Income tax,https://www.scstatehouse.gov/billsearch.php?billnumbers=4216&session=126&headerfooter=0,2A,https://scstatehouse.gov/amendments.php?KEY=34142,Table Amendment 2 Amendment #2A,Nay,Passed
[H]-1089,2026-03-10T20:19:00.000-04:00,https://www.scstatehouse.gov/votehistory.php?KEY=26975,H.4216,Income tax,https://www.scstatehouse.gov/billsearch.php?billnumbers=4216&session=126&headerfooter=0,3A,https://scstatehouse.gov/amendments.php?KEY=34143,Table Amendment 3A Amendment #3A,Nay,Passed
[H]-1090,2026-03-10T20:24:00.000-04:00,https://www.scstatehouse.gov/votehistory.php?KEY=26976,H.4216,Income tax,https://www.scstatehouse.gov/billsearch.php?billnumbers=4216&session=126&headerfooter=0,7A,https://scstatehouse.gov/amendments.php?KEY=34146,Table Amendment 7A Amendment #7A,Nay,Passed
[H]-1091,2026-03-10T20:46:00.000-04:00,https://www.scstatehouse.gov/votehistory.php?KEY=26977,H.4216,Income tax,https://www.scstatehouse.gov/billsearch.php?billnumbers=4216&session=126&headerfooter=0,,,Concur in Senate Amendments,Nay,Passed
[H]-1092,2026-03-10T20:54:00.000-04:00,https://www.scstatehouse.gov/votehistory.php?KEY=26978,H.3368,Income tax on overtime pay,https://www.scstatehouse.gov/billsearch.php?billnumbers=3368&session=126&headerfooter=0,,,Passage of Bill,Yea,Passed
[H]-1095,2026-03-24T12:52:00.000-04:00,https://www.scstatehouse.gov/votehistory.php?KEY=27031,H.3858,Taxation on boats,https://www.scstatehouse.gov/billsearch.php?billnumbers=3858&session=126&headerfooter=0,,,Concur in Senate Amendments,Yea,Passed
[H]-1097,2026-03-25T11:20:00.000-04:00,https://www.scstatehouse.gov/votehistory.php?KEY=27044,H.4902,"Intercollegiate Athletes' Compensation for Name, Image, or Likeness",https://www.scstatehouse.gov/billsearch.php?billnumbers=4902&session=126&headerfooter=0,,,Override Veto by the Governor,Nay,Passed
[H]-1098,2026-03-25T11:34:00.000-04:00,https://www.scstatehouse.gov/votehistory.php?KEY=27045,H.3874,Workers' compensation,https://www.scstatehouse.gov/billsearch.php?billnumbers=3874&session=126&headerfooter=0,,,Passage of Bill,Yea,Passed
[H]-1099,2026-03-25T11:40:00.000-04:00,https://www.scstatehouse.gov/votehistory.php?KEY=27046,H.4662,Regulation of charitable funds,https://www.scstatehouse.gov/billsearch.php?billnumbers=4662&session=126&headerfooter=0,,,Passage of Bill,Yea,Passed
[H]-1100,2026-03-25T11:45:00.000-04:00,https://www.scstatehouse.gov/votehistory.php?KEY=27047,H.5113,Modular Homes,https://www.scstatehouse.gov/billsearch.php?billnumbers=5113&session=126&headerfooter=0,,,Passage of Bill,Yea,Passed
[H]-1101,2026-03-25T11:48:00.000-04:00,https://www.scstatehouse.gov/votehistory.php?KEY=27048,H.4544,Medical malpractice,https://www.scstatehouse.gov/billsearch.php?billnumbers=4544&session=126&headerfooter=0,,,Waive Rule 5.15 Printing,Nay,Passed
[H]-1102,2026-03-25T11:58:00.000-04:00,https://www.scstatehouse.gov/votehistory.php?KEY=27049,H.4544,Medical malpractice,https://www.scstatehouse.gov/billsearch.php?billnumbers=4544&session=126&headerfooter=0,,,Passage of Bill,Yea,Passed
[H]-1103,2026-03-25T12:00:00.000-04:00,https://www.scstatehouse.gov/votehistory.php?KEY=27050,H.4670,"Time-limited demands, tort claims",https://www.scstatehouse.gov/billsearch.php?billnumbers=4670&session=126&headerfooter=0,,,Waive Rule 5.15 Printing,N/V,Passed
[H]-1104,2026-03-25T12:09:00.000-04:00,https://www.scstatehouse.gov/votehistory.php?KEY=27051,H.4670,"Time-limited demands, tort claims",https://www.scstatehouse.gov/billsearch.php?billnumbers=4670&session=126&headerfooter=0,,,Passage of Bill,Yea,Passed
[H]-1105,2026-03-25T12:13:00.000-04:00,https://www.scstatehouse.gov/votehistory.php?KEY=27052,H.3629,Forestry Commission,https://www.scstatehouse.gov/billsearch.php?billnumbers=3629&session=126&headerfooter=0,,,Concur in Senate Amendments,Yea,Passed
[H]-1106,2026-03-25T12:15:00.000-04:00,https://www.scstatehouse.gov/votehistory.php?KEY=27054,H.3831,Smart Heart Act,https://www.scstatehouse.gov/billsearch.php?billnumbers=3831&session=126&headerfooter=0,,,Concur in Senate Amendments,Yea,Passed
[H]-1107,2026-03-25T13:24:00.000-04:00,https://www.scstatehouse.gov/votehistory.php?KEY=27058,H.4767,Physician Noncompete Contract Prohibition,https://www.scstatehouse.gov/billsearch.php?billnumbers=4767&session=126&headerfooter=0,,,Recommit bill,N/V,Failed
[H]-1108,2026-03-25T14:26:00.000-04:00,https://www.scstatehouse.gov/votehistory.php?KEY=27061,H.4767,Physician Noncompete Contract Prohibition,https://www.scstatehouse.gov/billsearch.php?billnumbers=4767&session=126&headerfooter=0,1,https://scstatehouse.gov/amendments.php?KEY=34212,Table Amendment 1 Amendment #1,Yea,Failed
[H]-1109,2026-03-25T14:29:00.000-04:00,https://www.scstatehouse.gov/votehistory.php?KEY=27062,H.4767,Physician Noncompete Contract Prohibition,https://www.scstatehouse.gov/billsearch.php?billnumbers=4767&session=126&headerfooter=0,1,https://scstatehouse.gov/amendments.php?KEY=34212,Adopt Amendment 1 Amendment #1,Nay,Failed
[H]-1110,2026-03-25T14:32:00.000-04:00,https://www.scstatehouse.gov/votehistory.php?KEY=27063,H.4767,Physician Noncompete Contract Prohibition,https://www.scstatehouse.gov/billsearch.php?billnumbers=4767&session=126&headerfooter=0,,,Table Motion to Commit,Yea,Passed
[H]-1111,2026-03-25T14:34:00.000-04:00,https://www.scstatehouse.gov/votehistory.php?KEY=27065,H.4767,Physician Noncompete Contract Prohibition,https://www.scstatehouse.gov/billsearch.php?billnumbers=4767&session=126&headerfooter=0,,,Passage of Bill,Yea,Passed
[H]-1113,2026-03-26T10:55:00.000-04:00,https://www.scstatehouse.gov/votehistory.php?KEY=27079,S.694,Polling Places in Aiken County,https://www.scstatehouse.gov/billsearch.php?billnumbers=694&session=126&headerfooter=0,,,Passage of Bill,Yea,Passed
[H]-1114,2026-03-26T10:57:00.000-04:00,https://www.scstatehouse.gov/votehistory.php?KEY=27082,H.5284,County Register of Deeds,https://www.scstatehouse.gov/billsearch.php?billnumbers=5284&session=126&headerfooter=0,,,Passage of Bill,Yea,Passed
[H]-1115,2026-03-26T11:00:00.000-04:00,https://www.scstatehouse.gov/votehistory.php?KEY=27083,S.449,Collaborative Practice Agreements,https://www.scstatehouse.gov/billsearch.php?billnumbers=449&session=126&headerfooter=0,,,Passage of Bill,Yea,Passed
[H]-1116,2026-03-26T11:07:00.000-04:00,https://www.scstatehouse.gov/votehistory.php?KEY=27084,S.146,"Senator Roger A. Nutt Act, resident's rights in long-term care",https://www.scstatehouse.gov/billsearch.php?billnumbers=146&session=126&headerfooter=0,,,Passage of Bill,Yea,Passed
[H]-1117,2026-03-26T11:09:00.000-04:00,https://www.scstatehouse.gov/votehistory.php?KEY=27085,H.5164,Hospitals,https://www.scstatehouse.gov/billsearch.php?billnumbers=5164&session=126&headerfooter=0,,,Passage of Bill,Yea,Passed
[H]-1118,2026-03-26T11:13:00.000-04:00,https://www.scstatehouse.gov/votehistory.php?KEY=27086,H.4799,Certificate of Need,https://www.scstatehouse.gov/billsearch.php?billnumbers=4799&session=126&headerfooter=0,,,Passage of Bill,Yea,Passed
[H]-1119,2026-03-26T11:20:00.000-04:00,https://www.scstatehouse.gov/votehistory.php?KEY=27087,H.4688,Golf carts,https://www.scstatehouse.gov/billsearch.php?billnumbers=4688&session=126&headerfooter=0,,,Passage of Bill,Yea,Passed
[H]-1120,2026-03-26T11:23:00.000-04:00,https://www.scstatehouse.gov/votehistory.php?KEY=27088,H.5131,Tribal Governments Special License Plates,https://www.scstatehouse.gov/billsearch.php?billnumbers=5131&session=126&headerfooter=0,,,Passage of Bill,Yea,Passed
[H]-1121,2026-03-26T11:26:00.000-04:00,https://www.scstatehouse.gov/votehistory.php?KEY=27089,H.4736,Training for new Commission on Higher Education commissioners,https://www.scstatehouse.gov/billsearch.php?billnumbers=4736&session=126&headerfooter=0,,,Passage of Bill,Yea,Passed
[H]-1122,2026-03-26T11:35:00.000-04:00,https://www.scstatehouse.gov/votehistory.php?KEY=27091,H.4738,Commission on Higher Education,https://www.scstatehouse.gov/billsearch.php?billnumbers=4738&session=126&headerfooter=0,,,Passage of Bill,Yea,Passed
[H]-1123,2026-03-26T11:40:00.000-04:00,https://www.scstatehouse.gov/votehistory.php?KEY=27092,H.4767,Physician Noncompete Contract Prohibition,https://www.scstatehouse.gov/billsearch.php?billnumbers=4767&session=126&headerfooter=0,,,Passage of Bill,Yea,Passed
[H]-1125,2026-03-31T12:46:00.000-04:00,https://www.scstatehouse.gov/votehistory.php?KEY=27112, ,"Kristian Cross, State Ethics",https://www.scstatehouse.gov/billsearch.php?billnumbers=undefined&session=126&headerfooter=0,,,,Yea,Passed
[H]-1126,2026-03-31T14:59:00.000-04:00,https://www.scstatehouse.gov/votehistory.php?KEY=27116,H.4292,Roadway Protection and Safety Act,https://www.scstatehouse.gov/billsearch.php?billnumbers=4292&session=126&headerfooter=0,,,Passage of Bill,N/V,Passed
[H]-1127,2026-03-31T15:23:00.000-04:00,https://www.scstatehouse.gov/votehistory.php?KEY=27120,H.4804,"Sexual Exploitation of a Minor, penalties",https://www.scstatehouse.gov/billsearch.php?billnumbers=4804&session=126&headerfooter=0,,,Passage of Bill,Yea,Passed
[H]-1128,2026-03-31T15:42:00.000-04:00,https://www.scstatehouse.gov/votehistory.php?KEY=27121,H.4591,Stop Harm from Addictive Social Media,https://www.scstatehouse.gov/billsearch.php?billnumbers=4591&session=126&headerfooter=0,,,Passage of Bill,Yea,Passed
[H]-1129,2026-03-31T15:49:00.000-04:00,https://www.scstatehouse.gov/votehistory.php?KEY=27122,H.5075,Personal Privacy Protection Act,https://www.scstatehouse.gov/billsearch.php?billnumbers=5075&session=126&headerfooter=0,,,Passage of Bill,Yea,Passed
[H]-1130,2026-03-31T15:54:00.000-04:00,https://www.scstatehouse.gov/votehistory.php?KEY=27124,H.3013,Guardians ad Litem,https://www.scstatehouse.gov/billsearch.php?billnumbers=3013&session=126&headerfooter=0,,,Passage of Bill,Yea,Passed
[H]-1131,2026-03-31T16:08:00.000-04:00,https://www.scstatehouse.gov/votehistory.php?KEY=27125,H.4761,Public university and college faculty annual performance evaluations,https://www.scstatehouse.gov/billsearch.php?billnumbers=4761&session=126&headerfooter=0,1,https://scstatehouse.gov/amendments.php?KEY=34267,Table Amendment 1 Amendment #1,Nay,Passed
[H]-1132,2026-03-31T16:11:00.000-04:00,https://www.scstatehouse.gov/votehistory.php?KEY=27128,H.4761,Public university and college faculty annual performance evaluations,https://www.scstatehouse.gov/billsearch.php?billnumbers=4761&session=126&headerfooter=0,,,Passage of Bill,Yea,Passed
[H]-1133,2026-03-31T16:27:00.000-04:00,https://www.scstatehouse.gov/votehistory.php?KEY=27126,H.3873,School distribution of in-home identification kits,https://www.scstatehouse.gov/billsearch.php?billnumbers=3873&session=126&headerfooter=0,,,Passage of Bill,Yea,Passed
[H]-1134,2026-03-31T16:31:00.000-04:00,https://www.scstatehouse.gov/votehistory.php?KEY=27127,H.4610,American Sign Language Symbol Act,https://www.scstatehouse.gov/billsearch.php?billnumbers=4610&session=126&headerfooter=0,,,Passage of Bill,Yea,Passed
[H]-1136,2026-04-01T10:46:00.000-04:00,https://www.scstatehouse.gov/votehistory.php?KEY=27130,H.4292,Roadway Protection and Safety Act,https://www.scstatehouse.gov/billsearch.php?billnumbers=4292&session=126&headerfooter=0,,,Passage of Bill,Yea,Passed
[H]-1137,2026-04-01T10:52:00.000-04:00,https://www.scstatehouse.gov/votehistory.php?KEY=27131,H.5168,Official State Song,https://www.scstatehouse.gov/billsearch.php?billnumbers=5168&session=126&headerfooter=0,,,Passage of Bill,Yea,Passed
[H]-1138,2026-04-01T11:07:00.000-04:00,https://www.scstatehouse.gov/votehistory.php?KEY=27132,H.4805,Judicial Seats,https://www.scstatehouse.gov/billsearch.php?billnumbers=4805&session=126&headerfooter=0,,,Passage of Bill,Yea,Passed
[H]-1139,2026-04-01T11:13:00.000-04:00,https://www.scstatehouse.gov/votehistory.php?KEY=27133,H.5182,Jasper County Council,https://www.scstatehouse.gov/billsearch.php?billnumbers=5182&session=126&headerfooter=0,,,Override Veto by the Governor,Nay,Failed
[H]-1140,2026-04-01T11:15:00.000-04:00,https://www.scstatehouse.gov/votehistory.php?KEY=27134,H.3856,Department of Motor Vehicles,https://www.scstatehouse.gov/billsearch.php?billnumbers=3856&session=126&headerfooter=0,,,Concur in Senate Amendments,N/V,Passed
[H]-1141,2026-04-01T11:19:00.000-04:00,https://www.scstatehouse.gov/votehistory.php?KEY=27135,H.3931,Coastal Tideland and Wetlands Permit Application,https://www.scstatehouse.gov/billsearch.php?billnumbers=3931&session=126&headerfooter=0,,,Concur in Senate Amendments,N/V,Passed
[H]-1142,2026-04-01T13:02:00.000-04:00,https://www.scstatehouse.gov/votehistory.php?KEY=27147,H.4817,Insurance Rate Reduction and Policy Holder Protection Act,https://www.scstatehouse.gov/billsearch.php?billnumbers=4817&session=126&headerfooter=0,8,https://scstatehouse.gov/amendments.php?KEY=34277,Table Amendment 8 Amendment #8,Nay,Passed
[H]-1143,2026-04-01T13:10:00.000-04:00,https://www.scstatehouse.gov/votehistory.php?KEY=27148,H.4817,Insurance Rate Reduction and Policy Holder Protection Act,https://www.scstatehouse.gov/billsearch.php?billnumbers=4817&session=126&headerfooter=0,9,https://scstatehouse.gov/amendments.php?KEY=34278,Table Amendment 9 Amendment #9,Nay,Passed
[H]-1144,2026-04-01T13:30:00.000-04:00,https://www.scstatehouse.gov/votehistory.php?KEY=27149,H.4817,Insurance Rate Reduction and Policy Holder Protection Act,https://www.scstatehouse.gov/billsearch.php?billnumbers=4817&session=126&headerfooter=0,14,https://scstatehouse.gov/amendments.php?KEY=34282,Table Amendment 14 Amendment #14,N/V,Passed
[H]-1145,2026-04-01T13:33:00.000-04:00,https://www.scstatehouse.gov/votehistory.php?KEY=27150,H.4817,Insurance Rate Reduction and Policy Holder Protection Act,https://www.scstatehouse.gov/billsearch.php?billnumbers=4817&session=126&headerfooter=0,,,Passage of Bill,Yea,Passed
[H]-1146,2026-04-01T15:46:00.000-04:00,https://www.scstatehouse.gov/votehistory.php?KEY=27153,H.4764,Immigration,https://www.scstatehouse.gov/billsearch.php?billnumbers=4764&session=126&headerfooter=0,3,https://scstatehouse.gov/amendments.php?KEY=34291,Table Amendment 3 Amendment #3,Yea,Passed
[H]-1147,2026-04-01T16:10:00.000-04:00,https://www.scstatehouse.gov/votehistory.php?KEY=27154,H.4764,Immigration,https://www.scstatehouse.gov/billsearch.php?billnumbers=4764&session=126&headerfooter=0,4,https://scstatehouse.gov/amendments.php?KEY=34293,Table Amendment 4 Amendment #4,Yea,Passed
[H]-1148,2026-04-01T16:27:00.000-04:00,https://www.scstatehouse.gov/votehistory.php?KEY=27156,H.4764,Immigration,https://www.scstatehouse.gov/billsearch.php?billnumbers=4764&session=126&headerfooter=0,6,https://scstatehouse.gov/amendments.php?KEY=34295,Table Amendment 6 Amendment #6,N/V,Passed
[H]-1149,2026-04-01T16:48:00.000-04:00,https://www.scstatehouse.gov/votehistory.php?KEY=27157,H.4764,Immigration,https://www.scstatehouse.gov/billsearch.php?billnumbers=4764&session=126&headerfooter=0,9,https://scstatehouse.gov/amendments.php?KEY=34298,Table Amendment 9 Amendment #9,Yea,Passed
[H]-1150,2026-04-01T16:56:00.000-04:00,https://www.scstatehouse.gov/votehistory.php?KEY=27160,H.4764,Immigration,https://www.scstatehouse.gov/billsearch.php?billnumbers=4764&session=126&headerfooter=0,11,https://scstatehouse.gov/amendments.php?KEY=34299,Table Amendment 11 Amendment #11,Yea,Passed
[H]-1151,2026-04-01T17:02:00.000-04:00,https://www.scstatehouse.gov/votehistory.php?KEY=27161,H.4764,Immigration,https://www.scstatehouse.gov/billsearch.php?billnumbers=4764&session=126&headerfooter=0,12,https://scstatehouse.gov/amendments.php?KEY=34300,Table Amendment 12 Amendment #12,Yea,Passed
[H]-1152,2026-04-01T17:30:00.000-04:00,https://www.scstatehouse.gov/votehistory.php?KEY=27162,H.4764,Immigration,https://www.scstatehouse.gov/billsearch.php?billnumbers=4764&session=126&headerfooter=0,,,Passage of Bill,Yea,Passed
[H]-1153,2026-04-01T18:02:00.000-04:00,https://www.scstatehouse.gov/votehistory.php?KEY=27163,H.3034,"Fargo's, Hyco's, Rico's, Coba's, Wick's, and Mikka's Law",https://www.scstatehouse.gov/billsearch.php?billnumbers=3034&session=126&headerfooter=0,,,Passage of Bill,Yea,Passed
[H]-1156,2026-04-02T11:19:00.000-04:00,https://www.scstatehouse.gov/votehistory.php?KEY=27166,H.4764,Immigration,https://www.scstatehouse.gov/billsearch.php?billnumbers=4764&session=126&headerfooter=0,,,Passage of Bill,Yea,Passed
[H]-1158,2026-04-14T13:12:00.000-04:00,https://www.scstatehouse.gov/votehistory.php?KEY=27178,H.4679,South Carolina Drone Regulation and Public Safety Act,https://www.scstatehouse.gov/billsearch.php?billnumbers=4679&session=126&headerfooter=0,,,Passage of Bill,Yea,Passed
[H]-1159,2026-04-14T13:15:00.000-04:00,https://www.scstatehouse.gov/votehistory.php?KEY=27179,H.4706,Racing facility,https://www.scstatehouse.gov/billsearch.php?billnumbers=4706&session=126&headerfooter=0,,,Passage of Bill,Yea,Passed
[H]-1160,2026-04-14T13:17:00.000-04:00,https://www.scstatehouse.gov/votehistory.php?KEY=27180,H.4248,Food labeling,https://www.scstatehouse.gov/billsearch.php?billnumbers=4248&session=126&headerfooter=0,,,Passage of Bill,Yea,Passed
[H]-1161,2026-04-14T13:30:00.000-04:00,https://www.scstatehouse.gov/votehistory.php?KEY=27181,H.5069,SC Protected Lands and Conservation Coordination Act,https://www.scstatehouse.gov/billsearch.php?billnumbers=5069&session=126&headerfooter=0,,,Passage of Bill,Yea,Passed
[H]-1162,2026-04-14T13:34:00.000-04:00,https://www.scstatehouse.gov/votehistory.php?KEY=27182,H.5111,Public Water System Connections,https://www.scstatehouse.gov/billsearch.php?billnumbers=5111&session=126&headerfooter=0,,,Passage of Bill,Yea,Passed
[H]-1163,2026-04-14T13:36:00.000-04:00,https://www.scstatehouse.gov/votehistory.php?KEY=27183,H.5217,Deer tags,https://www.scstatehouse.gov/billsearch.php?billnumbers=5217&session=126&headerfooter=0,,,Passage of Bill,Yea,Passed
[H]-1164,2026-04-14T13:38:00.000-04:00,https://www.scstatehouse.gov/votehistory.php?KEY=27184,H.5473,Fishing,https://www.scstatehouse.gov/billsearch.php?billnumbers=5473&session=126&headerfooter=0,,,Passage of Bill,Nay,Passed
[H]-1167,2026-04-15T11:04:00.000-04:00,https://www.scstatehouse.gov/votehistory.php?KEY=27192,S.337,Blue Catfish,https://www.scstatehouse.gov/billsearch.php?billnumbers=337&session=126&headerfooter=0,,,Passage of Bill,N/V,Passed
[H]-1168,2026-04-15T11:10:00.000-04:00,https://www.scstatehouse.gov/votehistory.php?KEY=27193,S.463,Public Boat Landings,https://www.scstatehouse.gov/billsearch.php?billnumbers=463&session=126&headerfooter=0,,,Passage of Bill,N/V,Passed
[H]-1169,2026-04-15T11:13:00.000-04:00,https://www.scstatehouse.gov/votehistory.php?KEY=27194,S.32,Pregnancy Care Tax Credit,https://www.scstatehouse.gov/billsearch.php?billnumbers=32&session=126&headerfooter=0,,,Passage of Bill,Yea,Passed
[H]-1170,2026-04-15T11:18:00.000-04:00,https://www.scstatehouse.gov/votehistory.php?KEY=27195,H.4611,Parental Leave,https://www.scstatehouse.gov/billsearch.php?billnumbers=4611&session=126&headerfooter=0,,,Passage of Bill,Yea,Passed
[H]-1171,2026-04-15T11:21:00.000-04:00,https://www.scstatehouse.gov/votehistory.php?KEY=27196,H.5173,Hospitals,https://www.scstatehouse.gov/billsearch.php?billnumbers=5173&session=126&headerfooter=0,,,Passage of Bill,Yea,Passed
[H]-1172,2026-04-15T11:42:00.000-04:00,https://www.scstatehouse.gov/votehistory.php?KEY=27197,H.3771,Marine Recovery Insurance,https://www.scstatehouse.gov/billsearch.php?billnumbers=3771&session=126&headerfooter=0,,,Passage of Bill,Yea,Passed
[J]-26,2026-04-15T13:11:00.000-04:00,https://www.scstatehouse.gov/votehistory.php?KEY=27198, ,"SC State University At large, Seat 2 Reject slate ",https://www.scstatehouse.gov/billsearch.php?billnumbers=undefined&session=126&headerfooter=0,,,,Yea,Failed
[H]-1182,2026-04-15T14:01:00.000-04:00,https://www.scstatehouse.gov/votehistory.php?KEY=27226,H.4756,South Carolina Student Physical Privacy Act,https://www.scstatehouse.gov/billsearch.php?billnumbers=4756&session=126&headerfooter=0,,,Concur in Senate Amendments,Yea,Passed
[H]-1183,2026-04-15T14:06:00.000-04:00,https://www.scstatehouse.gov/votehistory.php?KEY=27227,H.3557,Candidate filing,https://www.scstatehouse.gov/billsearch.php?billnumbers=3557&session=126&headerfooter=0,,,Concur in Senate Amendments,Nay,Passed
[H]-1185,2026-04-16T11:07:00.000-04:00,https://www.scstatehouse.gov/votehistory.php?KEY=27236,S.585,Motor Vehicle Registration,https://www.scstatehouse.gov/billsearch.php?billnumbers=585&session=126&headerfooter=0,,,Passage of Bill,Excused Absence,Passed
[H]-1186,2026-04-16T11:14:00.000-04:00,https://www.scstatehouse.gov/votehistory.php?KEY=27237,H.5401,Electronic monitoring,https://www.scstatehouse.gov/billsearch.php?billnumbers=5401&session=126&headerfooter=0,,,Passage of Bill,Excused Absence,Passed
[H]-1188,2026-04-21T12:48:00.000-04:00,https://www.scstatehouse.gov/votehistory.php?KEY=27377,H.5546,Flint Hill Elementary School make-up day waiver,https://www.scstatehouse.gov/billsearch.php?billnumbers=5546&session=126&headerfooter=0,,,Passage of Joint Resolution,Yea,Passed
[H]-1189,2026-04-21T12:50:00.000-04:00,https://www.scstatehouse.gov/votehistory.php?KEY=27378,H.5547,Timmonsville National Guard Armory,https://www.scstatehouse.gov/billsearch.php?billnumbers=5547&session=126&headerfooter=0,,,Passage of Joint Resolution,Yea,Passed
[H]-1190,2026-04-21T13:10:00.000-04:00,https://www.scstatehouse.gov/votehistory.php?KEY=27379,H.3408,Foreign ownership of real estate,https://www.scstatehouse.gov/billsearch.php?billnumbers=3408&session=126&headerfooter=0,,,Passage of Bill,Yea,Passed
[H]-1191,2026-04-21T14:34:00.000-04:00,https://www.scstatehouse.gov/votehistory.php?KEY=27380,H.3924,Hemp-derived ingestible,https://www.scstatehouse.gov/billsearch.php?billnumbers=3924&session=126&headerfooter=0,,,Continue,Yea,Failed
[H]-1192,2026-04-21T14:38:00.000-04:00,https://www.scstatehouse.gov/votehistory.php?KEY=27381,H.3924,Hemp-derived ingestible,https://www.scstatehouse.gov/billsearch.php?billnumbers=3924&session=126&headerfooter=0,,,Table Motion to Recommit,Nay,Failed
[H]-1193,2026-04-21T14:42:00.000-04:00,https://www.scstatehouse.gov/votehistory.php?KEY=27382,H.3924,Hemp-derived ingestible,https://www.scstatehouse.gov/billsearch.php?billnumbers=3924&session=126&headerfooter=0,,,Adjourn For The Day,Nay,Passed
[H]-1195,2026-04-22T11:11:00.000-04:00,https://www.scstatehouse.gov/votehistory.php?KEY=27389,H.3047,"Litter, balloons",https://www.scstatehouse.gov/billsearch.php?billnumbers=3047&session=126&headerfooter=0,,,Passage of Bill,Yea,Passed
[H]-1196,2026-04-22T13:08:00.000-04:00,https://www.scstatehouse.gov/votehistory.php?KEY=27390,H.3924,Hemp-derived ingestible,https://www.scstatehouse.gov/billsearch.php?billnumbers=3924&session=126&headerfooter=0,Amendment number 17a,https://scstatehouse.gov/amendments.php?KEY=34413,Adopt Amendment 17a Amendment #17a,Yea,Passed
[H]-1197,2026-04-22T13:11:00.000-04:00,https://www.scstatehouse.gov/votehistory.php?KEY=27391,H.3924,Hemp-derived ingestible,https://www.scstatehouse.gov/billsearch.php?billnumbers=3924&session=126&headerfooter=0,,,Table Motion to Reconsider the Vote,Yea,Passed
[H]-1198,2026-04-22T14:31:00.000-04:00,https://www.scstatehouse.gov/votehistory.php?KEY=27393,H.3924,Hemp-derived ingestible,https://www.scstatehouse.gov/billsearch.php?billnumbers=3924&session=126&headerfooter=0,Amendment number 27a,https://scstatehouse.gov/amendments.php?KEY=34420,Table Amendment 27a Amendment #27a,Yea,Passed
[H]-1199,2026-04-22T14:41:00.000-04:00,https://www.scstatehouse.gov/votehistory.php?KEY=27394,H.3924,Hemp-derived ingestible,https://www.scstatehouse.gov/billsearch.php?billnumbers=3924&session=126&headerfooter=0,,,Continue,Nay,Failed
[H]-1200,2026-04-22T14:44:00.000-04:00,https://www.scstatehouse.gov/votehistory.php?KEY=27395,H.3924,Hemp-derived ingestible,https://www.scstatehouse.gov/billsearch.php?billnumbers=3924&session=126&headerfooter=0,,,Table Motion to Recommit,Yea,Passed
[H]-1201,2026-04-22T14:48:00.000-04:00,https://www.scstatehouse.gov/votehistory.php?KEY=27396,H.3924,Hemp-derived ingestible,https://www.scstatehouse.gov/billsearch.php?billnumbers=3924&session=126&headerfooter=0,,,Adjourn For The Day,Nay,Failed
[H]-1202,2026-04-22T14:52:00.000-04:00,https://www.scstatehouse.gov/votehistory.php?KEY=27397,H.3924,Hemp-derived ingestible,https://www.scstatehouse.gov/billsearch.php?billnumbers=3924&session=126&headerfooter=0,Amendment number 31a,https://scstatehouse.gov/amendments.php?KEY=34428,Table Amendment 31a Amendment #31a,Yea,Passed
[H]-1203,2026-04-22T14:55:00.000-04:00,https://www.scstatehouse.gov/votehistory.php?KEY=27398,H.3924,Hemp-derived ingestible,https://www.scstatehouse.gov/billsearch.php?billnumbers=3924&session=126&headerfooter=0,,,Table Motion to Adjourn Debate,Yea,Passed
[H]-1204,2026-04-22T14:58:00.000-04:00,https://www.scstatehouse.gov/votehistory.php?KEY=27399,H.3924,Hemp-derived ingestible,https://www.scstatehouse.gov/billsearch.php?billnumbers=3924&session=126&headerfooter=0,Amendment number 32a,https://scstatehouse.gov/amendments.php?KEY=34430,Table Amendment 32a Amendment #32a,Yea,Passed
[H]-1205,2026-04-22T15:04:00.000-04:00,https://www.scstatehouse.gov/votehistory.php?KEY=27400,H.3924,Hemp-derived ingestible,https://www.scstatehouse.gov/billsearch.php?billnumbers=3924&session=126&headerfooter=0,Amendment number 35a,https://scstatehouse.gov/amendments.php?KEY=34434,Table Amendment 35a Amendment #35a,Yea,Passed
[H]-1207,2026-04-23T10:56:00.000-04:00,https://www.scstatehouse.gov/votehistory.php?KEY=27408,H.5201,Safe Schools Act of 2026,https://www.scstatehouse.gov/billsearch.php?billnumbers=5201&session=126&headerfooter=0,,,Passage of Bill,Yea,Passed
[H]-1208,2026-04-23T10:59:00.000-04:00,https://www.scstatehouse.gov/votehistory.php?KEY=27409,H.5506,Pee Dee Regional Airport Authority,https://www.scstatehouse.gov/billsearch.php?billnumbers=5506&session=126&headerfooter=0,,,Passage of Bill,Yea,Passed
[H]-1209,2026-04-23T11:01:00.000-04:00,https://www.scstatehouse.gov/votehistory.php?KEY=27410,H.5093,Gross proceeds,https://www.scstatehouse.gov/billsearch.php?billnumbers=5093&session=126&headerfooter=0,,,Passage of Bill,Yea,Passed
[H]-1210,2026-04-23T11:03:00.000-04:00,https://www.scstatehouse.gov/votehistory.php?KEY=27411,H.5208,Sales Tax Exemption,https://www.scstatehouse.gov/billsearch.php?billnumbers=5208&session=126&headerfooter=0,,,Passage of Bill,Yea,Passed
[H]-1211,2026-04-23T11:05:00.000-04:00,https://www.scstatehouse.gov/votehistory.php?KEY=27412,H.4576,Special Purpose Districts Retirement,https://www.scstatehouse.gov/billsearch.php?billnumbers=4576&session=126&headerfooter=0,,,Passage of Bill,Yea,Passed
[H]-1212,2026-04-23T11:09:00.000-04:00,https://www.scstatehouse.gov/votehistory.php?KEY=27413,H.4589,Education Capital Improvements Sales and Use Tax,https://www.scstatehouse.gov/billsearch.php?billnumbers=4589&session=126&headerfooter=0,,,Passage of Bill,Nay,Passed
[H]-1213,2026-04-23T11:13:00.000-04:00,https://www.scstatehouse.gov/votehistory.php?KEY=27414,H.4477,Heirs' property,https://www.scstatehouse.gov/billsearch.php?billnumbers=4477&session=126&headerfooter=0,,,Passage of Bill,Yea,Passed
[H]-1214,2026-04-23T11:16:00.000-04:00,https://www.scstatehouse.gov/votehistory.php?KEY=27415,H.5537,Dillon National Guard Armory,https://www.scstatehouse.gov/billsearch.php?billnumbers=5537&session=126&headerfooter=0,,,Passage of Joint Resolution,Yea,Passed
[H]-1215,2026-04-23T11:19:00.000-04:00,https://www.scstatehouse.gov/votehistory.php?KEY=27416,S.895,Rural Emergency Hospitals,https://www.scstatehouse.gov/billsearch.php?billnumbers=895&session=126&headerfooter=0,,,Passage of Bill,Yea,Passed
[H]-1216,2026-04-23T11:29:00.000-04:00,https://www.scstatehouse.gov/votehistory.php?KEY=27417,S.454,Charter School Accountability,https://www.scstatehouse.gov/billsearch.php?billnumbers=454&session=126&headerfooter=0,,,Waive Rule 5.15 Printing,N/V,Passed
[H]-1217,2026-04-23T11:35:00.000-04:00,https://www.scstatehouse.gov/votehistory.php?KEY=27418,H.5538,Guarantee Banking Act,https://www.scstatehouse.gov/billsearch.php?billnumbers=5538&session=126&headerfooter=0,,,Passage of Bill,Yea,Passed
[H]-1218,2026-04-23T11:39:00.000-04:00,https://www.scstatehouse.gov/votehistory.php?KEY=27419,H.4476,Trade commissions,https://www.scstatehouse.gov/billsearch.php?billnumbers=4476&session=126&headerfooter=0,,,Passage of Bill,Nay,Passed
[H]-1219,2026-04-23T12:00:00.000-04:00,https://www.scstatehouse.gov/votehistory.php?KEY=27421,H.3556,Political parties and primaries,https://www.scstatehouse.gov/billsearch.php?billnumbers=3556&session=126&headerfooter=0,Amendment number 1a,https://scstatehouse.gov/amendments.php?KEY=34445,Table Amendment 1A Amendment #1a,Nay,Passed
[H]-1220,2026-04-23T12:23:00.000-04:00,https://www.scstatehouse.gov/votehistory.php?KEY=27422,H.3974,Private Providers,https://www.scstatehouse.gov/billsearch.php?billnumbers=3974&session=126&headerfooter=0,,,Concur in Senate Amendments,Yea,Passed
[H]-1221,2026-04-23T12:25:00.000-04:00,https://www.scstatehouse.gov/votehistory.php?KEY=27423,H.3650,Discharging firearms into dwellings and other structures,https://www.scstatehouse.gov/billsearch.php?billnumbers=3650&session=126&headerfooter=0,,,Concur in Senate Amendments,Yea,Passed
[H]-1222,2026-04-23T12:35:00.000-04:00,https://www.scstatehouse.gov/votehistory.php?KEY=27424,H.4270,Evictions,https://www.scstatehouse.gov/billsearch.php?billnumbers=4270&session=126&headerfooter=0,4,https://scstatehouse.gov/amendments.php?KEY=34475,Table Amendment 4 Amendment #4,Nay,Passed
[H]-1223,2026-04-23T12:38:00.000-04:00,https://www.scstatehouse.gov/votehistory.php?KEY=27425,H.4270,Evictions,https://www.scstatehouse.gov/billsearch.php?billnumbers=4270&session=126&headerfooter=0,,,Table Motion to Adjourn Debate,Nay,Passed
[H]-1224,2026-04-23T13:02:00.000-04:00,https://www.scstatehouse.gov/votehistory.php?KEY=27426,H.4270,Evictions,https://www.scstatehouse.gov/billsearch.php?billnumbers=4270&session=126&headerfooter=0,5,https://scstatehouse.gov/amendments.php?KEY=34478,Table Amendment 5 Amendment #5,Nay,Passed
[H]-1225,2026-04-23T13:05:00.000-04:00,https://www.scstatehouse.gov/votehistory.php?KEY=27427,H.4270,Evictions,https://www.scstatehouse.gov/billsearch.php?billnumbers=4270&session=126&headerfooter=0,6,https://scstatehouse.gov/amendments.php?KEY=34481,Table Amendment 6 Amendment #6,Nay,Passed
[H]-1226,2026-04-23T13:25:00.000-04:00,https://www.scstatehouse.gov/votehistory.php?KEY=27428,H.4270,Evictions,https://www.scstatehouse.gov/billsearch.php?billnumbers=4270&session=126&headerfooter=0,,,Passage of Bill,N/V,Passed
[H]-1227,2026-04-23T13:33:00.000-04:00,https://www.scstatehouse.gov/votehistory.php?KEY=27429,H.5018,"Agency Head Salary Commission, Governor and Lt. Governor",https://www.scstatehouse.gov/billsearch.php?billnumbers=5018&session=126&headerfooter=0,,,Passage of Bill,Yea,Passed
[H]-1228,2026-04-23T13:39:00.000-04:00,https://www.scstatehouse.gov/votehistory.php?KEY=27430,S.454,Charter School Accountability,https://www.scstatehouse.gov/billsearch.php?billnumbers=454&session=126&headerfooter=0,,,Passage of Bill,Yea,Passed
[H]-1230,2026-04-28T12:26:00.000-04:00,https://www.scstatehouse.gov/votehistory.php?KEY=27443, ,"Hon. J. Camden West, Berkeley Co. M-I-E",https://www.scstatehouse.gov/billsearch.php?billnumbers=undefined&session=126&headerfooter=0,,,,Yea,Passed
[H]-1231,2026-04-28T13:31:00.000-04:00,https://www.scstatehouse.gov/votehistory.php?KEY=27445,H.4270,Evictions,https://www.scstatehouse.gov/billsearch.php?billnumbers=4270&session=126&headerfooter=0,,,Table Motion to Commit,N/V,Failed
[H]-1233,2026-04-29T13:58:00.000-04:00,https://www.scstatehouse.gov/votehistory.php?KEY=27460,S.831,SCDOT Modernization,https://www.scstatehouse.gov/billsearch.php?billnumbers=831&session=126&headerfooter=0,,,Passage of Bill,Yea,Passed
[H]-1234,2026-04-29T14:04:00.000-04:00,https://www.scstatehouse.gov/votehistory.php?KEY=27461,H.4382,Nonprescription Ephedrine Products,https://www.scstatehouse.gov/billsearch.php?billnumbers=4382&session=126&headerfooter=0,,,Passage of Bill,Yea,Passed
[H]-1235,2026-04-29T14:36:00.000-04:00,https://www.scstatehouse.gov/votehistory.php?KEY=27463,H.5216,Energy,https://www.scstatehouse.gov/billsearch.php?billnumbers=5216&session=126&headerfooter=0,,,Passage of Bill,Nay,Passed
[H]-1236,2026-04-29T15:37:00.000-04:00,https://www.scstatehouse.gov/votehistory.php?KEY=27467,H.4641,Kratom,https://www.scstatehouse.gov/billsearch.php?billnumbers=4641&session=126&headerfooter=0,,,Passage of Bill,Yea,Passed
[H]-1237,2026-04-29T16:01:00.000-04:00,https://www.scstatehouse.gov/votehistory.php?KEY=27470,H.5504,Foreign Influence Operations Out of American Education Act,https://www.scstatehouse.gov/billsearch.php?billnumbers=5504&session=126&headerfooter=0,,,Passage of Bill,Yea,Passed
[H]-1238,2026-04-29T16:26:00.000-04:00,https://www.scstatehouse.gov/votehistory.php?KEY=27471,S.416,School Expulsion,https://www.scstatehouse.gov/billsearch.php?billnumbers=416&session=126&headerfooter=0,4,https://scstatehouse.gov/amendments.php?KEY=34539,Adopt Amendment 4 Amendment #4,Nay,Failed
[H]-1239,2026-04-29T16:33:00.000-04:00,https://www.scstatehouse.gov/votehistory.php?KEY=27478,S.416,School Expulsion,https://www.scstatehouse.gov/billsearch.php?billnumbers=416&session=126&headerfooter=0,5,https://scstatehouse.gov/amendments.php?KEY=34540,Adopt Amendment 5 Amendment #5,Nay,Failed
[H]-1240,2026-04-29T16:39:00.000-04:00,https://www.scstatehouse.gov/votehistory.php?KEY=27479,S.718,Removal of People from Vehicle Park,https://www.scstatehouse.gov/billsearch.php?billnumbers=718&session=126&headerfooter=0,,,Passage of Bill,Yea,Passed
[H]-1241,2026-04-29T16:42:00.000-04:00,https://www.scstatehouse.gov/votehistory.php?KEY=27480,S.150,Rental Kart Age Act,https://www.scstatehouse.gov/billsearch.php?billnumbers=150&session=126&headerfooter=0,,,Passage of Bill,Yea,Passed
[H]-1242,2026-04-29T16:44:00.000-04:00,https://www.scstatehouse.gov/votehistory.php?KEY=27481,S.715,Solicitation of Charitable Funds,https://www.scstatehouse.gov/billsearch.php?billnumbers=715&session=126&headerfooter=0,,,Passage of Bill,Yea,Passed
[H]-1243,2026-04-29T16:56:00.000-04:00,https://www.scstatehouse.gov/votehistory.php?KEY=27483,H.3371,Admissions tax exemption,https://www.scstatehouse.gov/billsearch.php?billnumbers=3371&session=126&headerfooter=0,,,Passage of Bill,Yea,Passed
[H]-1245,2026-04-30T10:48:00.000-04:00,https://www.scstatehouse.gov/votehistory.php?KEY=27507,H.5573,Spartanburg County Memorial Auditorium Commission,https://www.scstatehouse.gov/billsearch.php?billnumbers=5573&session=126&headerfooter=0,,,Passage of Bill,Yea,Passed
[H]-1246,2026-04-30T11:22:00.000-04:00,https://www.scstatehouse.gov/votehistory.php?KEY=27508,H.5488,Textiles revitalization,https://www.scstatehouse.gov/billsearch.php?billnumbers=5488&session=126&headerfooter=0,,,Passage of Bill,Yea,Passed
[H]-1247,2026-04-30T11:27:00.000-04:00,https://www.scstatehouse.gov/votehistory.php?KEY=27509,H.5122,Internet and Communications Service Providers Equipment,https://www.scstatehouse.gov/billsearch.php?billnumbers=5122&session=126&headerfooter=0,,,Passage of Bill,Yea,Passed
[H]-1248,2026-04-30T12:21:00.000-04:00,https://www.scstatehouse.gov/votehistory.php?KEY=27510,S.52,Driving under the influence,https://www.scstatehouse.gov/billsearch.php?billnumbers=52&session=126&headerfooter=0,,,Passage of Bill,Yea,Passed
[H]-1249,2026-04-30T12:34:00.000-04:00,https://www.scstatehouse.gov/votehistory.php?KEY=27511,S.831,SCDOT Modernization,https://www.scstatehouse.gov/billsearch.php?billnumbers=831&session=126&headerfooter=0,,,Passage of Bill,Yea,Passed
[H]-1250,2026-04-30T12:36:00.000-04:00,https://www.scstatehouse.gov/votehistory.php?KEY=27513,H.4641,Kratom,https://www.scstatehouse.gov/billsearch.php?billnumbers=4641&session=126&headerfooter=0,,,Passage of Bill,Yea,Passed
[H]-1251,2026-04-30T12:38:00.000-04:00,https://www.scstatehouse.gov/votehistory.php?KEY=27514,H.5504,Foreign Influence Operations Out of American Education Act,https://www.scstatehouse.gov/billsearch.php?billnumbers=5504&session=126&headerfooter=0,,,Passage of Bill,Yea,Passed
[H]-1252,2026-04-30T12:54:00.000-04:00,https://www.scstatehouse.gov/votehistory.php?KEY=27520,S.1108,Cornelia Brigham,https://www.scstatehouse.gov/billsearch.php?billnumbers=1108&session=126&headerfooter=0,,,Adjourn For The Day,Yea,Passed
[H]-1255,2026-05-05T14:44:00.000-04:00,https://www.scstatehouse.gov/votehistory.php?KEY=27527,S.196,Insurance Adjusters,https://www.scstatehouse.gov/billsearch.php?billnumbers=196&session=126&headerfooter=0,,,Passage of Bill,Yea,Passed
[H]-1256,2026-05-05T14:46:00.000-04:00,https://www.scstatehouse.gov/votehistory.php?KEY=27529,S.697,211 Network,https://www.scstatehouse.gov/billsearch.php?billnumbers=697&session=126&headerfooter=0,,,Passage of Bill,Yea,Passed
[H]-1257,2026-05-05T14:52:00.000-04:00,https://www.scstatehouse.gov/votehistory.php?KEY=27531,S.163,Cryptocurrency,https://www.scstatehouse.gov/billsearch.php?billnumbers=163&session=126&headerfooter=0,,,Passage of Bill,Yea,Passed
[H]-1258,2026-05-05T14:54:00.000-04:00,https://www.scstatehouse.gov/votehistory.php?KEY=27532,S.439,Manufacturing property tax exemption,https://www.scstatehouse.gov/billsearch.php?billnumbers=439&session=126&headerfooter=0,,,Passage of Bill,Yea,Passed
[H]-1259,2026-05-05T15:00:00.000-04:00,https://www.scstatehouse.gov/votehistory.php?KEY=27533,S.582,Ratify Constitutional Amendment,https://www.scstatehouse.gov/billsearch.php?billnumbers=582&session=126&headerfooter=0,,,Passage of Bill,Yea,Passed
[H]-1260,2026-05-05T15:03:00.000-04:00,https://www.scstatehouse.gov/votehistory.php?KEY=27534,S.357,Mail Theft,https://www.scstatehouse.gov/billsearch.php?billnumbers=357&session=126&headerfooter=0,,,Passage of Bill,N/V,Passed
[H]-1261,2026-05-05T15:07:00.000-04:00,https://www.scstatehouse.gov/votehistory.php?KEY=27535,S.769,Continuing Resolution,https://www.scstatehouse.gov/billsearch.php?billnumbers=769&session=126&headerfooter=0,,,Passage of Joint Resolution,N/V,Passed
[H]-1262,2026-05-05T15:11:00.000-04:00,https://www.scstatehouse.gov/votehistory.php?KEY=27536,S.893,SUPERB Law,https://www.scstatehouse.gov/billsearch.php?billnumbers=893&session=126&headerfooter=0,,,Passage of Bill,N/V,Passed
[H]-1263,2026-05-05T15:26:00.000-04:00,https://www.scstatehouse.gov/votehistory.php?KEY=27540,S.585,Motor Vehicle Registration,https://www.scstatehouse.gov/billsearch.php?billnumbers=585&session=126&headerfooter=0,,,Concur in Senate Amendments,N/V,Passed
[H]-1264,2026-05-05T15:32:00.000-04:00,https://www.scstatehouse.gov/votehistory.php?KEY=27541,H.4042,Ivermectin,https://www.scstatehouse.gov/billsearch.php?billnumbers=4042&session=126&headerfooter=0,,,Passage of Bill,Yea,Passed
[H]-1266,2026-05-06T11:45:00.000-04:00,https://www.scstatehouse.gov/votehistory.php?KEY=27559,H.5641,Florence Memorial Stadium Commission,https://www.scstatehouse.gov/billsearch.php?billnumbers=5641&session=126&headerfooter=0,,,Passage of Bill,Yea,Passed
[H]-1267,2026-05-06T11:51:00.000-04:00,https://www.scstatehouse.gov/votehistory.php?KEY=27560,S.238,Sine Die,https://www.scstatehouse.gov/billsearch.php?billnumbers=238&session=126&headerfooter=0,,,Passage of Bill,Yea,Passed
[H]-1268,2026-05-06T11:56:00.000-04:00,https://www.scstatehouse.gov/votehistory.php?KEY=27561,S.863,Culinary Arts Management Degree,https://www.scstatehouse.gov/billsearch.php?billnumbers=863&session=126&headerfooter=0,,,Passage of Bill,Yea,Passed
[H]-1269,2026-05-06T12:09:00.000-04:00,https://www.scstatehouse.gov/votehistory.php?KEY=27562,S.812,Stop-as-Yield Law,https://www.scstatehouse.gov/billsearch.php?billnumbers=812&session=126&headerfooter=0,,,Passage of Bill,Nay,Passed
[H]-1270,2026-05-06T12:20:00.000-04:00,https://www.scstatehouse.gov/votehistory.php?KEY=27563,H.3022,Long Term Care Council,https://www.scstatehouse.gov/billsearch.php?billnumbers=3022&session=126&headerfooter=0,1A,https://scstatehouse.gov/amendments.php?KEY=34606,Adopt Amendment 1A Amendment #1A,Yea,Passed
[H]-1271,2026-05-06T12:24:00.000-04:00,https://www.scstatehouse.gov/votehistory.php?KEY=27566,H.3034,"Fargo's, Hyco's, Rico's, Coba's, Wick's, and Mikka's Law",https://www.scstatehouse.gov/billsearch.php?billnumbers=3034&session=126&headerfooter=0,,,Concur in Senate Amendments,Yea,Passed
[H]-1272,2026-05-06T12:26:00.000-04:00,https://www.scstatehouse.gov/votehistory.php?KEY=27567,H.3453,Veterans' Children Tuition Assistance,https://www.scstatehouse.gov/billsearch.php?billnumbers=3453&session=126&headerfooter=0,,,Concur in Senate Amendments,Yea,Passed
[H]-1273,2026-05-06T12:28:00.000-04:00,https://www.scstatehouse.gov/votehistory.php?KEY=27568,H.3842,Medical authorization of handicap placards,https://www.scstatehouse.gov/billsearch.php?billnumbers=3842&session=126&headerfooter=0,,,Concur in Senate Amendments,Yea,Passed
[H]-1274,2026-05-06T12:30:00.000-04:00,https://www.scstatehouse.gov/votehistory.php?KEY=27569,H.3872,Hunting Heritage Protect Act,https://www.scstatehouse.gov/billsearch.php?billnumbers=3872&session=126&headerfooter=0,,,Concur in Senate Amendments,Yea,Passed
[H]-1275,2026-05-06T12:31:00.000-04:00,https://www.scstatehouse.gov/votehistory.php?KEY=27570,H.5064,Northeast Technical College Area Commission,https://www.scstatehouse.gov/billsearch.php?billnumbers=5064&session=126&headerfooter=0,,,Concur in Senate Amendments,Yea,Passed
[H]-1276,2026-05-06T12:33:00.000-04:00,https://www.scstatehouse.gov/votehistory.php?KEY=27571,H.5073,Public school grading,https://www.scstatehouse.gov/billsearch.php?billnumbers=5073&session=126&headerfooter=0,,,Concur in Senate Amendments,Yea,Passed
[H]-1277,2026-05-06T12:35:00.000-04:00,https://www.scstatehouse.gov/votehistory.php?KEY=27572,H.5131,Tribal Governments Special License Plates,https://www.scstatehouse.gov/billsearch.php?billnumbers=5131&session=126&headerfooter=0,,,Concur in Senate Amendments,Yea,Passed
[H]-1278,2026-05-06T12:36:00.000-04:00,https://www.scstatehouse.gov/votehistory.php?KEY=27573,H.5205,College Safety Training Programs for Students,https://www.scstatehouse.gov/billsearch.php?billnumbers=5205&session=126&headerfooter=0,,,Concur in Senate Amendments,Yea,Passed
[H]-1279,2026-05-06T14:18:00.000-04:00,https://www.scstatehouse.gov/votehistory.php?KEY=27584,H.5126,Budget,https://www.scstatehouse.gov/billsearch.php?billnumbers=5126&session=126&headerfooter=0,1ASUB,https://scstatehouse.gov/amendments.php?KEY=34610,Adopt Amendment 1A Amendment #1ASUB,N/V,Passed
[H]-1280,2026-05-06T14:20:00.000-04:00,https://www.scstatehouse.gov/votehistory.php?KEY=27585,H.5126,Budget,https://www.scstatehouse.gov/billsearch.php?billnumbers=5126&session=126&headerfooter=0,3A,https://scstatehouse.gov/amendments.php?KEY=34615,Adopt Amendment 3A Amendment #3A,Yea,Passed
[H]-1281,2026-05-06T14:23:00.000-04:00,https://www.scstatehouse.gov/votehistory.php?KEY=27586,H.5126,Budget,https://www.scstatehouse.gov/billsearch.php?billnumbers=5126&session=126&headerfooter=0,4A,https://scstatehouse.gov/amendments.php?KEY=34616,Adopt Amendment 4A Amendment #4A,Yea,Passed
[H]-1282,2026-05-06T14:52:00.000-04:00,https://www.scstatehouse.gov/votehistory.php?KEY=27587,H.5126,Budget,https://www.scstatehouse.gov/billsearch.php?billnumbers=5126&session=126&headerfooter=0,7ASUB,https://scstatehouse.gov/amendments.php?KEY=34624,Adopt Amendment 7A Amendment #7ASUB,Yea,Passed
[H]-1283,2026-05-06T14:59:00.000-04:00,https://www.scstatehouse.gov/votehistory.php?KEY=27588,H.5126,Budget,https://www.scstatehouse.gov/billsearch.php?billnumbers=5126&session=126&headerfooter=0,9A,https://scstatehouse.gov/amendments.php?KEY=34626,Adopt Amendment 9A Amendment #9A,Nay,Failed
[H]-1284,2026-05-06T15:01:00.000-04:00,https://www.scstatehouse.gov/votehistory.php?KEY=27589,H.5126,Budget,https://www.scstatehouse.gov/billsearch.php?billnumbers=5126&session=126&headerfooter=0,10ASUB,https://scstatehouse.gov/amendments.php?KEY=34627,Adopt Amendment 10A Amendment #10ASUB,Yea,Passed
[H]-1285,2026-05-06T15:05:00.000-04:00,https://www.scstatehouse.gov/votehistory.php?KEY=27590,H.5126,Budget,https://www.scstatehouse.gov/billsearch.php?billnumbers=5126&session=126&headerfooter=0,11A,https://scstatehouse.gov/amendments.php?KEY=34629,Adopt Amendment 11A Amendment #11A,Yea,Passed
[H]-1286,2026-05-06T15:08:00.000-04:00,https://www.scstatehouse.gov/votehistory.php?KEY=27591,H.5126,Budget,https://www.scstatehouse.gov/billsearch.php?billnumbers=5126&session=126&headerfooter=0,12A,https://scstatehouse.gov/amendments.php?KEY=34630,Adopt Amendment 12A Amendment #12A,Yea,Passed
[H]-1287,2026-05-06T15:18:00.000-04:00,https://www.scstatehouse.gov/votehistory.php?KEY=27593,H.5126,Budget,https://www.scstatehouse.gov/billsearch.php?billnumbers=5126&session=126&headerfooter=0,15A,https://scstatehouse.gov/amendments.php?KEY=34634,Adopt Amendment 15A Amendment #15A,N/V,Passed
[H]-1288,2026-05-06T15:24:00.000-04:00,https://www.scstatehouse.gov/votehistory.php?KEY=27594,H.5126,Budget,https://www.scstatehouse.gov/billsearch.php?billnumbers=5126&session=126&headerfooter=0,17A,https://scstatehouse.gov/amendments.php?KEY=34636,Adopt Amendment 17A Amendment #17A,Yea,Failed
[H]-1289,2026-05-06T15:48:00.000-04:00,https://www.scstatehouse.gov/votehistory.php?KEY=27595,H.5126,Budget,https://www.scstatehouse.gov/billsearch.php?billnumbers=5126&session=126&headerfooter=0,18ASUB,https://scstatehouse.gov/amendments.php?KEY=34637,Table Amendment 18A Amendment #18ASUB,Nay,Passed
[H]-1290,2026-05-06T15:55:00.000-04:00,https://www.scstatehouse.gov/votehistory.php?KEY=27599,H.5126,Budget,https://www.scstatehouse.gov/billsearch.php?billnumbers=5126&session=126&headerfooter=0,19A,https://scstatehouse.gov/amendments.php?KEY=34639,Table Amendment 19A Amendment #19A,Nay,Passed
[H]-1291,2026-05-06T15:58:00.000-04:00,https://www.scstatehouse.gov/votehistory.php?KEY=27601,H.5126,Budget,https://www.scstatehouse.gov/billsearch.php?billnumbers=5126&session=126&headerfooter=0,20A,https://scstatehouse.gov/amendments.php?KEY=34642,Adopt Amendment 20A Amendment #20A,Yea,Passed
[H]-1292,2026-05-06T16:13:00.000-04:00,https://www.scstatehouse.gov/votehistory.php?KEY=27603,H.5126,Budget,https://www.scstatehouse.gov/billsearch.php?billnumbers=5126&session=126&headerfooter=0,23A,https://scstatehouse.gov/amendments.php?KEY=34647,Adopt Amendment 23A Amendment #23A,N/V,Passed
[H]-1293,2026-05-06T16:18:00.000-04:00,https://www.scstatehouse.gov/votehistory.php?KEY=27604,H.5126,Budget,https://www.scstatehouse.gov/billsearch.php?billnumbers=5126&session=126&headerfooter=0,25A,https://scstatehouse.gov/amendments.php?KEY=34650,Table Amendment 25A Amendment #25A,Yea,Passed
[H]-1294,2026-05-06T16:22:00.000-04:00,https://www.scstatehouse.gov/votehistory.php?KEY=27605,H.5126,Budget,https://www.scstatehouse.gov/billsearch.php?billnumbers=5126&session=126&headerfooter=0,26A,https://scstatehouse.gov/amendments.php?KEY=34654,Adopt Amendment 26A Amendment #26A,Yea,Passed
[H]-1295,2026-05-06T16:30:00.000-04:00,https://www.scstatehouse.gov/votehistory.php?KEY=27608,H.5126,Budget,https://www.scstatehouse.gov/billsearch.php?billnumbers=5126&session=126&headerfooter=0,27A,https://scstatehouse.gov/amendments.php?KEY=34655,Adopt Amendment 27A Amendment #27A,Nay,Passed
[H]-1296,2026-05-06T16:33:00.000-04:00,https://www.scstatehouse.gov/votehistory.php?KEY=27609,H.5126,Budget,https://www.scstatehouse.gov/billsearch.php?billnumbers=5126&session=126&headerfooter=0,28A,https://scstatehouse.gov/amendments.php?KEY=34657,Table Amendment 28A Amendment #28A,N/V,Passed
[H]-1297,2026-05-06T16:37:00.000-04:00,https://www.scstatehouse.gov/votehistory.php?KEY=27611,H.5126,Budget,https://www.scstatehouse.gov/billsearch.php?billnumbers=5126&session=126&headerfooter=0,29A,https://scstatehouse.gov/amendments.php?KEY=34658,Adopt Amendment 29A Amendment #29A,N/V,Passed
[H]-1298,2026-05-06T16:39:00.000-04:00,https://www.scstatehouse.gov/votehistory.php?KEY=27612,H.5126,Budget,https://www.scstatehouse.gov/billsearch.php?billnumbers=5126&session=126&headerfooter=0,30A,https://scstatehouse.gov/amendments.php?KEY=34659,Adopt Amendment 30A Amendment #30A,N/V,Passed
[H]-1299,2026-05-06T16:46:00.000-04:00,https://www.scstatehouse.gov/votehistory.php?KEY=27613,H.5126,Budget,https://www.scstatehouse.gov/billsearch.php?billnumbers=5126&session=126&headerfooter=0,30A,https://scstatehouse.gov/amendments.php?KEY=34659,Table Motion to Reconsider Amendment 30A Amendment #30A,Nay,Passed
[H]-1300,2026-05-06T16:52:00.000-04:00,https://www.scstatehouse.gov/votehistory.php?KEY=27615,H.5126,Budget,https://www.scstatehouse.gov/billsearch.php?billnumbers=5126&session=126&headerfooter=0,34,https://scstatehouse.gov/amendments.php?KEY=34666,Adopt Amendment 34A Amendment #34,Yea,Passed
[H]-1301,2026-05-06T16:53:00.000-04:00,https://www.scstatehouse.gov/votehistory.php?KEY=27616,H.5126,Budget,https://www.scstatehouse.gov/billsearch.php?billnumbers=5126&session=126&headerfooter=0,35,https://scstatehouse.gov/amendments.php?KEY=34667,Adopt Amendment 35A Amendment #35,Yea,Passed
[H]-1302,2026-05-06T17:06:00.000-04:00,https://www.scstatehouse.gov/votehistory.php?KEY=27617,H.5126,Budget,https://www.scstatehouse.gov/billsearch.php?billnumbers=5126&session=126&headerfooter=0,36A,https://scstatehouse.gov/amendments.php?KEY=34668,Table Amendment 36A Amendment #36A,Nay,Passed
[H]-1303,2026-05-06T18:23:00.000-04:00,https://www.scstatehouse.gov/votehistory.php?KEY=27619,S.883,Sine Die 2026,https://www.scstatehouse.gov/billsearch.php?billnumbers=883&session=126&headerfooter=0,,,Adjourn For The Day,N/V,Failed
[H]-1304,2026-05-06T19:00:00.000-04:00,https://www.scstatehouse.gov/votehistory.php?KEY=27620,S.883,Sine Die 2026,https://www.scstatehouse.gov/billsearch.php?billnumbers=883&session=126&headerfooter=0,1,https://scstatehouse.gov/amendments.php?KEY=34670,Adopt Amendment 1 Amendment #1,Yea,Passed
[H]-1305,2026-05-06T19:03:00.000-04:00,https://www.scstatehouse.gov/votehistory.php?KEY=27621,S.883,Sine Die 2026,https://www.scstatehouse.gov/billsearch.php?billnumbers=883&session=126&headerfooter=0,,,Table Motin to Reconsider the Vote,Yea,Passed
[H]-1306,2026-05-06T19:12:00.000-04:00,https://www.scstatehouse.gov/votehistory.php?KEY=27622,S.883,Sine Die 2026,https://www.scstatehouse.gov/billsearch.php?billnumbers=883&session=126&headerfooter=0,3,https://scstatehouse.gov/amendments.php?KEY=34676,Table Amendment 3 Amendment #3,Yea,Passed
[H]-1307,2026-05-06T19:16:00.000-04:00,https://www.scstatehouse.gov/votehistory.php?KEY=27623,S.883,Sine Die 2026,https://www.scstatehouse.gov/billsearch.php?billnumbers=883&session=126&headerfooter=0,4,https://scstatehouse.gov/amendments.php?KEY=34677,Table Amendment 4 Amendment #4,Yea,Passed
[H]-1308,2026-05-06T19:18:00.000-04:00,https://www.scstatehouse.gov/votehistory.php?KEY=27624,S.883,Sine Die 2026,https://www.scstatehouse.gov/billsearch.php?billnumbers=883&session=126&headerfooter=0,,,Passage of Bill,Yea,Passed
[H]-1310,2026-05-07T10:50:00.000-04:00,https://www.scstatehouse.gov/votehistory.php?KEY=27627,H.5097,Roadside Markets,https://www.scstatehouse.gov/billsearch.php?billnumbers=5097&session=126&headerfooter=0,,,Concur in Senate Amendments,Yea,Passed
[H]-1311,2026-05-07T10:55:00.000-04:00,https://www.scstatehouse.gov/votehistory.php?KEY=27628,H.4813,Magistrate court fees and costs,https://www.scstatehouse.gov/billsearch.php?billnumbers=4813&session=126&headerfooter=0,,,Concur in Senate Amendments,Yea,Passed
[H]-1312,2026-05-07T11:51:00.000-04:00,https://www.scstatehouse.gov/votehistory.php?KEY=27632,H.5653,Lee County School District Board of Trustees,https://www.scstatehouse.gov/billsearch.php?billnumbers=5653&session=126&headerfooter=0,,,Passage of Bill,Yea,Passed
[H]-1313,2026-05-07T13:04:00.000-04:00,https://www.scstatehouse.gov/votehistory.php?KEY=27641,S.508,Monument and Memorial Protection,https://www.scstatehouse.gov/billsearch.php?billnumbers=508&session=126&headerfooter=0,6,https://scstatehouse.gov/amendments.php?KEY=34685,Table Amendment 6 Amendment #6,Yea,Passed
[H]-1314,2026-05-07T13:39:00.000-04:00,https://www.scstatehouse.gov/votehistory.php?KEY=27642,S.508,Monument and Memorial Protection,https://www.scstatehouse.gov/billsearch.php?billnumbers=508&session=126&headerfooter=0,10,https://scstatehouse.gov/amendments.php?KEY=34695,Table Amendment 10 Amendment #10,Yea,Passed
[H]-1315,2026-05-07T13:43:00.000-04:00,https://www.scstatehouse.gov/votehistory.php?KEY=27643,S.508,Monument and Memorial Protection,https://www.scstatehouse.gov/billsearch.php?billnumbers=508&session=126&headerfooter=0,11,https://scstatehouse.gov/amendments.php?KEY=34698,Table Amendment 11 Amendment #11,Yea,Passed
[H]-1316,2026-05-07T13:49:00.000-04:00,https://www.scstatehouse.gov/votehistory.php?KEY=27644,S.508,Monument and Memorial Protection,https://www.scstatehouse.gov/billsearch.php?billnumbers=508&session=126&headerfooter=0,13,https://scstatehouse.gov/amendments.php?KEY=34699,Table Amendment 13 Amendment #13,Yea,Passed
[H]-1317,2026-05-07T14:02:00.000-04:00,https://www.scstatehouse.gov/votehistory.php?KEY=27645,S.508,Monument and Memorial Protection,https://www.scstatehouse.gov/billsearch.php?billnumbers=508&session=126&headerfooter=0,,,Passage of Bill,Yea,Passed
[H]-1318,2026-05-07T14:15:00.000-04:00,https://www.scstatehouse.gov/votehistory.php?KEY=27648,S.857,Contingent Deferred Annuities,https://www.scstatehouse.gov/billsearch.php?billnumbers=857&session=126&headerfooter=0,,,Passage of Bill,Yea,Passed
[H]-1319,2026-05-07T14:19:00.000-04:00,https://www.scstatehouse.gov/votehistory.php?KEY=27649,S.619,Insurer liquidation,https://www.scstatehouse.gov/billsearch.php?billnumbers=619&session=126&headerfooter=0,,,Passage of Bill,Yea,Passed
[H]-1320,2026-05-07T14:21:00.000-04:00,https://www.scstatehouse.gov/votehistory.php?KEY=27650,S.780,Consumer Home Loans,https://www.scstatehouse.gov/billsearch.php?billnumbers=780&session=126&headerfooter=0,,,Passage of Bill,N/V,Passed
[H]-1321,2026-05-07T14:24:00.000-04:00,https://www.scstatehouse.gov/votehistory.php?KEY=27651,S.787,Bridge Loans,https://www.scstatehouse.gov/billsearch.php?billnumbers=787&session=126&headerfooter=0,,,Passage of Bill,Yea,Passed
[H]-1322,2026-05-07T14:27:00.000-04:00,https://www.scstatehouse.gov/votehistory.php?KEY=27657,S.830,Automobile Insurance Issuance,https://www.scstatehouse.gov/billsearch.php?billnumbers=830&session=126&headerfooter=0,,,Passage of Bill,Yea,Passed
[H]-1323,2026-05-07T14:38:00.000-04:00,https://www.scstatehouse.gov/votehistory.php?KEY=27658,S.711,School Guard Requirements,https://www.scstatehouse.gov/billsearch.php?billnumbers=711&session=126&headerfooter=0,,,Passage of Bill,Yea,Passed
[H]-1324,2026-05-07T14:41:00.000-04:00,https://www.scstatehouse.gov/votehistory.php?KEY=27659,S.695,Unauthorized Fees for Claim Assistance,https://www.scstatehouse.gov/billsearch.php?billnumbers=695&session=126&headerfooter=0,,,Passage of Bill,Yea,Passed
[H]-1325,2026-05-07T14:44:00.000-04:00,https://www.scstatehouse.gov/votehistory.php?KEY=27660,S.868,Gold Shield Day,https://www.scstatehouse.gov/billsearch.php?billnumbers=868&session=126&headerfooter=0,,,Passage of Bill,Yea,Passed
[H]-1326,2026-05-07T14:47:00.000-04:00,https://www.scstatehouse.gov/votehistory.php?KEY=27664,S.1062,JR to Approve Reg. Doc. No. 5443,https://www.scstatehouse.gov/billsearch.php?billnumbers=1062&session=126&headerfooter=0,,,Passage of Joint Resolution,Yea,Passed
[H]-1327,2026-05-07T14:51:00.000-04:00,https://www.scstatehouse.gov/votehistory.php?KEY=27665,S.961,Red Drum,https://www.scstatehouse.gov/billsearch.php?billnumbers=961&session=126&headerfooter=0,,,Passage of Bill,Yea,Passed
[H]-1329,2026-05-12T12:54:00.000-04:00,https://www.scstatehouse.gov/votehistory.php?KEY=27668,S.1162,Anderson County School District No. 2,https://www.scstatehouse.gov/billsearch.php?billnumbers=1162&session=126&headerfooter=0,,,Passage of Bill,Yea,Passed
[H]-1330,2026-05-12T13:21:00.000-04:00,https://www.scstatehouse.gov/votehistory.php?KEY=27669,S.831,SCDOT Modernization,https://www.scstatehouse.gov/billsearch.php?billnumbers=831&session=126&headerfooter=0,,,Adopt Conference Report,Yea,Passed
[H]-1331,2026-05-12T13:24:00.000-04:00,https://www.scstatehouse.gov/votehistory.php?KEY=27671,S.819,Nursing Homes TB Tests,https://www.scstatehouse.gov/billsearch.php?billnumbers=819&session=126&headerfooter=0,,,Passage of Bill,Yea,Passed
[H]-1332,2026-05-12T13:26:00.000-04:00,https://www.scstatehouse.gov/votehistory.php?KEY=27672,S.894,Death Certificate Filing Deadline Exception,https://www.scstatehouse.gov/billsearch.php?billnumbers=894&session=126&headerfooter=0,,,Passage of Bill,Yea,Passed
[H]-1333,2026-05-12T13:28:00.000-04:00,https://www.scstatehouse.gov/votehistory.php?KEY=27673,S.453,Teledentistry,https://www.scstatehouse.gov/billsearch.php?billnumbers=453&session=126&headerfooter=0,,,Passage of Bill,Yea,Passed
[H]-1334,2026-05-12T13:37:00.000-04:00,https://www.scstatehouse.gov/votehistory.php?KEY=27674,S.436,Aircraft,https://www.scstatehouse.gov/billsearch.php?billnumbers=436&session=126&headerfooter=0,,,Passage of Bill,Yea,Passed
[H]-1335,2026-05-12T13:40:00.000-04:00,https://www.scstatehouse.gov/votehistory.php?KEY=27675,S.1005,Judicial Salaries,https://www.scstatehouse.gov/billsearch.php?billnumbers=1005&session=126&headerfooter=0,,,Passage of Bill,Yea,Passed
[H]-1336,2026-05-12T13:43:00.000-04:00,https://www.scstatehouse.gov/votehistory.php?KEY=27676,S.829,Joint System Governance,https://www.scstatehouse.gov/billsearch.php?billnumbers=829&session=126&headerfooter=0,,,Passage of Bill,Nay,Passed
[H]-1337,2026-05-12T13:47:00.000-04:00,https://www.scstatehouse.gov/votehistory.php?KEY=27679,S.222,Utility terrain vehicle,https://www.scstatehouse.gov/billsearch.php?billnumbers=222&session=126&headerfooter=0,,,Passage of Bill,Yea,Passed
[H]-1338,2026-05-12T13:50:00.000-04:00,https://www.scstatehouse.gov/votehistory.php?KEY=27680,S.688,DEW UI Tax Code,https://www.scstatehouse.gov/billsearch.php?billnumbers=688&session=126&headerfooter=0,,,Passage of Bill,Yea,Passed
[H]-1339,2026-05-12T13:52:00.000-04:00,https://www.scstatehouse.gov/votehistory.php?KEY=27681,S.1011,Barnwell National Guard Armory,https://www.scstatehouse.gov/billsearch.php?billnumbers=1011&session=126&headerfooter=0,,,Passage of Joint Resolution,Yea,Passed
[H]-1341,2026-05-13T10:23:00.000-04:00,https://www.scstatehouse.gov/votehistory.php?KEY=27703,H.4679,South Carolina Drone Regulation and Public Safety Act,https://www.scstatehouse.gov/billsearch.php?billnumbers=4679&session=126&headerfooter=0,,,Concur in Senate Amendments,Yea,Passed
[H]-1342,2026-05-13T10:31:00.000-04:00,https://www.scstatehouse.gov/votehistory.php?KEY=27704,H.3569,Domestic violence in rental properties,https://www.scstatehouse.gov/billsearch.php?billnumbers=3569&session=126&headerfooter=0,Amendment number 1a,https://scstatehouse.gov/amendments.php?KEY=34743,Adopt Amendment 1A Amendment #1a,Yea,Passed
[H]-1343,2026-05-13T10:35:00.000-04:00,https://www.scstatehouse.gov/votehistory.php?KEY=27705,S.454,Charter School Accountability,https://www.scstatehouse.gov/billsearch.php?billnumbers=454&session=126&headerfooter=0,,,Concur in Senate Amendments,Yea,Passed
[H]-1344,2026-05-13T11:14:00.000-04:00,https://www.scstatehouse.gov/votehistory.php?KEY=27707,S.958,Hallway Beds,https://www.scstatehouse.gov/billsearch.php?billnumbers=958&session=126&headerfooter=0,,,Passage of Bill,Yea,Passed
[H]-1345,2026-05-13T11:18:00.000-04:00,https://www.scstatehouse.gov/votehistory.php?KEY=27709,S.1038,Religious Liberty Day,https://www.scstatehouse.gov/billsearch.php?billnumbers=1038&session=126&headerfooter=0,,,Passage of Bill,Yea,Passed
[H]-1346,2026-05-13T11:21:00.000-04:00,https://www.scstatehouse.gov/votehistory.php?KEY=27711,S.765,Dues for SC Wildlife Law Enforcement Officers Association,https://www.scstatehouse.gov/billsearch.php?billnumbers=765&session=126&headerfooter=0,,,Passage of Bill,Yea,Passed
[H]-1347,2026-05-13T11:27:00.000-04:00,https://www.scstatehouse.gov/votehistory.php?KEY=27713,S.420,Investment of Funds by Political Subdivisions,https://www.scstatehouse.gov/billsearch.php?billnumbers=420&session=126&headerfooter=0,,,Passage of Bill,Yea,Passed
[H]-1348,2026-05-13T11:31:00.000-04:00,https://www.scstatehouse.gov/votehistory.php?KEY=27716,S.399,Public Transit Trespass,https://www.scstatehouse.gov/billsearch.php?billnumbers=399&session=126&headerfooter=0,,,Passage of Bill,Yea,Passed
[H]-1349,2026-05-13T11:33:00.000-04:00,https://www.scstatehouse.gov/votehistory.php?KEY=27717,S.428,Fraudulent Check Expungement,https://www.scstatehouse.gov/billsearch.php?billnumbers=428&session=126&headerfooter=0,,,Passage of Bill,Yea,Passed
[H]-1350,2026-05-13T11:37:00.000-04:00,https://www.scstatehouse.gov/votehistory.php?KEY=27718,S.845,Child Fatality Advisory Committee,https://www.scstatehouse.gov/billsearch.php?billnumbers=845&session=126&headerfooter=0,,,Passage of Bill,Yea,Passed
[H]-1351,2026-05-13T11:43:00.000-04:00,https://www.scstatehouse.gov/votehistory.php?KEY=27721,S.996,Fingerprint Background Checks Update,https://www.scstatehouse.gov/billsearch.php?billnumbers=996&session=126&headerfooter=0,,,Passage of Bill,Yea,Passed
[H]-1352,2026-05-13T11:55:00.000-04:00,https://www.scstatehouse.gov/votehistory.php?KEY=27723,H.5506,Pee Dee Regional Airport Authority,https://www.scstatehouse.gov/billsearch.php?billnumbers=5506&session=126&headerfooter=0,,,Concur in Senate Amendments,Yea,Passed
[H]-1353,2026-05-13T11:59:00.000-04:00,https://www.scstatehouse.gov/votehistory.php?KEY=27724,H.4188,"Coroners, disposition of unidentified or unclaimed remains",https://www.scstatehouse.gov/billsearch.php?billnumbers=4188&session=126&headerfooter=0,,,Concur in Senate Amendments,Yea,Passed
[H]-1354,2026-05-13T12:03:00.000-04:00,https://www.scstatehouse.gov/votehistory.php?KEY=27725,H.3874,Workers' compensation,https://www.scstatehouse.gov/billsearch.php?billnumbers=3874&session=126&headerfooter=0,,,Concur in Senate Amendments,Yea,Passed
[H]-1355,2026-05-13T12:15:00.000-04:00,https://www.scstatehouse.gov/votehistory.php?KEY=27727,S.52,Driving under the influence,https://www.scstatehouse.gov/billsearch.php?billnumbers=52&session=126&headerfooter=0,,,Concur in Senate Amendments,Nay,Failed
[H]-1356,2026-05-13T12:18:00.000-04:00,https://www.scstatehouse.gov/votehistory.php?KEY=27730,H.4477,Heirs' property,https://www.scstatehouse.gov/billsearch.php?billnumbers=4477&session=126&headerfooter=0,,,Concur in Senate Amendments,Yea,Passed
[H]-1357,2026-05-13T12:20:00.000-04:00,https://www.scstatehouse.gov/votehistory.php?KEY=27731,H.3841,Property tax,https://www.scstatehouse.gov/billsearch.php?billnumbers=3841&session=126&headerfooter=0,,,Concur in Senate Amendments,Yea,Passed
[H]-1358,2026-05-13T12:23:00.000-04:00,https://www.scstatehouse.gov/votehistory.php?KEY=27733,H.3049,Uniform Civil Remedies for Unauthorized Disclosure of Intimate Images Act,https://www.scstatehouse.gov/billsearch.php?billnumbers=3049&session=126&headerfooter=0,,,Concur in Senate Amendments,Yea,Passed
[H]-1359,2026-05-13T12:27:00.000-04:00,https://www.scstatehouse.gov/votehistory.php?KEY=27734,H.5069,SC Protected Lands and Conservation Coordination Act,https://www.scstatehouse.gov/billsearch.php?billnumbers=5069&session=126&headerfooter=0,,,Concur in Senate Amendments,N/V,Passed
[H]-1360,2026-05-13T12:29:00.000-04:00,https://www.scstatehouse.gov/votehistory.php?KEY=27736,H.4305,Wellness reimbursement program,https://www.scstatehouse.gov/billsearch.php?billnumbers=4305&session=126&headerfooter=0,,,Concur in Senate Amendments,Yea,Passed
[H]-1361,2026-05-13T12:32:00.000-04:00,https://www.scstatehouse.gov/votehistory.php?KEY=27738,H.5573,Spartanburg County Memorial Auditorium Commission,https://www.scstatehouse.gov/billsearch.php?billnumbers=5573&session=126&headerfooter=0,1,https://scstatehouse.gov/amendments.php?KEY=34758,Adopt Amendment 1 Amendment #1,Yea,Passed
[H]-1362,2026-05-13T12:35:00.000-04:00,https://www.scstatehouse.gov/votehistory.php?KEY=27740,H.5537,Dillon National Guard Armory,https://www.scstatehouse.gov/billsearch.php?billnumbers=5537&session=126&headerfooter=0,,,Concur in Senate Amendments,Yea,Passed
[H]-1363,2026-05-13T12:37:00.000-04:00,https://www.scstatehouse.gov/votehistory.php?KEY=27741,S.238,Sine Die,https://www.scstatehouse.gov/billsearch.php?billnumbers=238&session=126&headerfooter=0,,,Concur in Senate Amendments,Yea,Passed
[H]-1364,2026-05-13T14:30:00.000-04:00,https://www.scstatehouse.gov/votehistory.php?KEY=27743,H.3558,Commissioners to Article V Convention,https://www.scstatehouse.gov/billsearch.php?billnumbers=3558&session=126&headerfooter=0,,,Concur in Senate Amendments,Yea,Passed
[H]-1365,2026-05-13T14:52:00.000-04:00,https://www.scstatehouse.gov/votehistory.php?KEY=27746,S.556,Renewable Natural Gas,https://www.scstatehouse.gov/billsearch.php?billnumbers=556&session=126&headerfooter=0,,,Passage of Bill,N/V,Passed
[H]-1366,2026-05-13T15:05:00.000-04:00,https://www.scstatehouse.gov/votehistory.php?KEY=27747,S.823,Child Welfare,https://www.scstatehouse.gov/billsearch.php?billnumbers=823&session=126&headerfooter=0,,,Passage of Bill,Yea,Passed
[H]-1367,2026-05-13T15:08:00.000-04:00,https://www.scstatehouse.gov/votehistory.php?KEY=27748,S.751,Prohibition of sale of nitrous oxide to minors,https://www.scstatehouse.gov/billsearch.php?billnumbers=751&session=126&headerfooter=0,,,Passage of Bill,Yea,Passed
[H]-1368,2026-05-13T15:11:00.000-04:00,https://www.scstatehouse.gov/votehistory.php?KEY=27749,S.70,School Board Ethics,https://www.scstatehouse.gov/billsearch.php?billnumbers=70&session=126&headerfooter=0,,,Passage of Bill,Yea,Passed
[H]-1369,2026-05-13T15:15:00.000-04:00,https://www.scstatehouse.gov/votehistory.php?KEY=27751,S.851,Protection from Financial Exploitation,https://www.scstatehouse.gov/billsearch.php?billnumbers=851&session=126&headerfooter=0,,,Passage of Bill,Yea,Passed
[H]-1370,2026-05-13T15:17:00.000-04:00,https://www.scstatehouse.gov/votehistory.php?KEY=27753,S.935,Seizures in the Workplace,https://www.scstatehouse.gov/billsearch.php?billnumbers=935&session=126&headerfooter=0,,,Passage of Bill,Yea,Passed
[H]-1371,2026-05-13T15:23:00.000-04:00,https://www.scstatehouse.gov/votehistory.php?KEY=27755,S.853,Abandoned Buildings Tax Credit,https://www.scstatehouse.gov/billsearch.php?billnumbers=853&session=126&headerfooter=0,,,Passage of Bill,Yea,Passed
[H]-1372,2026-05-13T15:25:00.000-04:00,https://www.scstatehouse.gov/votehistory.php?KEY=27756,S.866,Municipal Tax Relief Act,https://www.scstatehouse.gov/billsearch.php?billnumbers=866&session=126&headerfooter=0,,,Passage of Bill,N/V,Passed
[H]-1373,2026-05-13T15:28:00.000-04:00,https://www.scstatehouse.gov/votehistory.php?KEY=27758,S.858,Foster Care,https://www.scstatehouse.gov/billsearch.php?billnumbers=858&session=126&headerfooter=0,,,Passage of Bill,Yea,Passed
[H]-1374,2026-05-13T15:32:00.000-04:00,https://www.scstatehouse.gov/votehistory.php?KEY=27762,H.4737,Training for new college and university board members,https://www.scstatehouse.gov/billsearch.php?billnumbers=4737&session=126&headerfooter=0,,,Passage of Bill,Yea,Passed
[H]-1375,2026-05-13T15:37:00.000-04:00,https://www.scstatehouse.gov/votehistory.php?KEY=27764,H.3195,Unstructured and self-directed recess in public schools,https://www.scstatehouse.gov/billsearch.php?billnumbers=3195&session=126&headerfooter=0,1A,https://scstatehouse.gov/amendments.php?KEY=34768,Adopt Amendment 1A Amendment #1A,Yea,Passed
[H]-1376,2026-05-13T15:57:00.000-04:00,https://www.scstatehouse.gov/votehistory.php?KEY=27767,H.4270,Evictions,https://www.scstatehouse.gov/billsearch.php?billnumbers=4270&session=126&headerfooter=0,Amendment number 1a,https://scstatehouse.gov/amendments.php?KEY=34752,Table Amendment 1A Amendment #1a,Nay,Passed
[H]-1377,2026-05-13T16:00:00.000-04:00,https://www.scstatehouse.gov/votehistory.php?KEY=27769,H.4270,Evictions,https://www.scstatehouse.gov/billsearch.php?billnumbers=4270&session=126&headerfooter=0,,,Concur in Senate Amendments,Yea,Passed
[H]-1378,2026-05-13T16:02:00.000-04:00,https://www.scstatehouse.gov/votehistory.php?KEY=27771,S.477,Pharmacy access,https://www.scstatehouse.gov/billsearch.php?billnumbers=477&session=126&headerfooter=0,,,Adopt Conference Report,Yea,Passed
[H]-1379,2026-05-13T16:07:00.000-04:00,https://www.scstatehouse.gov/votehistory.php?KEY=27773,H.5179,School Mapping Data Program,https://www.scstatehouse.gov/billsearch.php?billnumbers=5179&session=126&headerfooter=0,,,Concur in Senate Amendments,Yea,Passed
[H]-1380,2026-05-13T16:11:00.000-04:00,https://www.scstatehouse.gov/votehistory.php?KEY=27775,H.3387,Unlawful occupants of property,https://www.scstatehouse.gov/billsearch.php?billnumbers=3387&session=126&headerfooter=0,1A,https://scstatehouse.gov/amendments.php?KEY=34756,Adopt Amendment 1A Amendment #1A,Yea,Passed
[H]-1381,2026-05-13T16:14:00.000-04:00,https://www.scstatehouse.gov/votehistory.php?KEY=27777,H.3863,South Carolina STEM Opportunity Act,https://www.scstatehouse.gov/billsearch.php?billnumbers=3863&session=126&headerfooter=0,,,Concur in Senate Amendments,Yea,Passed
[H]-1382,2026-05-13T16:16:00.000-04:00,https://www.scstatehouse.gov/votehistory.php?KEY=27779,H.3551,Poll Worker Pay,https://www.scstatehouse.gov/billsearch.php?billnumbers=3551&session=126&headerfooter=0,,,Concur in Senate Amendments,Yea,Passed
[H]-1383,2026-05-13T16:24:00.000-04:00,https://www.scstatehouse.gov/votehistory.php?KEY=27781,H.4248,Food labeling,https://www.scstatehouse.gov/billsearch.php?billnumbers=4248&session=126&headerfooter=0,1,https://scstatehouse.gov/amendments.php?KEY=34772,Adopt Amendment 1 Amendment #1,Yea,Passed
[H]-1384,2026-05-13T16:30:00.000-04:00,https://www.scstatehouse.gov/votehistory.php?KEY=27782,H.5093,Gross proceeds,https://www.scstatehouse.gov/billsearch.php?billnumbers=5093&session=126&headerfooter=0,1,https://scstatehouse.gov/amendments.php?KEY=34773,Adopt Amendment 1 Amendment #1,Yea,Passed
[H]-1385,2026-05-13T16:33:00.000-04:00,https://www.scstatehouse.gov/votehistory.php?KEY=27784,H.4635,Physical Fitness Services,https://www.scstatehouse.gov/billsearch.php?billnumbers=4635&session=126&headerfooter=0,,,Concur in Senate Amendments,Nay,Failed
[H]-1386,2026-05-13T16:36:00.000-04:00,https://www.scstatehouse.gov/votehistory.php?KEY=27786,H.4163,South Carolina High School Athletic Association,https://www.scstatehouse.gov/billsearch.php?billnumbers=4163&session=126&headerfooter=0,,,Concur in Senate Amendments,Yea,Passed
[H]-1387,2026-05-13T16:41:00.000-04:00,https://www.scstatehouse.gov/votehistory.php?KEY=27788,H.4804,"Sexual Exploitation of a Minor, penalties",https://www.scstatehouse.gov/billsearch.php?billnumbers=4804&session=126&headerfooter=0,Amendment number 1a,https://scstatehouse.gov/amendments.php?KEY=34776,Adopt Amendment 1A Amendment #1a,Yea,Passed
[H]-1388,2026-05-13T16:47:00.000-04:00,https://www.scstatehouse.gov/votehistory.php?KEY=27790,S.416,School Expulsion,https://www.scstatehouse.gov/billsearch.php?billnumbers=416&session=126&headerfooter=0,,,Passage of Bill,Yea,Passed
[H]-1389,2026-05-13T16:53:00.000-04:00,https://www.scstatehouse.gov/votehistory.php?KEY=27792,S.11,Paid Family Leave Eligible State Employee,https://www.scstatehouse.gov/billsearch.php?billnumbers=11&session=126&headerfooter=0,,,Passage of Bill,Yea,Passed
[H]-1390,2026-05-13T17:11:00.000-04:00,https://www.scstatehouse.gov/votehistory.php?KEY=27796,S.325,Consumer Affairs,https://www.scstatehouse.gov/billsearch.php?billnumbers=325&session=126&headerfooter=0,1,https://scstatehouse.gov/amendments.php?KEY=34499,Table Amendment 1 Amendment #1,Yea,Passed
[H]-1391,2026-05-13T17:15:00.000-04:00,https://www.scstatehouse.gov/votehistory.php?KEY=27798,S.325,Consumer Affairs,https://www.scstatehouse.gov/billsearch.php?billnumbers=325&session=126&headerfooter=0,,,Passage of Bill,Yea,Passed
[H]-1392,2026-05-13T17:49:00.000-04:00,https://www.scstatehouse.gov/votehistory.php?KEY=27802,H.3021,Small Business Regulatory Freedom Act,https://www.scstatehouse.gov/billsearch.php?billnumbers=3021&session=126&headerfooter=0,Amendment number 3a,https://scstatehouse.gov/amendments.php?KEY=34783,Adopt Amendment 3A Amendment #3a,Yea,Passed
[H]-1393,2026-05-13T17:59:00.000-04:00,https://www.scstatehouse.gov/votehistory.php?KEY=27804,S.922,Appointments,https://www.scstatehouse.gov/billsearch.php?billnumbers=922&session=126&headerfooter=0,,,Passage of Bill,Yea,Passed
[H]-1394,2026-05-13T18:02:00.000-04:00,https://www.scstatehouse.gov/votehistory.php?KEY=27805,S.832,University Campus Events Zoning,https://www.scstatehouse.gov/billsearch.php?billnumbers=832&session=126&headerfooter=0,,,Table Motion to Reconsider,Nay,Failed
[H]-1395,2026-05-13T18:05:00.000-04:00,https://www.scstatehouse.gov/votehistory.php?KEY=27806,S.832,University Campus Events Zoning,https://www.scstatehouse.gov/billsearch.php?billnumbers=832&session=126&headerfooter=0,,,Reconsider the Vote,Yea,Passed
[H]-1396,2026-05-13T18:31:00.000-04:00,https://www.scstatehouse.gov/votehistory.php?KEY=27808,S.832,University Campus Events Zoning,https://www.scstatehouse.gov/billsearch.php?billnumbers=832&session=126&headerfooter=0,5,https://scstatehouse.gov/amendments.php?KEY=34788,Table Amendment 5 Amendment #5,Yea,Passed
[H]-1397,2026-05-13T18:36:00.000-04:00,https://www.scstatehouse.gov/votehistory.php?KEY=27809,S.832,University Campus Events Zoning,https://www.scstatehouse.gov/billsearch.php?billnumbers=832&session=126&headerfooter=0,6,https://scstatehouse.gov/amendments.php?KEY=34790,Table Amendment 6 Amendment #6,Yea,Passed
[H]-1398,2026-05-13T18:39:00.000-04:00,https://www.scstatehouse.gov/votehistory.php?KEY=27810,S.832,University Campus Events Zoning,https://www.scstatehouse.gov/billsearch.php?billnumbers=832&session=126&headerfooter=0,,,Passage of Bill,Yea,Passed
[H]-1399,2026-05-13T19:02:00.000-04:00,https://www.scstatehouse.gov/votehistory.php?KEY=27811,S.235,Prostitution,https://www.scstatehouse.gov/billsearch.php?billnumbers=235&session=126&headerfooter=0,,,Passage of Bill,Yea,Passed
[H]-1400,2026-05-13T19:18:00.000-04:00,https://www.scstatehouse.gov/votehistory.php?KEY=27813,S.933,Legislative Salary,https://www.scstatehouse.gov/billsearch.php?billnumbers=933&session=126&headerfooter=0,3,https://scstatehouse.gov/amendments.php?KEY=34793,Adopt Amendment 3 Amendment #3,N/V,Passed
[H]-1401,2026-05-13T19:34:00.000-04:00,https://www.scstatehouse.gov/votehistory.php?KEY=27814,S.933,Legislative Salary,https://www.scstatehouse.gov/billsearch.php?billnumbers=933&session=126&headerfooter=0,,,Passage of Bill,N/V,Passed
[H]-1403,2026-05-14T11:18:00.000-04:00,https://www.scstatehouse.gov/votehistory.php?KEY=27820,S.1043,Civil Air Patrol Leave Act,https://www.scstatehouse.gov/billsearch.php?billnumbers=1043&session=126&headerfooter=0,,,Passage of Bill,Yea,Passed
[H]-1404,2026-05-14T11:24:00.000-04:00,https://www.scstatehouse.gov/votehistory.php?KEY=27822,H.4069,Patient-Friendly Billing,https://www.scstatehouse.gov/billsearch.php?billnumbers=4069&session=126&headerfooter=0,Amendment number 1a,https://scstatehouse.gov/amendments.php?KEY=34800,Adopt Amendment 1a Amendment #1a,Yea,Passed
[H]-1405,2026-05-14T11:27:00.000-04:00,https://www.scstatehouse.gov/votehistory.php?KEY=27823,H.5113,Modular Homes,https://www.scstatehouse.gov/billsearch.php?billnumbers=5113&session=126&headerfooter=0,,,Concur in Senate Amendments,N/V,Passed
[H]-1406,2026-05-14T11:30:00.000-04:00,https://www.scstatehouse.gov/votehistory.php?KEY=27825,H.3335,Designation of representation in magistrates court,https://www.scstatehouse.gov/billsearch.php?billnumbers=3335&session=126&headerfooter=0,,,Concur in Senate Amendments,N/V,Passed
[H]-1407,2026-05-14T11:31:00.000-04:00,https://www.scstatehouse.gov/votehistory.php?KEY=27826,S.961,Red Drum,https://www.scstatehouse.gov/billsearch.php?billnumbers=961&session=126&headerfooter=0,,,Concur in Senate Amendments,N/V,Passed
[H]-1408,2026-05-14T11:35:00.000-04:00,https://www.scstatehouse.gov/votehistory.php?KEY=27828,H.5122,Internet and Communications Service Providers Equipment,https://www.scstatehouse.gov/billsearch.php?billnumbers=5122&session=126&headerfooter=0,,,Concur in Senate Amendments,N/V,Passed
[H]-1409,2026-05-14T11:38:00.000-04:00,https://www.scstatehouse.gov/votehistory.php?KEY=27829,H.4589,Education Capital Improvements Sales and Use Tax,https://www.scstatehouse.gov/billsearch.php?billnumbers=4589&session=126&headerfooter=0,,,Concur in Senate Amendments,N/V,Passed
[H]-1410,2026-05-14T11:42:00.000-04:00,https://www.scstatehouse.gov/votehistory.php?KEY=27832,H.4337,Subpoena Powers,https://www.scstatehouse.gov/billsearch.php?billnumbers=4337&session=126&headerfooter=0,1,https://scstatehouse.gov/amendments.php?KEY=34802,Adopt Amendment 1 Amendment #1,Yea,Passed
[H]-1411,2026-05-14T11:46:00.000-04:00,https://www.scstatehouse.gov/votehistory.php?KEY=27833,H.4382,Nonprescription Ephedrine Products,https://www.scstatehouse.gov/billsearch.php?billnumbers=4382&session=126&headerfooter=0,,,Concur in Senate Amendments,N/V,Passed
[H]-1412,2026-05-14T11:48:00.000-04:00,https://www.scstatehouse.gov/votehistory.php?KEY=27834,H.4476,Trade commissions,https://www.scstatehouse.gov/billsearch.php?billnumbers=4476&session=126&headerfooter=0,,,Concur in Senate Amendments,N/V,Passed
[H]-1413,2026-05-14T11:53:00.000-04:00,https://www.scstatehouse.gov/votehistory.php?KEY=27837,H.3570,Disclosure of Economic Interests,https://www.scstatehouse.gov/billsearch.php?billnumbers=3570&session=126&headerfooter=0,,,Concur in Senate Amendments,N/V,Failed
[H]-1414,2026-05-14T11:54:00.000-04:00,https://www.scstatehouse.gov/votehistory.php?KEY=27838,H.5217,Deer tags,https://www.scstatehouse.gov/billsearch.php?billnumbers=5217&session=126&headerfooter=0,,,Concur in Senate Amendments,Yea,Passed
[H]-1415,2026-05-14T11:57:00.000-04:00,https://www.scstatehouse.gov/votehistory.php?KEY=27839,H.4706,Racing facility,https://www.scstatehouse.gov/billsearch.php?billnumbers=4706&session=126&headerfooter=0,Amendment number 1a,https://scstatehouse.gov/amendments.php?KEY=34803,Adopt Amendment 1 Amendment #1a,Yea,Passed
[H]-1416,2026-05-14T12:00:00.000-04:00,https://www.scstatehouse.gov/votehistory.php?KEY=27840,S.688,DEW UI Tax Code,https://www.scstatehouse.gov/billsearch.php?billnumbers=688&session=126&headerfooter=0,,,Concur in Senate Amendments,Nay,Failed
[H]-1417,2026-05-14T12:02:00.000-04:00,https://www.scstatehouse.gov/votehistory.php?KEY=27841,H.4303,Cigarettes for heating,https://www.scstatehouse.gov/billsearch.php?billnumbers=4303&session=126&headerfooter=0,,,Concur in Senate Amendments,Yea,Passed
[H]-1418,2026-05-14T12:07:00.000-04:00,https://www.scstatehouse.gov/votehistory.php?KEY=27843,H.5164,Hospitals,https://www.scstatehouse.gov/billsearch.php?billnumbers=5164&session=126&headerfooter=0,,,Concur in Senate Amendments,Nay,Failed
[H]-1419,2026-05-14T12:27:00.000-04:00,https://www.scstatehouse.gov/votehistory.php?KEY=27845,S.1048,Blue Ridge Community,https://www.scstatehouse.gov/billsearch.php?billnumbers=1048&session=126&headerfooter=0,,,Passage of Bill,Yea,Failed
[H]-1420,2026-05-14T12:33:00.000-04:00,https://www.scstatehouse.gov/votehistory.php?KEY=27849,H.5120,"Fingerprinting, offenses by minors",https://www.scstatehouse.gov/billsearch.php?billnumbers=5120&session=126&headerfooter=0,,,Concur in Senate Amendments,Yea,Passed
[H]-1421,2026-05-14T12:37:00.000-04:00,https://www.scstatehouse.gov/votehistory.php?KEY=27850,H.4591,Stop Harm from Addictive Social Media,https://www.scstatehouse.gov/billsearch.php?billnumbers=4591&session=126&headerfooter=0,,,Concur in Senate Amendments,N/V,Passed
[H]-1422,2026-05-14T14:37:00.000-04:00,https://www.scstatehouse.gov/votehistory.php?KEY=27851,S.508,Monument and Memorial Protection,https://www.scstatehouse.gov/billsearch.php?billnumbers=508&session=126&headerfooter=0,,,Adopt Conference Report,N/V,Passed
[H]-1423,2026-05-14T15:08:00.000-04:00,https://www.scstatehouse.gov/votehistory.php?KEY=27854,H.4763,Helping Alleviate Lawful Obstruction HALO Act,https://www.scstatehouse.gov/billsearch.php?billnumbers=4763&session=126&headerfooter=0,,,Concur in Senate Amendments,Nay,Failed
[H]-1424,2026-05-14T15:42:00.000-04:00,https://www.scstatehouse.gov/votehistory.php?KEY=27855,H.5093,Gross proceeds,https://www.scstatehouse.gov/billsearch.php?billnumbers=5093&session=126&headerfooter=0,,,Adopt Conference Report,Yea,Passed
[H]-1425,2026-05-14T16:02:00.000-04:00,https://www.scstatehouse.gov/votehistory.php?KEY=27900,S.688,DEW UI Tax Code,https://www.scstatehouse.gov/billsearch.php?billnumbers=688&session=126&headerfooter=0,,,Adopt Conference Report,Yea,Passed
[H]-1426,2026-05-14T16:47:00.000-04:00,https://www.scstatehouse.gov/votehistory.php?KEY=27931,H.4709,US produced iron and steel,https://www.scstatehouse.gov/billsearch.php?billnumbers=4709&session=126&headerfooter=0,,,Concur in Senate Amendments,Nay,Failed
