id,timestamp,voteUrl,bill,billDescription,billUrl,amendment,amendmentUrl,question,vote,result
[H]-685,2026-01-14T15:06:00.000-05:00,https://www.scstatehouse.gov/votehistory.php?KEY=26338,S.136,Dismissal of pending gun possession charges,https://www.scstatehouse.gov/billsearch.php?billnumbers=136&session=126&headerfooter=0,,,Override Veto by the Governor,Yea,Passed
[H]-686,2026-01-14T15:12:00.000-05:00,https://www.scstatehouse.gov/votehistory.php?KEY=26340,H.3431,South Carolina Social Media Regulation Act,https://www.scstatehouse.gov/billsearch.php?billnumbers=3431&session=126&headerfooter=0,1A,https://scstatehouse.gov/amendments.php?KEY=33808,Adopt Amendment 1A Amendment #1A,Yea,Passed
[H]-688,2026-01-15T10:24:00.000-05:00,https://www.scstatehouse.gov/votehistory.php?KEY=26342, ,"James Britt Blackwell, At-Large DOT",https://www.scstatehouse.gov/billsearch.php?billnumbers=undefined&session=126&headerfooter=0,,,,Yea,Passed
[H]-689,2026-01-15T11:38:00.000-05:00,https://www.scstatehouse.gov/votehistory.php?KEY=26347,H.4902,"Intercollegiate Athletes' Compensation for Name, Image, or Likeness",https://www.scstatehouse.gov/billsearch.php?billnumbers=4902&session=126&headerfooter=0,,,Passage of Bill,Yea,Passed
[H]-692,2026-01-21T15:01:00.000-05:00,https://www.scstatehouse.gov/votehistory.php?KEY=26364,S.287,Electronic Nicotine Delivery System Regulation,https://www.scstatehouse.gov/billsearch.php?billnumbers=287&session=126&headerfooter=0,2,https://scstatehouse.gov/amendments.php?KEY=33814,Table Amendment 2 Amendment #2,Nay,Failed
[H]-693,2026-01-21T15:27:00.000-05:00,https://www.scstatehouse.gov/votehistory.php?KEY=26365,S.287,Electronic Nicotine Delivery System Regulation,https://www.scstatehouse.gov/billsearch.php?billnumbers=287&session=126&headerfooter=0,2,https://scstatehouse.gov/amendments.php?KEY=33814,Adopt Amendment 2 Amendment #2,Yea,Failed
[H]-694,2026-01-21T15:36:00.000-05:00,https://www.scstatehouse.gov/votehistory.php?KEY=26366,S.287,Electronic Nicotine Delivery System Regulation,https://www.scstatehouse.gov/billsearch.php?billnumbers=287&session=126&headerfooter=0,19,https://scstatehouse.gov/amendments.php?KEY=33822,Table Amendment 19 Amendment #19,N/V,Passed
[H]-695,2026-01-21T15:54:00.000-05:00,https://www.scstatehouse.gov/votehistory.php?KEY=26367,S.287,Electronic Nicotine Delivery System Regulation,https://www.scstatehouse.gov/billsearch.php?billnumbers=287&session=126&headerfooter=0,20,https://scstatehouse.gov/amendments.php?KEY=33823,Table Amendment 20 Amendment #20,Yea,Passed
[H]-696,2026-01-21T16:27:00.000-05:00,https://www.scstatehouse.gov/votehistory.php?KEY=26368,S.287,Electronic Nicotine Delivery System Regulation,https://www.scstatehouse.gov/billsearch.php?billnumbers=287&session=126&headerfooter=0,26,https://scstatehouse.gov/amendments.php?KEY=33828,Table Amendment 26 Amendment #26,Nay,Passed
[H]-697,2026-01-21T16:39:00.000-05:00,https://www.scstatehouse.gov/votehistory.php?KEY=26369,S.287,Electronic Nicotine Delivery System Regulation,https://www.scstatehouse.gov/billsearch.php?billnumbers=287&session=126&headerfooter=0,,,Passage of Bill,N/V,Passed
[H]-699,2026-01-22T11:22:00.000-05:00,https://www.scstatehouse.gov/votehistory.php?KEY=26372,H.5012,"House Rules, immediate consideration and questions during debate",https://www.scstatehouse.gov/billsearch.php?billnumbers=5012&session=126&headerfooter=0,,,Table Motion to Recommit,Nay,Passed
[H]-700,2026-01-22T11:39:00.000-05:00,https://www.scstatehouse.gov/votehistory.php?KEY=26373,H.5012,"House Rules, immediate consideration and questions during debate",https://www.scstatehouse.gov/billsearch.php?billnumbers=5012&session=126&headerfooter=0,,,Adopt House Resolution,Yea,Passed
[H]-702,2026-01-28T15:42:00.000-05:00,https://www.scstatehouse.gov/votehistory.php?KEY=26378,H.4756,South Carolina Student Physical Privacy Act,https://www.scstatehouse.gov/billsearch.php?billnumbers=4756&session=126&headerfooter=0,27,https://scstatehouse.gov/amendments.php?KEY=33839,Table Amendment 27 Amendment #27,Nay,Passed
[H]-703,2026-01-28T15:46:00.000-05:00,https://www.scstatehouse.gov/votehistory.php?KEY=26379,H.4756,South Carolina Student Physical Privacy Act,https://www.scstatehouse.gov/billsearch.php?billnumbers=4756&session=126&headerfooter=0,28,https://scstatehouse.gov/amendments.php?KEY=33840,Table Amendment 28 Amendment #28,Nay,Passed
[H]-704,2026-01-28T15:51:00.000-05:00,https://www.scstatehouse.gov/votehistory.php?KEY=26380,H.4756,South Carolina Student Physical Privacy Act,https://www.scstatehouse.gov/billsearch.php?billnumbers=4756&session=126&headerfooter=0,2,https://scstatehouse.gov/amendments.php?KEY=33836,Table Amendment 2 Amendment #2,Nay,Passed
[H]-705,2026-01-28T16:13:00.000-05:00,https://www.scstatehouse.gov/votehistory.php?KEY=26381,H.4756,South Carolina Student Physical Privacy Act,https://www.scstatehouse.gov/billsearch.php?billnumbers=4756&session=126&headerfooter=0,3,https://scstatehouse.gov/amendments.php?KEY=33837,Table Amendment 3 Amendment #3,Nay,Passed
[H]-706,2026-01-28T16:49:00.000-05:00,https://www.scstatehouse.gov/votehistory.php?KEY=26382,H.4756,South Carolina Student Physical Privacy Act,https://www.scstatehouse.gov/billsearch.php?billnumbers=4756&session=126&headerfooter=0,,,Cloture,Nay,Passed
[H]-707,2026-01-28T16:53:00.000-05:00,https://www.scstatehouse.gov/votehistory.php?KEY=26383,H.4756,South Carolina Student Physical Privacy Act,https://www.scstatehouse.gov/billsearch.php?billnumbers=4756&session=126&headerfooter=0,,,Adjourn For The Day,Yea,Failed
[H]-708,2026-01-28T16:59:00.000-05:00,https://www.scstatehouse.gov/votehistory.php?KEY=26384,H.4756,South Carolina Student Physical Privacy Act,https://www.scstatehouse.gov/billsearch.php?billnumbers=4756&session=126&headerfooter=0,5,https://scstatehouse.gov/amendments.php?KEY=33844,Table Amendment 5 Amendment #5,Nay,Passed
[H]-709,2026-01-28T17:04:00.000-05:00,https://www.scstatehouse.gov/votehistory.php?KEY=26385,H.4756,South Carolina Student Physical Privacy Act,https://www.scstatehouse.gov/billsearch.php?billnumbers=4756&session=126&headerfooter=0,6,https://scstatehouse.gov/amendments.php?KEY=33851,Table Amendment 6 Amendment #6,Nay,Passed
[H]-711,2026-01-29T10:47:00.000-05:00,https://www.scstatehouse.gov/votehistory.php?KEY=26387,S.336,Judicial Elections,https://www.scstatehouse.gov/billsearch.php?billnumbers=336&session=126&headerfooter=0,,,Passage of Bill,Yea,Passed
[H]-712,2026-01-29T10:54:00.000-05:00,https://www.scstatehouse.gov/votehistory.php?KEY=26389,S.779,Legislative Expense Allowance,https://www.scstatehouse.gov/billsearch.php?billnumbers=779&session=126&headerfooter=0,,,Passage of Joint Resolution,Yea,Passed
[H]-713,2026-01-29T11:58:00.000-05:00,https://www.scstatehouse.gov/votehistory.php?KEY=26390,H.4756,South Carolina Student Physical Privacy Act,https://www.scstatehouse.gov/billsearch.php?billnumbers=4756&session=126&headerfooter=0,,,Passage of Bill,Nay,Passed
[H]-717,2026-02-04T11:32:00.000-05:00,https://www.scstatehouse.gov/votehistory.php?KEY=26396,H.4760,Abortion-Inducing Drugs,https://www.scstatehouse.gov/billsearch.php?billnumbers=4760&session=126&headerfooter=0,2,https://scstatehouse.gov/amendments.php?KEY=33886,Table Amendment 2 Amendment #2,Yea,Passed
[H]-718,2026-02-04T11:57:00.000-05:00,https://www.scstatehouse.gov/votehistory.php?KEY=26397,H.4760,Abortion-Inducing Drugs,https://www.scstatehouse.gov/billsearch.php?billnumbers=4760&session=126&headerfooter=0,3,https://scstatehouse.gov/amendments.php?KEY=33887,Table Amendment 3 Amendment #3,Yea,Passed
[H]-719,2026-02-04T12:10:00.000-05:00,https://www.scstatehouse.gov/votehistory.php?KEY=26398,H.4760,Abortion-Inducing Drugs,https://www.scstatehouse.gov/billsearch.php?billnumbers=4760&session=126&headerfooter=0,Amendment number 5sub,https://scstatehouse.gov/amendments.php?KEY=33889,Table Amendment 5 Amendment #5sub,Yea,Passed
[H]-720,2026-02-04T12:42:00.000-05:00,https://www.scstatehouse.gov/votehistory.php?KEY=26400,H.4760,Abortion-Inducing Drugs,https://www.scstatehouse.gov/billsearch.php?billnumbers=4760&session=126&headerfooter=0,6,https://scstatehouse.gov/amendments.php?KEY=33890,Table Amendment 6 Amendment #6,Yea,Failed
[H]-721,2026-02-04T12:59:00.000-05:00,https://www.scstatehouse.gov/votehistory.php?KEY=26401,H.4760,Abortion-Inducing Drugs,https://www.scstatehouse.gov/billsearch.php?billnumbers=4760&session=126&headerfooter=0,7,https://scstatehouse.gov/amendments.php?KEY=33891,Table Amendment 7 Amendment #7,Yea,Passed
[H]-722,2026-02-04T13:03:00.000-05:00,https://www.scstatehouse.gov/votehistory.php?KEY=26403,H.4760,Abortion-Inducing Drugs,https://www.scstatehouse.gov/billsearch.php?billnumbers=4760&session=126&headerfooter=0,8,https://scstatehouse.gov/amendments.php?KEY=33892,Table Amendment 8 Amendment #8,Yea,Passed
[H]-723,2026-02-04T13:27:00.000-05:00,https://www.scstatehouse.gov/votehistory.php?KEY=26404,H.4760,Abortion-Inducing Drugs,https://www.scstatehouse.gov/billsearch.php?billnumbers=4760&session=126&headerfooter=0,9,https://scstatehouse.gov/amendments.php?KEY=33893,Table Amendment 9 Amendment #9,Nay,Passed
[H]-724,2026-02-04T13:50:00.000-05:00,https://www.scstatehouse.gov/votehistory.php?KEY=26405,H.4760,Abortion-Inducing Drugs,https://www.scstatehouse.gov/billsearch.php?billnumbers=4760&session=126&headerfooter=0,10,https://scstatehouse.gov/amendments.php?KEY=33894,Table Amendment 10 Amendment #10,Nay,Passed
[H]-725,2026-02-04T13:58:00.000-05:00,https://www.scstatehouse.gov/votehistory.php?KEY=26407,H.4760,Abortion-Inducing Drugs,https://www.scstatehouse.gov/billsearch.php?billnumbers=4760&session=126&headerfooter=0,11,https://scstatehouse.gov/amendments.php?KEY=33895,Table Amendment 11 Amendment #11,Nay,Passed
[H]-726,2026-02-04T14:14:00.000-05:00,https://www.scstatehouse.gov/votehistory.php?KEY=26408,H.4760,Abortion-Inducing Drugs,https://www.scstatehouse.gov/billsearch.php?billnumbers=4760&session=126&headerfooter=0,12,https://scstatehouse.gov/amendments.php?KEY=33896,Table Amendment 12 Amendment #12,Nay,Passed
[H]-727,2026-02-04T14:17:00.000-05:00,https://www.scstatehouse.gov/votehistory.php?KEY=26409,H.4760,Abortion-Inducing Drugs,https://www.scstatehouse.gov/billsearch.php?billnumbers=4760&session=126&headerfooter=0,15,https://scstatehouse.gov/amendments.php?KEY=33898,Table Amendment 15 Amendment #15,Nay,Passed
[H]-728,2026-02-04T14:22:00.000-05:00,https://www.scstatehouse.gov/votehistory.php?KEY=26410,H.4760,Abortion-Inducing Drugs,https://www.scstatehouse.gov/billsearch.php?billnumbers=4760&session=126&headerfooter=0,16,https://scstatehouse.gov/amendments.php?KEY=33899,Table Amendment 16 Amendment #16,Nay,Passed
[H]-729,2026-02-04T14:40:00.000-05:00,https://www.scstatehouse.gov/votehistory.php?KEY=26411,H.4760,Abortion-Inducing Drugs,https://www.scstatehouse.gov/billsearch.php?billnumbers=4760&session=126&headerfooter=0,17,https://scstatehouse.gov/amendments.php?KEY=33900,Table Amendment 17 Amendment #17,Nay,Passed
[H]-730,2026-02-04T14:45:00.000-05:00,https://www.scstatehouse.gov/votehistory.php?KEY=26412,H.4760,Abortion-Inducing Drugs,https://www.scstatehouse.gov/billsearch.php?billnumbers=4760&session=126&headerfooter=0,18,https://scstatehouse.gov/amendments.php?KEY=33903,Table Amendment 18 Amendment #18,Yea,Passed
[H]-731,2026-02-04T16:06:00.000-05:00,https://www.scstatehouse.gov/votehistory.php?KEY=26419,H.4760,Abortion-Inducing Drugs,https://www.scstatehouse.gov/billsearch.php?billnumbers=4760&session=126&headerfooter=0,,,Passage of Bill,Nay,Passed
[H]-732,2026-02-04T18:03:00.000-05:00,https://www.scstatehouse.gov/votehistory.php?KEY=26420,H.4759,Intoxicating Hemp Beverages,https://www.scstatehouse.gov/billsearch.php?billnumbers=4759&session=126&headerfooter=0,Amendment number 2sub,https://scstatehouse.gov/amendments.php?KEY=33909,Table Amendment 2 Amendment #2sub,Nay,Passed
[H]-733,2026-02-04T18:07:00.000-05:00,https://www.scstatehouse.gov/votehistory.php?KEY=26421,H.4759,Intoxicating Hemp Beverages,https://www.scstatehouse.gov/billsearch.php?billnumbers=4759&session=126&headerfooter=0,,,Table Motion to Recommit,Nay,Passed
[H]-734,2026-02-04T18:10:00.000-05:00,https://www.scstatehouse.gov/votehistory.php?KEY=26422,H.4759,Intoxicating Hemp Beverages,https://www.scstatehouse.gov/billsearch.php?billnumbers=4759&session=126&headerfooter=0,3,https://scstatehouse.gov/amendments.php?KEY=33912,Adopt Amendment 3 Amendment #3,Nay,Failed
[H]-735,2026-02-04T18:15:00.000-05:00,https://www.scstatehouse.gov/votehistory.php?KEY=26423,H.4759,Intoxicating Hemp Beverages,https://www.scstatehouse.gov/billsearch.php?billnumbers=4759&session=126&headerfooter=0,Amendment number 2sub,https://scstatehouse.gov/amendments.php?KEY=33909,Table Motion to Reconsider Amendment 2 Amendment #2sub,Nay,Passed
[H]-736,2026-02-04T18:53:00.000-05:00,https://www.scstatehouse.gov/votehistory.php?KEY=26424,H.4759,Intoxicating Hemp Beverages,https://www.scstatehouse.gov/billsearch.php?billnumbers=4759&session=126&headerfooter=0,,,Table Motion to Reconsider Recommit Bill,Nay,Failed
[H]-737,2026-02-04T19:00:00.000-05:00,https://www.scstatehouse.gov/votehistory.php?KEY=26425,H.4759,Intoxicating Hemp Beverages,https://www.scstatehouse.gov/billsearch.php?billnumbers=4759&session=126&headerfooter=0,,,Motion to Recommit,Yea,Passed
[H]-739,2026-02-05T10:58:00.000-05:00,https://www.scstatehouse.gov/votehistory.php?KEY=26428,H.3551,Poll Worker Pay,https://www.scstatehouse.gov/billsearch.php?billnumbers=3551&session=126&headerfooter=0,,,Passage of Bill,Yea,Passed
[H]-740,2026-02-05T11:13:00.000-05:00,https://www.scstatehouse.gov/votehistory.php?KEY=26430,S.405,Homicide by Child Abuse,https://www.scstatehouse.gov/billsearch.php?billnumbers=405&session=126&headerfooter=0,,,Passage of Bill,Yea,Passed
[H]-741,2026-02-05T11:18:00.000-05:00,https://www.scstatehouse.gov/votehistory.php?KEY=26431,S.415,Child Welfare Caregivers,https://www.scstatehouse.gov/billsearch.php?billnumbers=415&session=126&headerfooter=0,,,Passage of Bill,Yea,Passed
[H]-742,2026-02-05T11:34:00.000-05:00,https://www.scstatehouse.gov/votehistory.php?KEY=26433,H.4760,Abortion-Inducing Drugs,https://www.scstatehouse.gov/billsearch.php?billnumbers=4760&session=126&headerfooter=0,,,Passage of Bill,Nay,Passed
[H]-744,2026-02-10T13:08:00.000-05:00,https://www.scstatehouse.gov/votehistory.php?KEY=26442,H.4586,United States Space Force,https://www.scstatehouse.gov/billsearch.php?billnumbers=4586&session=126&headerfooter=0,,,Passage of Bill,Yea,Passed
[H]-745,2026-02-10T13:10:00.000-05:00,https://www.scstatehouse.gov/votehistory.php?KEY=26443,H.4188,"Coroners, disposition of unidentified or unclaimed remains",https://www.scstatehouse.gov/billsearch.php?billnumbers=4188&session=126&headerfooter=0,,,Passage of Bill,Yea,Passed
[H]-746,2026-02-10T13:14:00.000-05:00,https://www.scstatehouse.gov/votehistory.php?KEY=26444,H.4635,Physical Fitness Services,https://www.scstatehouse.gov/billsearch.php?billnumbers=4635&session=126&headerfooter=0,,,Passage of Bill,Yea,Passed
[H]-747,2026-02-10T13:25:00.000-05:00,https://www.scstatehouse.gov/votehistory.php?KEY=26445,H.4511,"Probate, notice to creditors",https://www.scstatehouse.gov/billsearch.php?billnumbers=4511&session=126&headerfooter=0,,,Passage of Bill,Yea,Passed
[H]-748,2026-02-10T13:29:00.000-05:00,https://www.scstatehouse.gov/votehistory.php?KEY=26446,S.623,Georgetown County Building Requirements,https://www.scstatehouse.gov/billsearch.php?billnumbers=623&session=126&headerfooter=0,,,Override Veto by the Governor,Yea,Passed
[H]-750,2026-02-11T11:28:00.000-05:00,https://www.scstatehouse.gov/votehistory.php?KEY=26450,H.5006,Taxes,https://www.scstatehouse.gov/billsearch.php?billnumbers=5006&session=126&headerfooter=0,,,Passage of Bill,Yea,Passed
[H]-751,2026-02-11T11:43:00.000-05:00,https://www.scstatehouse.gov/votehistory.php?KEY=26452,H.4755,Judicial Selection Reform,https://www.scstatehouse.gov/billsearch.php?billnumbers=4755&session=126&headerfooter=0,,,Table Motion to Adjourn Debate,Nay,Passed
[H]-752,2026-02-11T12:12:00.000-05:00,https://www.scstatehouse.gov/votehistory.php?KEY=26454,H.4755,Judicial Selection Reform,https://www.scstatehouse.gov/billsearch.php?billnumbers=4755&session=126&headerfooter=0,4,https://scstatehouse.gov/amendments.php?KEY=33929,Table Amendment 4 Amendment #4,Nay,Passed
[H]-753,2026-02-11T13:19:00.000-05:00,https://www.scstatehouse.gov/votehistory.php?KEY=26456,H.4755,Judicial Selection Reform,https://www.scstatehouse.gov/billsearch.php?billnumbers=4755&session=126&headerfooter=0,,,Passage of Bill,Nay,Passed
[H]-755,2026-02-12T10:59:00.000-05:00,https://www.scstatehouse.gov/votehistory.php?KEY=26462,H.4755,Judicial Selection Reform,https://www.scstatehouse.gov/billsearch.php?billnumbers=4755&session=126&headerfooter=0,,,Passage of Bill,N/V,Passed
[H]-757,2026-02-17T13:00:00.000-05:00,https://www.scstatehouse.gov/votehistory.php?KEY=26478,S.477,Pharmacy access,https://www.scstatehouse.gov/billsearch.php?billnumbers=477&session=126&headerfooter=0,,,Passage of Bill,Yea,Passed
[H]-759,2026-02-18T11:01:00.000-05:00,https://www.scstatehouse.gov/votehistory.php?KEY=26481,S.586,Kershaw County Transportation Committee,https://www.scstatehouse.gov/billsearch.php?billnumbers=586&session=126&headerfooter=0,,,Passage of Bill,Yea,Passed
[H]-760,2026-02-18T11:14:00.000-05:00,https://www.scstatehouse.gov/votehistory.php?KEY=26482,H.4813,Magistrate court fees and costs,https://www.scstatehouse.gov/billsearch.php?billnumbers=4813&session=126&headerfooter=0,,,Passage of Bill,Yea,Passed
[H]-761,2026-02-18T11:16:00.000-05:00,https://www.scstatehouse.gov/votehistory.php?KEY=26484,H.5064,Northeast Technical College Area Commission,https://www.scstatehouse.gov/billsearch.php?billnumbers=5064&session=126&headerfooter=0,,,Passage of Bill,Yea,Passed
[H]-762,2026-02-18T11:25:00.000-05:00,https://www.scstatehouse.gov/votehistory.php?KEY=26485,H.3477,Maximum potential employment benefits,https://www.scstatehouse.gov/billsearch.php?billnumbers=3477&session=126&headerfooter=0,,,Passage of Bill,Yea,Passed
[H]-763,2026-02-18T11:53:00.000-05:00,https://www.scstatehouse.gov/votehistory.php?KEY=26486,H.4757,Parental Rights,https://www.scstatehouse.gov/billsearch.php?billnumbers=4757&session=126&headerfooter=0,,,Table Motion to Adjourn Debate,Nay,Passed
[H]-764,2026-02-18T12:19:00.000-05:00,https://www.scstatehouse.gov/votehistory.php?KEY=26487,H.4757,Parental Rights,https://www.scstatehouse.gov/billsearch.php?billnumbers=4757&session=126&headerfooter=0,4,https://scstatehouse.gov/amendments.php?KEY=33947,Table Amendment 4 Amendment #4,Nay,Passed
[H]-765,2026-02-18T12:43:00.000-05:00,https://www.scstatehouse.gov/votehistory.php?KEY=26489,H.4757,Parental Rights,https://www.scstatehouse.gov/billsearch.php?billnumbers=4757&session=126&headerfooter=0,12,https://scstatehouse.gov/amendments.php?KEY=33954,Table Amendment 12 Amendment #12,Yea,Passed
[H]-766,2026-02-18T12:47:00.000-05:00,https://www.scstatehouse.gov/votehistory.php?KEY=26490,H.4757,Parental Rights,https://www.scstatehouse.gov/billsearch.php?billnumbers=4757&session=126&headerfooter=0,23,https://scstatehouse.gov/amendments.php?KEY=33955,Adopt Amendment 23 Amendment #23,Yea,Passed
[H]-767,2026-02-18T12:57:00.000-05:00,https://www.scstatehouse.gov/votehistory.php?KEY=26491,H.4757,Parental Rights,https://www.scstatehouse.gov/billsearch.php?billnumbers=4757&session=126&headerfooter=0,,,Passage of Bill,Yea,Passed
[H]-769,2026-02-19T11:15:00.000-05:00,https://www.scstatehouse.gov/votehistory.php?KEY=26510,H.5096,Lab grown/cultured meat,https://www.scstatehouse.gov/billsearch.php?billnumbers=5096&session=126&headerfooter=0,,,Passage of Bill,N/V,Passed
[H]-770,2026-02-19T11:20:00.000-05:00,https://www.scstatehouse.gov/votehistory.php?KEY=26511,H.5097,Roadside Markets,https://www.scstatehouse.gov/billsearch.php?billnumbers=5097&session=126&headerfooter=0,,,Passage of Bill,N/V,Passed
[H]-771,2026-02-19T11:24:00.000-05:00,https://www.scstatehouse.gov/votehistory.php?KEY=26512,S.383,Official state migratory bird,https://www.scstatehouse.gov/billsearch.php?billnumbers=383&session=126&headerfooter=0,,,Passage of Bill,N/V,Passed
[H]-772,2026-02-19T11:26:00.000-05:00,https://www.scstatehouse.gov/votehistory.php?KEY=26513,H.3477,Maximum potential employment benefits,https://www.scstatehouse.gov/billsearch.php?billnumbers=3477&session=126&headerfooter=0,,,Passage of Bill,N/V,Passed
[H]-773,2026-02-19T11:28:00.000-05:00,https://www.scstatehouse.gov/votehistory.php?KEY=26514,H.4757,Parental Rights,https://www.scstatehouse.gov/billsearch.php?billnumbers=4757&session=126&headerfooter=0,,,Passage of Bill,N/V,Passed
[H]-775,2026-02-24T12:49:00.000-05:00,https://www.scstatehouse.gov/votehistory.php?KEY=26528,H.3774,Workers compensation,https://www.scstatehouse.gov/billsearch.php?billnumbers=3774&session=126&headerfooter=0,,,Passage of Bill,Yea,Passed
[H]-776,2026-02-24T12:58:00.000-05:00,https://www.scstatehouse.gov/votehistory.php?KEY=26531,H.4709,US produced iron and steel,https://www.scstatehouse.gov/billsearch.php?billnumbers=4709&session=126&headerfooter=0,,,Passage of Bill,Yea,Passed
[H]-777,2026-02-24T13:01:00.000-05:00,https://www.scstatehouse.gov/votehistory.php?KEY=26532,H.4730,Billboard contractors,https://www.scstatehouse.gov/billsearch.php?billnumbers=4730&session=126&headerfooter=0,,,Passage of Bill,Yea,Passed
[H]-778,2026-02-24T13:08:00.000-05:00,https://www.scstatehouse.gov/votehistory.php?KEY=26534,H.4752,Barbers,https://www.scstatehouse.gov/billsearch.php?billnumbers=4752&session=126&headerfooter=0,,,Passage of Bill,Yea,Passed
[H]-779,2026-02-24T13:11:00.000-05:00,https://www.scstatehouse.gov/votehistory.php?KEY=26535,H.5140,Regulation of Notarial Fees,https://www.scstatehouse.gov/billsearch.php?billnumbers=5140&session=126&headerfooter=0,,,Passage of Bill,Yea,Passed
[H]-780,2026-02-24T13:19:00.000-05:00,https://www.scstatehouse.gov/votehistory.php?KEY=26536,H.5162,Protecting Eligible Adults from Financial Exploitation,https://www.scstatehouse.gov/billsearch.php?billnumbers=5162&session=126&headerfooter=0,,,Passage of Bill,Yea,Passed
[H]-781,2026-02-24T13:31:00.000-05:00,https://www.scstatehouse.gov/votehistory.php?KEY=26537,H.5205,College Safety Training Programs for Students,https://www.scstatehouse.gov/billsearch.php?billnumbers=5205&session=126&headerfooter=0,,,Passage of Bill,Yea,Passed
[H]-784,2026-02-25T14:33:00.000-05:00,https://www.scstatehouse.gov/votehistory.php?KEY=26542,H.4762,School volunteer chaplains and historical displays,https://www.scstatehouse.gov/billsearch.php?billnumbers=4762&session=126&headerfooter=0,1,https://scstatehouse.gov/amendments.php?KEY=33938,Table Amendment 1 Amendment #1,Yea,Failed
[H]-785,2026-02-25T14:35:00.000-05:00,https://www.scstatehouse.gov/votehistory.php?KEY=26543,H.4762,School volunteer chaplains and historical displays,https://www.scstatehouse.gov/billsearch.php?billnumbers=4762&session=126&headerfooter=0,1,https://scstatehouse.gov/amendments.php?KEY=33938,Adopt Amendment 1 Amendment #1,Nay,Passed
[H]-786,2026-02-25T14:41:00.000-05:00,https://www.scstatehouse.gov/votehistory.php?KEY=26544,H.4762,School volunteer chaplains and historical displays,https://www.scstatehouse.gov/billsearch.php?billnumbers=4762&session=126&headerfooter=0,3,https://scstatehouse.gov/amendments.php?KEY=33992,Table Amendment 3 Amendment #3,Nay,Passed
[H]-787,2026-02-25T15:17:00.000-05:00,https://www.scstatehouse.gov/votehistory.php?KEY=26546,H.4762,School volunteer chaplains and historical displays,https://www.scstatehouse.gov/billsearch.php?billnumbers=4762&session=126&headerfooter=0,6,https://scstatehouse.gov/amendments.php?KEY=33995,Table Amendment 6 Amendment #6,Nay,Passed
[H]-788,2026-02-25T15:20:00.000-05:00,https://www.scstatehouse.gov/votehistory.php?KEY=26547,H.4762,School volunteer chaplains and historical displays,https://www.scstatehouse.gov/billsearch.php?billnumbers=4762&session=126&headerfooter=0,,,Table cloture,Yea,Failed
[H]-789,2026-02-25T15:27:00.000-05:00,https://www.scstatehouse.gov/votehistory.php?KEY=26549,H.4762,School volunteer chaplains and historical displays,https://www.scstatehouse.gov/billsearch.php?billnumbers=4762&session=126&headerfooter=0,7,https://scstatehouse.gov/amendments.php?KEY=33996,Table Amendment 7 Amendment #7,Nay,Passed
[H]-790,2026-02-25T15:31:00.000-05:00,https://www.scstatehouse.gov/votehistory.php?KEY=26550,H.4762,School volunteer chaplains and historical displays,https://www.scstatehouse.gov/billsearch.php?billnumbers=4762&session=126&headerfooter=0,8,https://scstatehouse.gov/amendments.php?KEY=33997,Table Amendment 8 Amendment #8,Nay,Passed
[H]-791,2026-02-25T15:36:00.000-05:00,https://www.scstatehouse.gov/votehistory.php?KEY=26551,H.4762,School volunteer chaplains and historical displays,https://www.scstatehouse.gov/billsearch.php?billnumbers=4762&session=126&headerfooter=0,9,https://scstatehouse.gov/amendments.php?KEY=33998,Table Amendment 9 Amendment #9,Nay,Passed
[H]-792,2026-02-25T15:41:00.000-05:00,https://www.scstatehouse.gov/votehistory.php?KEY=26552,H.4762,School volunteer chaplains and historical displays,https://www.scstatehouse.gov/billsearch.php?billnumbers=4762&session=126&headerfooter=0,10,https://scstatehouse.gov/amendments.php?KEY=33999,Table Amendment 10 Amendment #10,Nay,Passed
[H]-793,2026-02-25T15:46:00.000-05:00,https://www.scstatehouse.gov/votehistory.php?KEY=26553,H.4762,School volunteer chaplains and historical displays,https://www.scstatehouse.gov/billsearch.php?billnumbers=4762&session=126&headerfooter=0,11,https://scstatehouse.gov/amendments.php?KEY=34000,Table Amendment 11 Amendment #11,Nay,Passed
[H]-794,2026-02-25T15:48:00.000-05:00,https://www.scstatehouse.gov/votehistory.php?KEY=26554,H.4762,School volunteer chaplains and historical displays,https://www.scstatehouse.gov/billsearch.php?billnumbers=4762&session=126&headerfooter=0,12,https://scstatehouse.gov/amendments.php?KEY=34001,Table Amendment 12 Amendment #12,Nay,Passed
[H]-795,2026-02-25T15:55:00.000-05:00,https://www.scstatehouse.gov/votehistory.php?KEY=26555,H.4762,School volunteer chaplains and historical displays,https://www.scstatehouse.gov/billsearch.php?billnumbers=4762&session=126&headerfooter=0,Amendment number 13sub,https://scstatehouse.gov/amendments.php?KEY=34002,Table Amendment 13 Amendment #13sub,Yea,Failed
[H]-796,2026-02-25T15:57:00.000-05:00,https://www.scstatehouse.gov/votehistory.php?KEY=26556,H.4762,School volunteer chaplains and historical displays,https://www.scstatehouse.gov/billsearch.php?billnumbers=4762&session=126&headerfooter=0,Amendment number 13sub,https://scstatehouse.gov/amendments.php?KEY=34002,Adopt Amendment 13 Amendment #13sub,Nay,Passed
[H]-797,2026-02-25T16:13:00.000-05:00,https://www.scstatehouse.gov/votehistory.php?KEY=26558,H.4762,School volunteer chaplains and historical displays,https://www.scstatehouse.gov/billsearch.php?billnumbers=4762&session=126&headerfooter=0,15,https://scstatehouse.gov/amendments.php?KEY=34004,Table Amendment 15 Amendment #15,Nay,Passed
[H]-798,2026-02-25T16:18:00.000-05:00,https://www.scstatehouse.gov/votehistory.php?KEY=26559,H.4762,School volunteer chaplains and historical displays,https://www.scstatehouse.gov/billsearch.php?billnumbers=4762&session=126&headerfooter=0,16,https://scstatehouse.gov/amendments.php?KEY=34005,Table Amendment 16 Amendment #16,Nay,Passed
[H]-799,2026-02-25T16:24:00.000-05:00,https://www.scstatehouse.gov/votehistory.php?KEY=26560,H.4762,School volunteer chaplains and historical displays,https://www.scstatehouse.gov/billsearch.php?billnumbers=4762&session=126&headerfooter=0,18,https://scstatehouse.gov/amendments.php?KEY=34007,Table Amendment 18 Amendment #18,Nay,Passed
[H]-800,2026-02-25T16:28:00.000-05:00,https://www.scstatehouse.gov/votehistory.php?KEY=26562,H.4762,School volunteer chaplains and historical displays,https://www.scstatehouse.gov/billsearch.php?billnumbers=4762&session=126&headerfooter=0,Amendment number 19sub,https://scstatehouse.gov/amendments.php?KEY=34008,Table Amendment 19 Amendment #19sub,Nay,Passed
[H]-801,2026-02-25T16:32:00.000-05:00,https://www.scstatehouse.gov/votehistory.php?KEY=26563,H.4762,School volunteer chaplains and historical displays,https://www.scstatehouse.gov/billsearch.php?billnumbers=4762&session=126&headerfooter=0,20,https://scstatehouse.gov/amendments.php?KEY=34009,Table Amendment 20 Amendment #20,Nay,Passed
[H]-802,2026-02-25T16:37:00.000-05:00,https://www.scstatehouse.gov/votehistory.php?KEY=26564,H.4762,School volunteer chaplains and historical displays,https://www.scstatehouse.gov/billsearch.php?billnumbers=4762&session=126&headerfooter=0,21,https://scstatehouse.gov/amendments.php?KEY=34010,Table Amendment 21 Amendment #21,Nay,Passed
[H]-803,2026-02-25T16:47:00.000-05:00,https://www.scstatehouse.gov/votehistory.php?KEY=26566,H.4762,School volunteer chaplains and historical displays,https://www.scstatehouse.gov/billsearch.php?billnumbers=4762&session=126&headerfooter=0,23,https://scstatehouse.gov/amendments.php?KEY=34012,Table Amendment 23 Amendment #23,Nay,Passed
[H]-804,2026-02-25T16:55:00.000-05:00,https://www.scstatehouse.gov/votehistory.php?KEY=26567,H.4762,School volunteer chaplains and historical displays,https://www.scstatehouse.gov/billsearch.php?billnumbers=4762&session=126&headerfooter=0,24,https://scstatehouse.gov/amendments.php?KEY=34013,Table Amendment 24 Amendment #24,Nay,Passed
[H]-805,2026-02-25T17:01:00.000-05:00,https://www.scstatehouse.gov/votehistory.php?KEY=26573,H.4762,School volunteer chaplains and historical displays,https://www.scstatehouse.gov/billsearch.php?billnumbers=4762&session=126&headerfooter=0,25,https://scstatehouse.gov/amendments.php?KEY=34014,Table Amendment 25 Amendment #25,Nay,Passed
[H]-806,2026-02-25T17:06:00.000-05:00,https://www.scstatehouse.gov/votehistory.php?KEY=26574,H.4762,School volunteer chaplains and historical displays,https://www.scstatehouse.gov/billsearch.php?billnumbers=4762&session=126&headerfooter=0,26,https://scstatehouse.gov/amendments.php?KEY=34015,Table Amendment 26 Amendment #26,Nay,Passed
[H]-807,2026-02-25T17:11:00.000-05:00,https://www.scstatehouse.gov/votehistory.php?KEY=26575,H.4762,School volunteer chaplains and historical displays,https://www.scstatehouse.gov/billsearch.php?billnumbers=4762&session=126&headerfooter=0,27,https://scstatehouse.gov/amendments.php?KEY=34017,Table Amendment 27 Amendment #27,Yea,Failed
[H]-808,2026-02-25T17:12:00.000-05:00,https://www.scstatehouse.gov/votehistory.php?KEY=26576,H.4762,School volunteer chaplains and historical displays,https://www.scstatehouse.gov/billsearch.php?billnumbers=4762&session=126&headerfooter=0,27,https://scstatehouse.gov/amendments.php?KEY=34017,Adopt Amendment 27 Amendment #27,Nay,Passed
[H]-809,2026-02-25T18:47:00.000-05:00,https://www.scstatehouse.gov/votehistory.php?KEY=26577,H.4762,School volunteer chaplains and historical displays,https://www.scstatehouse.gov/billsearch.php?billnumbers=4762&session=126&headerfooter=0,,,Passage of Bill,Nay,Passed
[H]-810,2026-02-25T18:52:00.000-05:00,https://www.scstatehouse.gov/votehistory.php?KEY=26578,S.583,Board of Funeral Services continuing education requirements,https://www.scstatehouse.gov/billsearch.php?billnumbers=583&session=126&headerfooter=0,,,Passage of Bill,Yea,Passed
[H]-812,2026-02-26T11:22:00.000-05:00,https://www.scstatehouse.gov/votehistory.php?KEY=26583,H.5261,Alcohol Server Training,https://www.scstatehouse.gov/billsearch.php?billnumbers=5261&session=126&headerfooter=0,,,Passage of Joint Resolution,Yea,Passed
[H]-814,2026-03-03T13:11:00.000-05:00,https://www.scstatehouse.gov/votehistory.php?KEY=26610,H.4163,South Carolina High School Athletic Association,https://www.scstatehouse.gov/billsearch.php?billnumbers=4163&session=126&headerfooter=0,,,Passage of Bill,Yea,Passed
[H]-815,2026-03-03T13:21:00.000-05:00,https://www.scstatehouse.gov/votehistory.php?KEY=26611,H.5179,School Mapping Data Program,https://www.scstatehouse.gov/billsearch.php?billnumbers=5179&session=126&headerfooter=0,,,Passage of Bill,Yea,Passed
[H]-816,2026-03-03T13:54:00.000-05:00,https://www.scstatehouse.gov/votehistory.php?KEY=26612,H.4468,Local advisory councils for educating students with disabilities,https://www.scstatehouse.gov/billsearch.php?billnumbers=4468&session=126&headerfooter=0,,,Passage of Bill,Yea,Passed
[H]-817,2026-03-03T14:04:00.000-05:00,https://www.scstatehouse.gov/votehistory.php?KEY=26613,H.3798,Military chaplains,https://www.scstatehouse.gov/billsearch.php?billnumbers=3798&session=126&headerfooter=0,,,Concur in Senate Amendments,Yea,Passed
[H]-820,2026-03-04T11:00:00.000-05:00,https://www.scstatehouse.gov/votehistory.php?KEY=26623,H.5060,St. John's Fire District,https://www.scstatehouse.gov/billsearch.php?billnumbers=5060&session=126&headerfooter=0,,,Passage of Bill,Yea,Passed
[H]-821,2026-03-04T11:03:00.000-05:00,https://www.scstatehouse.gov/votehistory.php?KEY=26624,H.5089,Beaufort County voting precincts,https://www.scstatehouse.gov/billsearch.php?billnumbers=5089&session=126&headerfooter=0,,,Passage of Bill,Yea,Passed
[H]-822,2026-03-04T11:07:00.000-05:00,https://www.scstatehouse.gov/votehistory.php?KEY=26691,H.3474,Transportation Network Companies,https://www.scstatehouse.gov/billsearch.php?billnumbers=3474&session=126&headerfooter=0,,,Passage of Bill,Yea,Passed
[H]-823,2026-03-04T11:11:00.000-05:00,https://www.scstatehouse.gov/votehistory.php?KEY=26692,H.4343,Human trafficking awareness and prevention training,https://www.scstatehouse.gov/billsearch.php?billnumbers=4343&session=126&headerfooter=0,,,Concur in Senate Amendments,Yea,Passed
[H]-824,2026-03-04T11:19:00.000-05:00,https://www.scstatehouse.gov/votehistory.php?KEY=26693,H.3227,Earthquake insurance,https://www.scstatehouse.gov/billsearch.php?billnumbers=3227&session=126&headerfooter=0,,,Passage of Bill,Yea,Passed
[H]-825,2026-03-04T11:43:00.000-05:00,https://www.scstatehouse.gov/votehistory.php?KEY=26694,H.4151,Juveniles,https://www.scstatehouse.gov/billsearch.php?billnumbers=4151&session=126&headerfooter=0,,,Table Motion to Adjourn Debate,Nay,Passed
[H]-833,2026-03-04T14:18:00.000-05:00,https://www.scstatehouse.gov/votehistory.php?KEY=26695,H.4151,Juveniles,https://www.scstatehouse.gov/billsearch.php?billnumbers=4151&session=126&headerfooter=0,,,Passage of Bill,Nay,Passed
[H]-834,2026-03-04T14:39:00.000-05:00,https://www.scstatehouse.gov/votehistory.php?KEY=26696,H.4763,Helping Alleviate Lawful Obstruction HALO Act,https://www.scstatehouse.gov/billsearch.php?billnumbers=4763&session=126&headerfooter=0,1,https://scstatehouse.gov/amendments.php?KEY=34036,Table Amendment 1 Amendment #1,Yea,Failed
[H]-835,2026-03-04T15:14:00.000-05:00,https://www.scstatehouse.gov/votehistory.php?KEY=26697,H.4763,Helping Alleviate Lawful Obstruction HALO Act,https://www.scstatehouse.gov/billsearch.php?billnumbers=4763&session=126&headerfooter=0,3,https://scstatehouse.gov/amendments.php?KEY=34038,Table Amendment 3 Amendment #3,N/V,Passed
[H]-836,2026-03-04T15:19:00.000-05:00,https://www.scstatehouse.gov/votehistory.php?KEY=26700,H.4763,Helping Alleviate Lawful Obstruction HALO Act,https://www.scstatehouse.gov/billsearch.php?billnumbers=4763&session=126&headerfooter=0,5,https://scstatehouse.gov/amendments.php?KEY=34041,Table Amendment 5 Amendment #5,Nay,Passed
[H]-837,2026-03-04T15:52:00.000-05:00,https://www.scstatehouse.gov/votehistory.php?KEY=26701,H.4763,Helping Alleviate Lawful Obstruction HALO Act,https://www.scstatehouse.gov/billsearch.php?billnumbers=4763&session=126&headerfooter=0,6,https://scstatehouse.gov/amendments.php?KEY=34042,Table Amendment 6 Amendment #6,Nay,Passed
[H]-838,2026-03-04T16:15:00.000-05:00,https://www.scstatehouse.gov/votehistory.php?KEY=26702,H.4763,Helping Alleviate Lawful Obstruction HALO Act,https://www.scstatehouse.gov/billsearch.php?billnumbers=4763&session=126&headerfooter=0,7,https://scstatehouse.gov/amendments.php?KEY=34045,Table Amendment 7 Amendment #7,Nay,Passed
[H]-839,2026-03-04T16:32:00.000-05:00,https://www.scstatehouse.gov/votehistory.php?KEY=26704,H.4763,Helping Alleviate Lawful Obstruction HALO Act,https://www.scstatehouse.gov/billsearch.php?billnumbers=4763&session=126&headerfooter=0,Amendment number 4sub,https://scstatehouse.gov/amendments.php?KEY=34048,Table Amendment 4 Amendment #4sub,Yea,Failed
[H]-840,2026-03-04T16:34:00.000-05:00,https://www.scstatehouse.gov/votehistory.php?KEY=26705,H.4763,Helping Alleviate Lawful Obstruction HALO Act,https://www.scstatehouse.gov/billsearch.php?billnumbers=4763&session=126&headerfooter=0,Amendment number 4sub,https://scstatehouse.gov/amendments.php?KEY=34048,Adopt Amendment 4 Amendment #4sub,N/V,Passed
[H]-841,2026-03-04T16:48:00.000-05:00,https://www.scstatehouse.gov/votehistory.php?KEY=26708,H.4763,Helping Alleviate Lawful Obstruction HALO Act,https://www.scstatehouse.gov/billsearch.php?billnumbers=4763&session=126&headerfooter=0,,,Passage of Bill,Nay,Passed
[H]-842,2026-03-04T16:50:00.000-05:00,https://www.scstatehouse.gov/votehistory.php?KEY=26709,H.5120,"Fingerprinting, offenses by minors",https://www.scstatehouse.gov/billsearch.php?billnumbers=5120&session=126&headerfooter=0,,,Passage of Bill,Yea,Passed
[H]-843,2026-03-04T17:01:00.000-05:00,https://www.scstatehouse.gov/votehistory.php?KEY=26710,H.5073,Public school grading,https://www.scstatehouse.gov/billsearch.php?billnumbers=5073&session=126&headerfooter=0,,,Table Motion to Recommit,Nay,Passed
[H]-844,2026-03-04T17:10:00.000-05:00,https://www.scstatehouse.gov/votehistory.php?KEY=26713,H.5073,Public school grading,https://www.scstatehouse.gov/billsearch.php?billnumbers=5073&session=126&headerfooter=0,3,https://scstatehouse.gov/amendments.php?KEY=34053,Table Amendment 3 Amendment #3,Nay,Passed
[H]-845,2026-03-04T17:19:00.000-05:00,https://www.scstatehouse.gov/votehistory.php?KEY=26714,H.5073,Public school grading,https://www.scstatehouse.gov/billsearch.php?billnumbers=5073&session=126&headerfooter=0,6,https://scstatehouse.gov/amendments.php?KEY=34056,Table Amendment 6 Amendment #6,Nay,Passed
[H]-846,2026-03-04T17:21:00.000-05:00,https://www.scstatehouse.gov/votehistory.php?KEY=26715,H.5073,Public school grading,https://www.scstatehouse.gov/billsearch.php?billnumbers=5073&session=126&headerfooter=0,,,Passage of Bill,Nay,Passed
[H]-848,2026-03-05T10:59:00.000-05:00,https://www.scstatehouse.gov/votehistory.php?KEY=26719,H.5182,Jasper County Council,https://www.scstatehouse.gov/billsearch.php?billnumbers=5182&session=126&headerfooter=0,,,Passage of Bill,Yea,Passed
[H]-849,2026-03-05T11:08:00.000-05:00,https://www.scstatehouse.gov/votehistory.php?KEY=26720,H.4342,"Dental and veterinary school faculty, restricted licenses",https://www.scstatehouse.gov/billsearch.php?billnumbers=4342&session=126&headerfooter=0,,,Concur in Senate Amendments,Yea,Passed
[H]-850,2026-03-05T11:30:00.000-05:00,https://www.scstatehouse.gov/votehistory.php?KEY=26721,H.4573,Charlie Kirk Memorial Highway,https://www.scstatehouse.gov/billsearch.php?billnumbers=4573&session=126&headerfooter=0,,,Adopt Concurrent Resolution,Nay,Passed
[H]-851,2026-03-05T11:35:00.000-05:00,https://www.scstatehouse.gov/votehistory.php?KEY=26722,H.5000,"""Charlie Kirk Memorial Bridge""",https://www.scstatehouse.gov/billsearch.php?billnumbers=5000&session=126&headerfooter=0,,,Adopt Concurrent Resolution,Nay,Passed
[H]-852,2026-03-05T11:38:00.000-05:00,https://www.scstatehouse.gov/votehistory.php?KEY=26723,H.4982,President Donald J. Trump Highway,https://www.scstatehouse.gov/billsearch.php?billnumbers=4982&session=126&headerfooter=0,1,https://scstatehouse.gov/amendments.php?KEY=34057,Table Amendment 1 Amendment #1,Nay,Passed
[H]-853,2026-03-05T11:41:00.000-05:00,https://www.scstatehouse.gov/votehistory.php?KEY=26724,H.4982,President Donald J. Trump Highway,https://www.scstatehouse.gov/billsearch.php?billnumbers=4982&session=126&headerfooter=0,2,https://scstatehouse.gov/amendments.php?KEY=34058,Table Amendment 2 Amendment #2,Nay,Passed
[H]-854,2026-03-05T11:45:00.000-05:00,https://www.scstatehouse.gov/votehistory.php?KEY=26725,H.4982,President Donald J. Trump Highway,https://www.scstatehouse.gov/billsearch.php?billnumbers=4982&session=126&headerfooter=0,,,Adopt Concurrent Resolution,Nay,Passed
[H]-856,2026-03-09T13:20:00.000-04:00,https://www.scstatehouse.gov/votehistory.php?KEY=26728,H.5126,Budget,https://www.scstatehouse.gov/billsearch.php?billnumbers=5126&session=126&headerfooter=0,,,"Passage of Section 1, Part 1A",Yea,Passed
[H]-857,2026-03-09T13:21:00.000-04:00,https://www.scstatehouse.gov/votehistory.php?KEY=26729,H.5126,Budget,https://www.scstatehouse.gov/billsearch.php?billnumbers=5126&session=126&headerfooter=0,,,"Passage of Section 2, Part 1A",Yea,Passed
[H]-858,2026-03-09T13:23:00.000-04:00,https://www.scstatehouse.gov/votehistory.php?KEY=26730,H.5126,Budget,https://www.scstatehouse.gov/billsearch.php?billnumbers=5126&session=126&headerfooter=0,,,"Passage of Section 3, Part 1A",Yea,Passed
[H]-859,2026-03-09T13:24:00.000-04:00,https://www.scstatehouse.gov/votehistory.php?KEY=26731,H.5126,Budget,https://www.scstatehouse.gov/billsearch.php?billnumbers=5126&session=126&headerfooter=0,,,"Passage of Section 4, Part 1A",Yea,Passed
[H]-860,2026-03-09T13:25:00.000-04:00,https://www.scstatehouse.gov/votehistory.php?KEY=26732,H.5126,Budget,https://www.scstatehouse.gov/billsearch.php?billnumbers=5126&session=126&headerfooter=0,,,"Passage of Section 5, Part 1A",Yea,Passed
[H]-861,2026-03-09T13:26:00.000-04:00,https://www.scstatehouse.gov/votehistory.php?KEY=26733,H.5126,Budget,https://www.scstatehouse.gov/billsearch.php?billnumbers=5126&session=126&headerfooter=0,,,"Passage of Section 6, Part 1A",Yea,Passed
[H]-862,2026-03-09T13:27:00.000-04:00,https://www.scstatehouse.gov/votehistory.php?KEY=26734,H.5126,Budget,https://www.scstatehouse.gov/billsearch.php?billnumbers=5126&session=126&headerfooter=0,,,"Passage of Section 7, Part 1A",Yea,Passed
[H]-863,2026-03-09T13:29:00.000-04:00,https://www.scstatehouse.gov/votehistory.php?KEY=26735,H.5126,Budget,https://www.scstatehouse.gov/billsearch.php?billnumbers=5126&session=126&headerfooter=0,,,"Passage of Section 8, Part 1A",Yea,Passed
[H]-864,2026-03-09T13:30:00.000-04:00,https://www.scstatehouse.gov/votehistory.php?KEY=26736,H.5126,Budget,https://www.scstatehouse.gov/billsearch.php?billnumbers=5126&session=126&headerfooter=0,,,"Passage of Section 9, Part 1A",Yea,Passed
[H]-865,2026-03-09T13:31:00.000-04:00,https://www.scstatehouse.gov/votehistory.php?KEY=26737,H.5126,Budget,https://www.scstatehouse.gov/billsearch.php?billnumbers=5126&session=126&headerfooter=0,,,"Passage of Section 10, Part 1A",Yea,Passed
[H]-866,2026-03-09T13:33:00.000-04:00,https://www.scstatehouse.gov/votehistory.php?KEY=26738,H.5126,Budget,https://www.scstatehouse.gov/billsearch.php?billnumbers=5126&session=126&headerfooter=0,,,"Passage of Section 11, Part 1A",Yea,Passed
[H]-867,2026-03-09T13:34:00.000-04:00,https://www.scstatehouse.gov/votehistory.php?KEY=26739,H.5126,Budget,https://www.scstatehouse.gov/billsearch.php?billnumbers=5126&session=126&headerfooter=0,,,"Passage of Section 12, Part 1A",Yea,Passed
[H]-868,2026-03-09T13:38:00.000-04:00,https://www.scstatehouse.gov/votehistory.php?KEY=26740,H.5126,Budget,https://www.scstatehouse.gov/billsearch.php?billnumbers=5126&session=126&headerfooter=0,,,"Passage of Section 23, Part 1A",Yea,Passed
[H]-869,2026-03-09T13:39:00.000-04:00,https://www.scstatehouse.gov/votehistory.php?KEY=26741,H.5126,Budget,https://www.scstatehouse.gov/billsearch.php?billnumbers=5126&session=126&headerfooter=0,,,"Passage of Section 24, Part 1A",Yea,Passed
[H]-870,2026-03-09T13:40:00.000-04:00,https://www.scstatehouse.gov/votehistory.php?KEY=26742,H.5126,Budget,https://www.scstatehouse.gov/billsearch.php?billnumbers=5126&session=126&headerfooter=0,,,"Passage of Section 25, Part 1A",Yea,Passed
[H]-871,2026-03-09T13:41:00.000-04:00,https://www.scstatehouse.gov/votehistory.php?KEY=26743,H.5126,Budget,https://www.scstatehouse.gov/billsearch.php?billnumbers=5126&session=126&headerfooter=0,,,"Passage of Section 26, Part 1A",Yea,Passed
[H]-872,2026-03-09T13:43:00.000-04:00,https://www.scstatehouse.gov/votehistory.php?KEY=26744,H.5126,Budget,https://www.scstatehouse.gov/billsearch.php?billnumbers=5126&session=126&headerfooter=0,,,"Passage of Section 28, Part 1A",Yea,Passed
[H]-873,2026-03-09T13:44:00.000-04:00,https://www.scstatehouse.gov/votehistory.php?KEY=26745,H.5126,Budget,https://www.scstatehouse.gov/billsearch.php?billnumbers=5126&session=126&headerfooter=0,,,"Passage of Section 29, Part 1A",Yea,Passed
[H]-874,2026-03-09T13:45:00.000-04:00,https://www.scstatehouse.gov/votehistory.php?KEY=26746,H.5126,Budget,https://www.scstatehouse.gov/billsearch.php?billnumbers=5126&session=126&headerfooter=0,,,"Passage of Section 30, Part 1A",Yea,Passed
[H]-875,2026-03-09T13:46:00.000-04:00,https://www.scstatehouse.gov/votehistory.php?KEY=26747,H.5126,Budget,https://www.scstatehouse.gov/billsearch.php?billnumbers=5126&session=126&headerfooter=0,,,"Passage of Section 32, Part 1A",Yea,Passed
[H]-876,2026-03-09T13:47:00.000-04:00,https://www.scstatehouse.gov/votehistory.php?KEY=26748,H.5126,Budget,https://www.scstatehouse.gov/billsearch.php?billnumbers=5126&session=126&headerfooter=0,,,"Passage of Section 33, Part 1A",N/V,Passed
[H]-877,2026-03-09T13:51:00.000-04:00,https://www.scstatehouse.gov/votehistory.php?KEY=26750,H.5126,Budget,https://www.scstatehouse.gov/billsearch.php?billnumbers=5126&session=126&headerfooter=0,,,"Passage of Section 34, Part 1A",Yea,Passed
[H]-878,2026-03-09T13:53:00.000-04:00,https://www.scstatehouse.gov/votehistory.php?KEY=26751,H.5126,Budget,https://www.scstatehouse.gov/billsearch.php?billnumbers=5126&session=126&headerfooter=0,,,"Passage of Section 38 , Part 1A",Yea,Passed
[H]-879,2026-03-09T13:54:00.000-04:00,https://www.scstatehouse.gov/votehistory.php?KEY=26753,H.5126,Budget,https://www.scstatehouse.gov/billsearch.php?billnumbers=5126&session=126&headerfooter=0,,,"Passage of Section 39, Part 1A",N/V,Passed
[H]-880,2026-03-09T13:55:00.000-04:00,https://www.scstatehouse.gov/votehistory.php?KEY=26754,H.5126,Budget,https://www.scstatehouse.gov/billsearch.php?billnumbers=5126&session=126&headerfooter=0,,,"Passage of Section 40 , Part 1A",Yea,Passed
[H]-881,2026-03-09T13:56:00.000-04:00,https://www.scstatehouse.gov/votehistory.php?KEY=26755,H.5126,Budget,https://www.scstatehouse.gov/billsearch.php?billnumbers=5126&session=126&headerfooter=0,,,"Passage of Section 41, Part 1A",Yea,Passed
[H]-882,2026-03-09T13:57:00.000-04:00,https://www.scstatehouse.gov/votehistory.php?KEY=26756,H.5126,Budget,https://www.scstatehouse.gov/billsearch.php?billnumbers=5126&session=126&headerfooter=0,,,"Passage of Section 42, Part 1A",Yea,Passed
[H]-883,2026-03-09T13:59:00.000-04:00,https://www.scstatehouse.gov/votehistory.php?KEY=26757,H.5126,Budget,https://www.scstatehouse.gov/billsearch.php?billnumbers=5126&session=126&headerfooter=0,,,"Passage of Section 43, Part 1A",Yea,Passed
[H]-884,2026-03-09T14:00:00.000-04:00,https://www.scstatehouse.gov/votehistory.php?KEY=26758,H.5126,Budget,https://www.scstatehouse.gov/billsearch.php?billnumbers=5126&session=126&headerfooter=0,,,"Passage of Section 44, Part 1A",Yea,Passed
[H]-885,2026-03-09T14:01:00.000-04:00,https://www.scstatehouse.gov/votehistory.php?KEY=26759,H.5126,Budget,https://www.scstatehouse.gov/billsearch.php?billnumbers=5126&session=126&headerfooter=0,,,"Passage of Section 45, Part 1A",Yea,Passed
[H]-886,2026-03-09T14:02:00.000-04:00,https://www.scstatehouse.gov/votehistory.php?KEY=26760,H.5126,Budget,https://www.scstatehouse.gov/billsearch.php?billnumbers=5126&session=126&headerfooter=0,,,"Passage of Section 46, Part 1A",Yea,Passed
[H]-887,2026-03-09T14:04:00.000-04:00,https://www.scstatehouse.gov/votehistory.php?KEY=26761,H.5126,Budget,https://www.scstatehouse.gov/billsearch.php?billnumbers=5126&session=126&headerfooter=0,,,"Passage of Section 47, Part 1A",Yea,Passed
[H]-888,2026-03-09T14:06:00.000-04:00,https://www.scstatehouse.gov/votehistory.php?KEY=26762,H.5126,Budget,https://www.scstatehouse.gov/billsearch.php?billnumbers=5126&session=126&headerfooter=0,,,"Passage of Section 51, Part 1A",Yea,Passed
[H]-889,2026-03-09T14:07:00.000-04:00,https://www.scstatehouse.gov/votehistory.php?KEY=26763,H.5126,Budget,https://www.scstatehouse.gov/billsearch.php?billnumbers=5126&session=126&headerfooter=0,,,"Passage of Section 52, Part 1A",Yea,Passed
[H]-890,2026-03-09T14:08:00.000-04:00,https://www.scstatehouse.gov/votehistory.php?KEY=26764,H.5126,Budget,https://www.scstatehouse.gov/billsearch.php?billnumbers=5126&session=126&headerfooter=0,,,"Passage of Section 53, Part 1A",Yea,Passed
[H]-891,2026-03-09T14:09:00.000-04:00,https://www.scstatehouse.gov/votehistory.php?KEY=26765,H.5126,Budget,https://www.scstatehouse.gov/billsearch.php?billnumbers=5126&session=126&headerfooter=0,,,"Passage of Section 55, Part 1A",Yea,Passed
[H]-892,2026-03-09T14:10:00.000-04:00,https://www.scstatehouse.gov/votehistory.php?KEY=26766,H.5126,Budget,https://www.scstatehouse.gov/billsearch.php?billnumbers=5126&session=126&headerfooter=0,,,"Passage of Section 57, Part 1A",Yea,Passed
[H]-893,2026-03-09T14:11:00.000-04:00,https://www.scstatehouse.gov/votehistory.php?KEY=26767,H.5126,Budget,https://www.scstatehouse.gov/billsearch.php?billnumbers=5126&session=126&headerfooter=0,,,"Passage of Section 58, Part 1A",Yea,Passed
[H]-894,2026-03-09T14:13:00.000-04:00,https://www.scstatehouse.gov/votehistory.php?KEY=26768,H.5126,Budget,https://www.scstatehouse.gov/billsearch.php?billnumbers=5126&session=126&headerfooter=0,,,"Passage of Section 59, Part 1A",N/V,Passed
[H]-895,2026-03-09T14:14:00.000-04:00,https://www.scstatehouse.gov/votehistory.php?KEY=26769,H.5126,Budget,https://www.scstatehouse.gov/billsearch.php?billnumbers=5126&session=126&headerfooter=0,,,"Passage of Section 60, Part 1A",Yea,Passed
[H]-896,2026-03-09T14:15:00.000-04:00,https://www.scstatehouse.gov/votehistory.php?KEY=26770,H.5126,Budget,https://www.scstatehouse.gov/billsearch.php?billnumbers=5126&session=126&headerfooter=0,,,"Passage of Section 61, Part 1A",Yea,Passed
[H]-897,2026-03-09T14:16:00.000-04:00,https://www.scstatehouse.gov/votehistory.php?KEY=26771,H.5126,Budget,https://www.scstatehouse.gov/billsearch.php?billnumbers=5126&session=126&headerfooter=0,,,"Passage of Section 62, Part 1A",Yea,Passed
[H]-898,2026-03-09T14:17:00.000-04:00,https://www.scstatehouse.gov/votehistory.php?KEY=26772,H.5126,Budget,https://www.scstatehouse.gov/billsearch.php?billnumbers=5126&session=126&headerfooter=0,,,"Passage of Section 63, Part 1A",Yea,Passed
[H]-899,2026-03-09T14:18:00.000-04:00,https://www.scstatehouse.gov/votehistory.php?KEY=26773,H.5126,Budget,https://www.scstatehouse.gov/billsearch.php?billnumbers=5126&session=126&headerfooter=0,,,"Passage of Section 64, Part 1A",Yea,Passed
[H]-900,2026-03-09T14:20:00.000-04:00,https://www.scstatehouse.gov/votehistory.php?KEY=26909,H.5126,Budget,https://www.scstatehouse.gov/billsearch.php?billnumbers=5126&session=126&headerfooter=0,,,"Passage of Section 65, Part 1A",Yea,Passed
[H]-901,2026-03-09T14:21:00.000-04:00,https://www.scstatehouse.gov/votehistory.php?KEY=26775,H.5126,Budget,https://www.scstatehouse.gov/billsearch.php?billnumbers=5126&session=126&headerfooter=0,,,"Passage of Section 66, Part 1A",Yea,Passed
[H]-902,2026-03-09T14:22:00.000-04:00,https://www.scstatehouse.gov/votehistory.php?KEY=26776,H.5126,Budget,https://www.scstatehouse.gov/billsearch.php?billnumbers=5126&session=126&headerfooter=0,,,"Passage of Section 67, Part 1A",Yea,Passed
[H]-903,2026-03-09T14:24:00.000-04:00,https://www.scstatehouse.gov/votehistory.php?KEY=26777,H.5126,Budget,https://www.scstatehouse.gov/billsearch.php?billnumbers=5126&session=126&headerfooter=0,,,"Passage of Section 72, Part 1A",Yea,Passed
[H]-904,2026-03-09T14:25:00.000-04:00,https://www.scstatehouse.gov/votehistory.php?KEY=26779,H.5126,Budget,https://www.scstatehouse.gov/billsearch.php?billnumbers=5126&session=126&headerfooter=0,,,"Passage of Section 73, Part 1A",Yea,Passed
[H]-905,2026-03-09T14:27:00.000-04:00,https://www.scstatehouse.gov/votehistory.php?KEY=26780,H.5126,Budget,https://www.scstatehouse.gov/billsearch.php?billnumbers=5126&session=126&headerfooter=0,,,"Passage of Section 74, Part 1A",Yea,Passed
[H]-906,2026-03-09T14:28:00.000-04:00,https://www.scstatehouse.gov/votehistory.php?KEY=26781,H.5126,Budget,https://www.scstatehouse.gov/billsearch.php?billnumbers=5126&session=126&headerfooter=0,,,"Passage of Section 75, Part 1A",Yea,Passed
[H]-907,2026-03-09T14:29:00.000-04:00,https://www.scstatehouse.gov/votehistory.php?KEY=26783,H.5126,Budget,https://www.scstatehouse.gov/billsearch.php?billnumbers=5126&session=126&headerfooter=0,,,"Passage of Section 78, Part 1A",Yea,Passed
[H]-908,2026-03-09T14:30:00.000-04:00,https://www.scstatehouse.gov/votehistory.php?KEY=26784,H.5126,Budget,https://www.scstatehouse.gov/billsearch.php?billnumbers=5126&session=126&headerfooter=0,,,"Passage of Section 79, Part 1A",Yea,Passed
[H]-909,2026-03-09T14:31:00.000-04:00,https://www.scstatehouse.gov/votehistory.php?KEY=26785,H.5126,Budget,https://www.scstatehouse.gov/billsearch.php?billnumbers=5126&session=126&headerfooter=0,,,"Passage of Section 80, Part 1A",Yea,Passed
[H]-910,2026-03-09T14:32:00.000-04:00,https://www.scstatehouse.gov/votehistory.php?KEY=26786,H.5126,Budget,https://www.scstatehouse.gov/billsearch.php?billnumbers=5126&session=126&headerfooter=0,,,"Passage of Section 81, Part 1A",Yea,Passed
[H]-911,2026-03-09T14:33:00.000-04:00,https://www.scstatehouse.gov/votehistory.php?KEY=26787,H.5126,Budget,https://www.scstatehouse.gov/billsearch.php?billnumbers=5126&session=126&headerfooter=0,,,"Passage of Section 82, Part 1A",Yea,Passed
[H]-912,2026-03-09T14:34:00.000-04:00,https://www.scstatehouse.gov/votehistory.php?KEY=26789,H.5126,Budget,https://www.scstatehouse.gov/billsearch.php?billnumbers=5126&session=126&headerfooter=0,,,"Passage of Section 83, Part 1A",Yea,Passed
[H]-913,2026-03-09T14:35:00.000-04:00,https://www.scstatehouse.gov/votehistory.php?KEY=26790,H.5126,Budget,https://www.scstatehouse.gov/billsearch.php?billnumbers=5126&session=126&headerfooter=0,,,"Passage of Section 84, Part 1A",Yea,Passed
[H]-914,2026-03-09T14:36:00.000-04:00,https://www.scstatehouse.gov/votehistory.php?KEY=26791,H.5126,Budget,https://www.scstatehouse.gov/billsearch.php?billnumbers=5126&session=126&headerfooter=0,,,"Passage of Section 85, Part 1A",Yea,Passed
[H]-915,2026-03-09T14:37:00.000-04:00,https://www.scstatehouse.gov/votehistory.php?KEY=26792,H.5126,Budget,https://www.scstatehouse.gov/billsearch.php?billnumbers=5126&session=126&headerfooter=0,,,"Passage of Section 86, Part 1A",Yea,Passed
[H]-916,2026-03-09T14:39:00.000-04:00,https://www.scstatehouse.gov/votehistory.php?KEY=26793,H.5126,Budget,https://www.scstatehouse.gov/billsearch.php?billnumbers=5126&session=126&headerfooter=0,,,"Passage of Section 87, Part 1A",Yea,Passed
[H]-917,2026-03-09T14:39:00.000-04:00,https://www.scstatehouse.gov/votehistory.php?KEY=26794,H.5126,Budget,https://www.scstatehouse.gov/billsearch.php?billnumbers=5126&session=126&headerfooter=0,,,"Passage of Section 91A, Part 1A",Yea,Passed
[H]-918,2026-03-09T14:40:00.000-04:00,https://www.scstatehouse.gov/votehistory.php?KEY=26795,H.5126,Budget,https://www.scstatehouse.gov/billsearch.php?billnumbers=5126&session=126&headerfooter=0,,,"Passage of Section 91B, Part 1A",Yea,Passed
[H]-919,2026-03-09T14:41:00.000-04:00,https://www.scstatehouse.gov/votehistory.php?KEY=26796,H.5126,Budget,https://www.scstatehouse.gov/billsearch.php?billnumbers=5126&session=126&headerfooter=0,,,"Passage of Section 91C, Part 1A",Yea,Passed
[H]-920,2026-03-09T14:42:00.000-04:00,https://www.scstatehouse.gov/votehistory.php?KEY=26797,H.5126,Budget,https://www.scstatehouse.gov/billsearch.php?billnumbers=5126&session=126&headerfooter=0,,,"Passage of Section 91D, Part 1A",Yea,Passed
[H]-921,2026-03-09T14:43:00.000-04:00,https://www.scstatehouse.gov/votehistory.php?KEY=26798,H.5126,Budget,https://www.scstatehouse.gov/billsearch.php?billnumbers=5126&session=126&headerfooter=0,,,"Passage of Section 91E, Part 1A",Yea,Passed
[H]-922,2026-03-09T14:44:00.000-04:00,https://www.scstatehouse.gov/votehistory.php?KEY=26799,H.5126,Budget,https://www.scstatehouse.gov/billsearch.php?billnumbers=5126&session=126&headerfooter=0,,,"Passage of Section 92A, Part 1A",N/V,Passed
[H]-923,2026-03-09T14:45:00.000-04:00,https://www.scstatehouse.gov/votehistory.php?KEY=26800,H.5126,Budget,https://www.scstatehouse.gov/billsearch.php?billnumbers=5126&session=126&headerfooter=0,,,"Passage of Section 92C, Part 1A",Yea,Passed
[H]-924,2026-03-09T14:46:00.000-04:00,https://www.scstatehouse.gov/votehistory.php?KEY=26801,H.5126,Budget,https://www.scstatehouse.gov/billsearch.php?billnumbers=5126&session=126&headerfooter=0,,,"Passage of Section 92D, Part 1A",Yea,Passed
[H]-925,2026-03-09T14:47:00.000-04:00,https://www.scstatehouse.gov/votehistory.php?KEY=26802,H.5126,Budget,https://www.scstatehouse.gov/billsearch.php?billnumbers=5126&session=126&headerfooter=0,,,"Passage of Section 94, Part 1A",Yea,Passed
[H]-926,2026-03-09T14:48:00.000-04:00,https://www.scstatehouse.gov/votehistory.php?KEY=26803,H.5126,Budget,https://www.scstatehouse.gov/billsearch.php?billnumbers=5126&session=126&headerfooter=0,,,"Passage of Section 96, Part 1A",Yea,Passed
[H]-927,2026-03-09T14:49:00.000-04:00,https://www.scstatehouse.gov/votehistory.php?KEY=26804,H.5126,Budget,https://www.scstatehouse.gov/billsearch.php?billnumbers=5126&session=126&headerfooter=0,,,"Passage of Section 97, Part 1A",Yea,Passed
[H]-928,2026-03-09T14:50:00.000-04:00,https://www.scstatehouse.gov/votehistory.php?KEY=26805,H.5126,Budget,https://www.scstatehouse.gov/billsearch.php?billnumbers=5126&session=126&headerfooter=0,,,"Passage of Section 98, Part 1A",Yea,Passed
[H]-929,2026-03-09T14:51:00.000-04:00,https://www.scstatehouse.gov/votehistory.php?KEY=26806,H.5126,Budget,https://www.scstatehouse.gov/billsearch.php?billnumbers=5126&session=126&headerfooter=0,,,"Passage of Section 99, Part 1A",Yea,Passed
[H]-930,2026-03-09T14:52:00.000-04:00,https://www.scstatehouse.gov/votehistory.php?KEY=26807,H.5126,Budget,https://www.scstatehouse.gov/billsearch.php?billnumbers=5126&session=126&headerfooter=0,,,"Passage of Section 100, Part 1A",Yea,Passed
[H]-931,2026-03-09T14:53:00.000-04:00,https://www.scstatehouse.gov/votehistory.php?KEY=26808,H.5126,Budget,https://www.scstatehouse.gov/billsearch.php?billnumbers=5126&session=126&headerfooter=0,,,"Passage of Section 101, Part 1A",Yea,Passed
[H]-932,2026-03-09T14:54:00.000-04:00,https://www.scstatehouse.gov/votehistory.php?KEY=26809,H.5126,Budget,https://www.scstatehouse.gov/billsearch.php?billnumbers=5126&session=126&headerfooter=0,,,"Passage of Section 102, Part 1A",Yea,Passed
[H]-933,2026-03-09T14:55:00.000-04:00,https://www.scstatehouse.gov/votehistory.php?KEY=26810,H.5126,Budget,https://www.scstatehouse.gov/billsearch.php?billnumbers=5126&session=126&headerfooter=0,,,"Passage of Section 103, Part 1A",Yea,Passed
[H]-934,2026-03-09T14:57:00.000-04:00,https://www.scstatehouse.gov/votehistory.php?KEY=26811,H.5126,Budget,https://www.scstatehouse.gov/billsearch.php?billnumbers=5126&session=126&headerfooter=0,,,"Passage of Section 104, Part 1A",Yea,Passed
[H]-935,2026-03-09T14:58:00.000-04:00,https://www.scstatehouse.gov/votehistory.php?KEY=26812,H.5126,Budget,https://www.scstatehouse.gov/billsearch.php?billnumbers=5126&session=126&headerfooter=0,,,"Passage of Section 106, Part 1A",Yea,Passed
[H]-936,2026-03-09T14:59:00.000-04:00,https://www.scstatehouse.gov/votehistory.php?KEY=26813,H.5126,Budget,https://www.scstatehouse.gov/billsearch.php?billnumbers=5126&session=126&headerfooter=0,,,"Passage of Section 107, Part 1A",Yea,Passed
[H]-937,2026-03-09T15:00:00.000-04:00,https://www.scstatehouse.gov/votehistory.php?KEY=26814,H.5126,Budget,https://www.scstatehouse.gov/billsearch.php?billnumbers=5126&session=126&headerfooter=0,,,"Passage of Section 108, Part 1A",Yea,Passed
[H]-938,2026-03-09T15:01:00.000-04:00,https://www.scstatehouse.gov/votehistory.php?KEY=26815,H.5126,Budget,https://www.scstatehouse.gov/billsearch.php?billnumbers=5126&session=126&headerfooter=0,,,"Passage of Section 109, Part 1A",Yea,Passed
[H]-939,2026-03-09T15:02:00.000-04:00,https://www.scstatehouse.gov/votehistory.php?KEY=26816,H.5126,Budget,https://www.scstatehouse.gov/billsearch.php?billnumbers=5126&session=126&headerfooter=0,,,"Passage of Section 110, Part 1A",Yea,Passed
[H]-940,2026-03-09T15:03:00.000-04:00,https://www.scstatehouse.gov/votehistory.php?KEY=26817,H.5126,Budget,https://www.scstatehouse.gov/billsearch.php?billnumbers=5126&session=126&headerfooter=0,,,"Passage of Section 111, Part 1A",Yea,Passed
[H]-941,2026-03-09T15:04:00.000-04:00,https://www.scstatehouse.gov/votehistory.php?KEY=26818,H.5126,Budget,https://www.scstatehouse.gov/billsearch.php?billnumbers=5126&session=126&headerfooter=0,,,"Passage of Section 112, Part 1A",Yea,Passed
[H]-942,2026-03-09T15:05:00.000-04:00,https://www.scstatehouse.gov/votehistory.php?KEY=26819,H.5126,Budget,https://www.scstatehouse.gov/billsearch.php?billnumbers=5126&session=126&headerfooter=0,,,"Passage of Section 113, Part 1A",Yea,Passed
[H]-943,2026-03-09T15:15:00.000-04:00,https://www.scstatehouse.gov/votehistory.php?KEY=26910,H.5126,Budget,https://www.scstatehouse.gov/billsearch.php?billnumbers=5126&session=126&headerfooter=0,,,"Passage of Section 1A, Part 1B",Yea,Passed
[H]-944,2026-03-09T15:28:00.000-04:00,https://www.scstatehouse.gov/votehistory.php?KEY=26821,H.5126,Budget,https://www.scstatehouse.gov/billsearch.php?billnumbers=5126&session=126&headerfooter=0,,,"Passage of Section 3, Part 1B",Yea,Passed
[H]-946,2026-03-09T15:30:00.000-04:00,https://www.scstatehouse.gov/votehistory.php?KEY=26823,H.5126,Budget,https://www.scstatehouse.gov/billsearch.php?billnumbers=5126&session=126&headerfooter=0,,,"Passage of Section 6, Part 1B",Yea,Passed
[H]-945,2026-03-09T15:30:00.000-04:00,https://www.scstatehouse.gov/votehistory.php?KEY=26822,H.5126,Budget,https://www.scstatehouse.gov/billsearch.php?billnumbers=5126&session=126&headerfooter=0,,,"Passage of Section 5, Part 1B",Yea,Passed
[H]-947,2026-03-09T15:31:00.000-04:00,https://www.scstatehouse.gov/votehistory.php?KEY=26824,H.5126,Budget,https://www.scstatehouse.gov/billsearch.php?billnumbers=5126&session=126&headerfooter=0,,,"Passage of Section 7, Part 1B",Yea,Passed
[H]-948,2026-03-09T15:33:00.000-04:00,https://www.scstatehouse.gov/votehistory.php?KEY=26825,H.5126,Budget,https://www.scstatehouse.gov/billsearch.php?billnumbers=5126&session=126&headerfooter=0,,,"Passage of Section 8, Part 1B",Yea,Passed
[H]-949,2026-03-09T15:34:00.000-04:00,https://www.scstatehouse.gov/votehistory.php?KEY=26826,H.5126,Budget,https://www.scstatehouse.gov/billsearch.php?billnumbers=5126&session=126&headerfooter=0,,,"Passage of Section 9, Part 1B",Yea,Passed
[H]-950,2026-03-09T15:35:00.000-04:00,https://www.scstatehouse.gov/votehistory.php?KEY=26827,H.5126,Budget,https://www.scstatehouse.gov/billsearch.php?billnumbers=5126&session=126&headerfooter=0,,,"Passage of Section 10, Part 1B",Yea,Passed
[H]-951,2026-03-09T15:36:00.000-04:00,https://www.scstatehouse.gov/votehistory.php?KEY=26828,H.5126,Budget,https://www.scstatehouse.gov/billsearch.php?billnumbers=5126&session=126&headerfooter=0,,,"Passage of Section 11, Part 1B",Yea,Passed
[H]-952,2026-03-09T15:37:00.000-04:00,https://www.scstatehouse.gov/votehistory.php?KEY=26829,H.5126,Budget,https://www.scstatehouse.gov/billsearch.php?billnumbers=5126&session=126&headerfooter=0,,,"Passage of Section 14, Part 1B",Yea,Passed
[H]-953,2026-03-09T15:39:00.000-04:00,https://www.scstatehouse.gov/votehistory.php?KEY=26830,H.5126,Budget,https://www.scstatehouse.gov/billsearch.php?billnumbers=5126&session=126&headerfooter=0,,,"Passage of Section 20, Part 1B",Yea,Passed
[H]-954,2026-03-09T15:40:00.000-04:00,https://www.scstatehouse.gov/votehistory.php?KEY=26831,H.5126,Budget,https://www.scstatehouse.gov/billsearch.php?billnumbers=5126&session=126&headerfooter=0,,,"Passage of Section 23, Part 1B",Yea,Passed
[H]-955,2026-03-09T15:41:00.000-04:00,https://www.scstatehouse.gov/votehistory.php?KEY=26832,H.5126,Budget,https://www.scstatehouse.gov/billsearch.php?billnumbers=5126&session=126&headerfooter=0,,,"Passage of Section 26, Part 1B",Yea,Passed
[H]-956,2026-03-09T15:42:00.000-04:00,https://www.scstatehouse.gov/votehistory.php?KEY=26833,H.5126,Budget,https://www.scstatehouse.gov/billsearch.php?billnumbers=5126&session=126&headerfooter=0,,,"Passage of Section 28, Part 1B",Yea,Passed
[H]-957,2026-03-09T15:43:00.000-04:00,https://www.scstatehouse.gov/votehistory.php?KEY=26834,H.5126,Budget,https://www.scstatehouse.gov/billsearch.php?billnumbers=5126&session=126&headerfooter=0,,,"Passage of Section 29, Part 1B",Yea,Passed
[H]-958,2026-03-09T15:44:00.000-04:00,https://www.scstatehouse.gov/votehistory.php?KEY=26835,H.5126,Budget,https://www.scstatehouse.gov/billsearch.php?billnumbers=5126&session=126&headerfooter=0,,,"Passage of Section 30, Part 1B",Yea,Passed
[H]-959,2026-03-09T15:45:00.000-04:00,https://www.scstatehouse.gov/votehistory.php?KEY=26836,H.5126,Budget,https://www.scstatehouse.gov/billsearch.php?billnumbers=5126&session=126&headerfooter=0,,,"Passage of Section 31, Part 1B",Yea,Passed
[H]-960,2026-03-09T15:46:00.000-04:00,https://www.scstatehouse.gov/votehistory.php?KEY=26837,H.5126,Budget,https://www.scstatehouse.gov/billsearch.php?billnumbers=5126&session=126&headerfooter=0,,,"Passage of Section 32, Part 1B",Yea,Passed
[H]-961,2026-03-09T15:47:00.000-04:00,https://www.scstatehouse.gov/votehistory.php?KEY=26838,H.5126,Budget,https://www.scstatehouse.gov/billsearch.php?billnumbers=5126&session=126&headerfooter=0,,,"Passage of Section 34, Part 1B",Yea,Passed
[H]-962,2026-03-09T15:49:00.000-04:00,https://www.scstatehouse.gov/votehistory.php?KEY=26839,H.5126,Budget,https://www.scstatehouse.gov/billsearch.php?billnumbers=5126&session=126&headerfooter=0,,,"Passage of Section 39, Part 1B",Yea,Passed
[H]-963,2026-03-09T15:50:00.000-04:00,https://www.scstatehouse.gov/votehistory.php?KEY=26840,H.5126,Budget,https://www.scstatehouse.gov/billsearch.php?billnumbers=5126&session=126&headerfooter=0,,,"Passage of Section 40, Part 1B",Yea,Passed
[H]-964,2026-03-09T15:51:00.000-04:00,https://www.scstatehouse.gov/votehistory.php?KEY=26841,H.5126,Budget,https://www.scstatehouse.gov/billsearch.php?billnumbers=5126&session=126&headerfooter=0,,,"Passage of Section 41, Part 1B",Yea,Passed
[H]-966,2026-03-09T15:52:00.000-04:00,https://www.scstatehouse.gov/votehistory.php?KEY=26843,H.5126,Budget,https://www.scstatehouse.gov/billsearch.php?billnumbers=5126&session=126&headerfooter=0,,,"Passage of Section 43, Part 1B",Yea,Passed
[H]-965,2026-03-09T15:52:00.000-04:00,https://www.scstatehouse.gov/votehistory.php?KEY=26842,H.5126,Budget,https://www.scstatehouse.gov/billsearch.php?billnumbers=5126&session=126&headerfooter=0,,,"Passage of Section 42, Part 1B",Yea,Passed
[H]-968,2026-03-09T15:54:00.000-04:00,https://www.scstatehouse.gov/votehistory.php?KEY=26845,H.5126,Budget,https://www.scstatehouse.gov/billsearch.php?billnumbers=5126&session=126&headerfooter=0,,,"Passage of Section 45, Part 1B",Yea,Passed
[H]-967,2026-03-09T15:54:00.000-04:00,https://www.scstatehouse.gov/votehistory.php?KEY=26844,H.5126,Budget,https://www.scstatehouse.gov/billsearch.php?billnumbers=5126&session=126&headerfooter=0,,,"Passage of Section 44, Part 1B",Yea,Passed
[H]-969,2026-03-09T15:55:00.000-04:00,https://www.scstatehouse.gov/votehistory.php?KEY=26846,H.5126,Budget,https://www.scstatehouse.gov/billsearch.php?billnumbers=5126&session=126&headerfooter=0,,,"Passage of Section 47, Part 1B",Yea,Passed
[H]-970,2026-03-09T15:56:00.000-04:00,https://www.scstatehouse.gov/votehistory.php?KEY=26847,H.5126,Budget,https://www.scstatehouse.gov/billsearch.php?billnumbers=5126&session=126&headerfooter=0,,,"Passage of Section 49, Part 1B",Yea,Passed
[H]-971,2026-03-09T15:57:00.000-04:00,https://www.scstatehouse.gov/votehistory.php?KEY=26848,H.5126,Budget,https://www.scstatehouse.gov/billsearch.php?billnumbers=5126&session=126&headerfooter=0,,,"Passage of Section 50, Part 1B",Yea,Passed
[H]-972,2026-03-09T15:58:00.000-04:00,https://www.scstatehouse.gov/votehistory.php?KEY=26849,H.5126,Budget,https://www.scstatehouse.gov/billsearch.php?billnumbers=5126&session=126&headerfooter=0,,,"Passage of Section 52, Part 1B",Yea,Passed
[H]-973,2026-03-09T15:59:00.000-04:00,https://www.scstatehouse.gov/votehistory.php?KEY=26850,H.5126,Budget,https://www.scstatehouse.gov/billsearch.php?billnumbers=5126&session=126&headerfooter=0,,,"Passage of Section 53, Part 1B",Yea,Passed
[H]-974,2026-03-09T16:00:00.000-04:00,https://www.scstatehouse.gov/votehistory.php?KEY=26851,H.5126,Budget,https://www.scstatehouse.gov/billsearch.php?billnumbers=5126&session=126&headerfooter=0,,,"Passage of Section 54, Part 1B",Yea,Passed
[H]-975,2026-03-09T16:01:00.000-04:00,https://www.scstatehouse.gov/votehistory.php?KEY=26852,H.5126,Budget,https://www.scstatehouse.gov/billsearch.php?billnumbers=5126&session=126&headerfooter=0,,,"Passage of Section 58, Part 1B",Yea,Passed
[H]-976,2026-03-09T16:02:00.000-04:00,https://www.scstatehouse.gov/votehistory.php?KEY=26853,H.5126,Budget,https://www.scstatehouse.gov/billsearch.php?billnumbers=5126&session=126&headerfooter=0,,,"Passage of Section 60, Part 1B",Yea,Passed
[H]-977,2026-03-09T16:03:00.000-04:00,https://www.scstatehouse.gov/votehistory.php?KEY=26854,H.5126,Budget,https://www.scstatehouse.gov/billsearch.php?billnumbers=5126&session=126&headerfooter=0,,,"Passage of Section 61, Part 1B",Yea,Passed
[H]-978,2026-03-09T16:04:00.000-04:00,https://www.scstatehouse.gov/votehistory.php?KEY=26855,H.5126,Budget,https://www.scstatehouse.gov/billsearch.php?billnumbers=5126&session=126&headerfooter=0,,,"Passage of Section 62, Part 1B",Yea,Passed
[H]-980,2026-03-09T16:05:00.000-04:00,https://www.scstatehouse.gov/votehistory.php?KEY=26857,H.5126,Budget,https://www.scstatehouse.gov/billsearch.php?billnumbers=5126&session=126&headerfooter=0,,,"Passage of Section 64, Part 1B",Yea,Passed
[H]-979,2026-03-09T16:05:00.000-04:00,https://www.scstatehouse.gov/votehistory.php?KEY=26856,H.5126,Budget,https://www.scstatehouse.gov/billsearch.php?billnumbers=5126&session=126&headerfooter=0,,,"Passage of Section 63, Part 1B",Yea,Passed
[H]-981,2026-03-09T16:06:00.000-04:00,https://www.scstatehouse.gov/votehistory.php?KEY=26858,H.5126,Budget,https://www.scstatehouse.gov/billsearch.php?billnumbers=5126&session=126&headerfooter=0,,,"Passage of Section 65, Part 1B",Yea,Passed
[H]-982,2026-03-09T16:08:00.000-04:00,https://www.scstatehouse.gov/votehistory.php?KEY=26859,H.5126,Budget,https://www.scstatehouse.gov/billsearch.php?billnumbers=5126&session=126&headerfooter=0,,,"Passage of Section 66, Part 1B",Yea,Passed
[H]-983,2026-03-09T16:08:00.000-04:00,https://www.scstatehouse.gov/votehistory.php?KEY=26860,H.5126,Budget,https://www.scstatehouse.gov/billsearch.php?billnumbers=5126&session=126&headerfooter=0,,,"Passage of Section 67, Part 1B",Yea,Passed
[H]-984,2026-03-09T16:10:00.000-04:00,https://www.scstatehouse.gov/votehistory.php?KEY=26861,H.5126,Budget,https://www.scstatehouse.gov/billsearch.php?billnumbers=5126&session=126&headerfooter=0,,,"Passage of Section 71, Part 1B",Yea,Passed
[H]-985,2026-03-09T16:11:00.000-04:00,https://www.scstatehouse.gov/votehistory.php?KEY=26862,H.5126,Budget,https://www.scstatehouse.gov/billsearch.php?billnumbers=5126&session=126&headerfooter=0,,,"Passage of Section 73, Part 1B",Yea,Passed
[H]-986,2026-03-09T16:12:00.000-04:00,https://www.scstatehouse.gov/votehistory.php?KEY=26863,H.5126,Budget,https://www.scstatehouse.gov/billsearch.php?billnumbers=5126&session=126&headerfooter=0,,,"Passage of Section 74, Part 1B",Yea,Passed
[H]-987,2026-03-09T16:13:00.000-04:00,https://www.scstatehouse.gov/votehistory.php?KEY=26864,H.5126,Budget,https://www.scstatehouse.gov/billsearch.php?billnumbers=5126&session=126&headerfooter=0,,,"Passage of Section 75, Part 1B",Yea,Passed
[H]-989,2026-03-09T16:15:00.000-04:00,https://www.scstatehouse.gov/votehistory.php?KEY=26866,H.5126,Budget,https://www.scstatehouse.gov/billsearch.php?billnumbers=5126&session=126&headerfooter=0,,,"Passage of Section 79, Part 1B",Yea,Passed
[H]-988,2026-03-09T16:15:00.000-04:00,https://www.scstatehouse.gov/votehistory.php?KEY=26865,H.5126,Budget,https://www.scstatehouse.gov/billsearch.php?billnumbers=5126&session=126&headerfooter=0,,,"Passage of Section 78, Part 1B",Yea,Passed
[H]-990,2026-03-09T16:17:00.000-04:00,https://www.scstatehouse.gov/votehistory.php?KEY=26867,H.5126,Budget,https://www.scstatehouse.gov/billsearch.php?billnumbers=5126&session=126&headerfooter=0,,,"Passage of Section 80, Part 1B",Yea,Passed
[H]-991,2026-03-09T16:18:00.000-04:00,https://www.scstatehouse.gov/votehistory.php?KEY=26868,H.5126,Budget,https://www.scstatehouse.gov/billsearch.php?billnumbers=5126&session=126&headerfooter=0,,,"Passage of Section 81, Part 1B",Yea,Passed
[H]-992,2026-03-09T16:19:00.000-04:00,https://www.scstatehouse.gov/votehistory.php?KEY=26870,H.5126,Budget,https://www.scstatehouse.gov/billsearch.php?billnumbers=5126&session=126&headerfooter=0,,,"Passage of Section 83, Part 1B",Yea,Passed
[H]-993,2026-03-09T16:20:00.000-04:00,https://www.scstatehouse.gov/votehistory.php?KEY=26871,H.5126,Budget,https://www.scstatehouse.gov/billsearch.php?billnumbers=5126&session=126&headerfooter=0,,,"Passage of Section 85, Part 1B",Yea,Passed
[H]-995,2026-03-09T16:21:00.000-04:00,https://www.scstatehouse.gov/votehistory.php?KEY=26873,H.5126,Budget,https://www.scstatehouse.gov/billsearch.php?billnumbers=5126&session=126&headerfooter=0,,,"Passage of Section 87, Part 1B",Yea,Passed
[H]-994,2026-03-09T16:21:00.000-04:00,https://www.scstatehouse.gov/votehistory.php?KEY=26872,H.5126,Budget,https://www.scstatehouse.gov/billsearch.php?billnumbers=5126&session=126&headerfooter=0,,,"Passage of Section 86, Part 1B",Yea,Passed
[H]-996,2026-03-09T16:22:00.000-04:00,https://www.scstatehouse.gov/votehistory.php?KEY=26874,H.5126,Budget,https://www.scstatehouse.gov/billsearch.php?billnumbers=5126&session=126&headerfooter=0,,,"Passage of Section 88, Part 1B",Yea,Passed
[H]-997,2026-03-09T16:24:00.000-04:00,https://www.scstatehouse.gov/votehistory.php?KEY=26875,H.5126,Budget,https://www.scstatehouse.gov/billsearch.php?billnumbers=5126&session=126&headerfooter=0,,,"Passage of Section 91, Part 1B",Yea,Passed
[H]-998,2026-03-09T16:25:00.000-04:00,https://www.scstatehouse.gov/votehistory.php?KEY=26876,H.5126,Budget,https://www.scstatehouse.gov/billsearch.php?billnumbers=5126&session=126&headerfooter=0,,,"Passage of Section 92, Part 1B",Yea,Passed
[H]-999,2026-03-09T16:26:00.000-04:00,https://www.scstatehouse.gov/votehistory.php?KEY=26877,H.5126,Budget,https://www.scstatehouse.gov/billsearch.php?billnumbers=5126&session=126&headerfooter=0,,,"Passage of Section 93, Part 1B",Yea,Passed
[H]-1000,2026-03-09T16:28:00.000-04:00,https://www.scstatehouse.gov/votehistory.php?KEY=26878,H.5126,Budget,https://www.scstatehouse.gov/billsearch.php?billnumbers=5126&session=126&headerfooter=0,,,"Passage of Section 94, Part 1B",Yea,Passed
[H]-1001,2026-03-09T16:28:00.000-04:00,https://www.scstatehouse.gov/votehistory.php?KEY=26879,H.5126,Budget,https://www.scstatehouse.gov/billsearch.php?billnumbers=5126&session=126&headerfooter=0,,,"Passage of Section 96, Part 1B",Yea,Passed
[H]-1002,2026-03-09T16:29:00.000-04:00,https://www.scstatehouse.gov/votehistory.php?KEY=26880,H.5126,Budget,https://www.scstatehouse.gov/billsearch.php?billnumbers=5126&session=126&headerfooter=0,,,"Passage of Section 97, Part 1B",Yea,Passed
[H]-1003,2026-03-09T16:30:00.000-04:00,https://www.scstatehouse.gov/votehistory.php?KEY=26881,H.5126,Budget,https://www.scstatehouse.gov/billsearch.php?billnumbers=5126&session=126&headerfooter=0,,,"Passage of Section 98, Part 1B",Yea,Passed
[H]-1004,2026-03-09T16:31:00.000-04:00,https://www.scstatehouse.gov/votehistory.php?KEY=26882,H.5126,Budget,https://www.scstatehouse.gov/billsearch.php?billnumbers=5126&session=126&headerfooter=0,,,"Passage of Section 99, Part 1B",Yea,Passed
[H]-1005,2026-03-09T16:32:00.000-04:00,https://www.scstatehouse.gov/votehistory.php?KEY=26883,H.5126,Budget,https://www.scstatehouse.gov/billsearch.php?billnumbers=5126&session=126&headerfooter=0,,,"Passage of Section 100, Part 1B",Yea,Passed
[H]-1006,2026-03-09T16:33:00.000-04:00,https://www.scstatehouse.gov/votehistory.php?KEY=26884,H.5126,Budget,https://www.scstatehouse.gov/billsearch.php?billnumbers=5126&session=126&headerfooter=0,,,"Passage of Section 101, Part 1B",Yea,Passed
[H]-1007,2026-03-09T16:34:00.000-04:00,https://www.scstatehouse.gov/votehistory.php?KEY=26885,H.5126,Budget,https://www.scstatehouse.gov/billsearch.php?billnumbers=5126&session=126&headerfooter=0,,,"Passage of Section 103, Part 1B",Yea,Passed
[H]-1008,2026-03-09T16:35:00.000-04:00,https://www.scstatehouse.gov/votehistory.php?KEY=26886,H.5126,Budget,https://www.scstatehouse.gov/billsearch.php?billnumbers=5126&session=126&headerfooter=0,,,"Passage of Section 104, Part 1B",Yea,Passed
[H]-1009,2026-03-09T16:36:00.000-04:00,https://www.scstatehouse.gov/votehistory.php?KEY=26887,H.5126,Budget,https://www.scstatehouse.gov/billsearch.php?billnumbers=5126&session=126&headerfooter=0,,,"Passage of Section 106, Part 1B",Yea,Passed
[H]-1010,2026-03-09T16:38:00.000-04:00,https://www.scstatehouse.gov/votehistory.php?KEY=26888,H.5126,Budget,https://www.scstatehouse.gov/billsearch.php?billnumbers=5126&session=126&headerfooter=0,,,"Passage of Section 109, Part 1B",Yea,Passed
[H]-1011,2026-03-09T16:39:00.000-04:00,https://www.scstatehouse.gov/votehistory.php?KEY=26889,H.5126,Budget,https://www.scstatehouse.gov/billsearch.php?billnumbers=5126&session=126&headerfooter=0,,,"Passage of Section 110, Part 1B",Yea,Passed
[H]-1012,2026-03-09T16:40:00.000-04:00,https://www.scstatehouse.gov/votehistory.php?KEY=26890,H.5126,Budget,https://www.scstatehouse.gov/billsearch.php?billnumbers=5126&session=126&headerfooter=0,,,"Passage of Section 111, Part 1B",Yea,Passed
[H]-1013,2026-03-09T16:41:00.000-04:00,https://www.scstatehouse.gov/votehistory.php?KEY=26891,H.5126,Budget,https://www.scstatehouse.gov/billsearch.php?billnumbers=5126&session=126&headerfooter=0,,,"Passage of Section 112, Part 1B",Yea,Passed
[H]-1014,2026-03-09T17:18:00.000-04:00,https://www.scstatehouse.gov/votehistory.php?KEY=26892,H.5126,Budget,https://www.scstatehouse.gov/billsearch.php?billnumbers=5126&session=126&headerfooter=0,,,"Passage of Section 13, Part 1A",Yea,Passed
[H]-1015,2026-03-09T18:00:00.000-04:00,https://www.scstatehouse.gov/votehistory.php?KEY=26893,H.5126,Budget,https://www.scstatehouse.gov/billsearch.php?billnumbers=5126&session=126&headerfooter=0,,,"Passage of Section 14, Part 1A",Yea,Passed
[H]-1016,2026-03-09T18:15:00.000-04:00,https://www.scstatehouse.gov/votehistory.php?KEY=26894,H.5126,Budget,https://www.scstatehouse.gov/billsearch.php?billnumbers=5126&session=126&headerfooter=0,,,"Passage of Section 15, Part 1A",Yea,Passed
[H]-1017,2026-03-09T18:17:00.000-04:00,https://www.scstatehouse.gov/votehistory.php?KEY=26895,H.5126,Budget,https://www.scstatehouse.gov/billsearch.php?billnumbers=5126&session=126&headerfooter=0,,,"Passage of Section 16, Part 1A",Yea,Passed
[H]-1018,2026-03-09T18:18:00.000-04:00,https://www.scstatehouse.gov/votehistory.php?KEY=26896,H.5126,Budget,https://www.scstatehouse.gov/billsearch.php?billnumbers=5126&session=126&headerfooter=0,,,"Passage of Section 17, Part 1A",Yea,Passed
[H]-1019,2026-03-09T18:19:00.000-04:00,https://www.scstatehouse.gov/votehistory.php?KEY=26897,H.5126,Budget,https://www.scstatehouse.gov/billsearch.php?billnumbers=5126&session=126&headerfooter=0,,,"Passage of Section 18, Part 1A",Yea,Passed
[H]-1020,2026-03-09T18:20:00.000-04:00,https://www.scstatehouse.gov/votehistory.php?KEY=26898,H.5126,Budget,https://www.scstatehouse.gov/billsearch.php?billnumbers=5126&session=126&headerfooter=0,,,"Passage of Section 19, Part 1A",Yea,Passed
[H]-1021,2026-03-09T18:21:00.000-04:00,https://www.scstatehouse.gov/votehistory.php?KEY=26899,H.5126,Budget,https://www.scstatehouse.gov/billsearch.php?billnumbers=5126&session=126&headerfooter=0,,,"Passage of Section 20A, Part 1A",Yea,Passed
[H]-1022,2026-03-09T18:22:00.000-04:00,https://www.scstatehouse.gov/votehistory.php?KEY=26901,H.5126,Budget,https://www.scstatehouse.gov/billsearch.php?billnumbers=5126&session=126&headerfooter=0,,,"Passage of Section 20B, Part 1A",Yea,Passed
[H]-1023,2026-03-09T18:23:00.000-04:00,https://www.scstatehouse.gov/votehistory.php?KEY=26902,H.5126,Budget,https://www.scstatehouse.gov/billsearch.php?billnumbers=5126&session=126&headerfooter=0,,,"Passage of Section 20C, Part 1A",Yea,Passed
[H]-1024,2026-03-09T18:24:00.000-04:00,https://www.scstatehouse.gov/votehistory.php?KEY=26903,H.5126,Budget,https://www.scstatehouse.gov/billsearch.php?billnumbers=5126&session=126&headerfooter=0,,,"Passage of Section 20D, Part 1A",Yea,Passed
[H]-1026,2026-03-09T18:25:00.000-04:00,https://www.scstatehouse.gov/votehistory.php?KEY=26905,H.5126,Budget,https://www.scstatehouse.gov/billsearch.php?billnumbers=5126&session=126&headerfooter=0,,,"Passage of Section 20F, Part 1A",Yea,Passed
[H]-1025,2026-03-09T18:25:00.000-04:00,https://www.scstatehouse.gov/votehistory.php?KEY=26904,H.5126,Budget,https://www.scstatehouse.gov/billsearch.php?billnumbers=5126&session=126&headerfooter=0,,,"Passage of Section20E, Part 1A",Yea,Passed
[H]-1028,2026-03-09T18:26:00.000-04:00,https://www.scstatehouse.gov/votehistory.php?KEY=26907,H.5126,Budget,https://www.scstatehouse.gov/billsearch.php?billnumbers=5126&session=126&headerfooter=0,,,"Passage of Section 20H, Part 1A",Yea,Passed
[H]-1027,2026-03-09T18:26:00.000-04:00,https://www.scstatehouse.gov/votehistory.php?KEY=26906,H.5126,Budget,https://www.scstatehouse.gov/billsearch.php?billnumbers=5126&session=126&headerfooter=0,,,"Passage of Section 20G, Part 1A",Yea,Passed
[H]-1029,2026-03-09T18:27:00.000-04:00,https://www.scstatehouse.gov/votehistory.php?KEY=26908,H.5126,Budget,https://www.scstatehouse.gov/billsearch.php?billnumbers=5126&session=126&headerfooter=0,,,"Passage of Section 21, Part 1A",Yea,Passed
[H]-1031,2026-03-10T09:20:00.000-04:00,https://www.scstatehouse.gov/votehistory.php?KEY=26912,H.5126,Budget,https://www.scstatehouse.gov/billsearch.php?billnumbers=5126&session=126&headerfooter=0,,,"Passage of Section 27, Part 1A",Yea,Passed
[H]-1032,2026-03-10T09:44:00.000-04:00,https://www.scstatehouse.gov/votehistory.php?KEY=26913,H.5126,Budget,https://www.scstatehouse.gov/billsearch.php?billnumbers=5126&session=126&headerfooter=0,1,https://scstatehouse.gov/amendments.php?KEY=34069,"Table Amendment 1, Section 31, Part 1A Amendment #1",Yea,Passed
[H]-1033,2026-03-10T09:45:00.000-04:00,https://www.scstatehouse.gov/votehistory.php?KEY=26914,H.5126,Budget,https://www.scstatehouse.gov/billsearch.php?billnumbers=5126&session=126&headerfooter=0,,,"Passage of Section 31, Part 1A",Yea,Passed
[H]-1034,2026-03-10T09:50:00.000-04:00,https://www.scstatehouse.gov/votehistory.php?KEY=26915,H.5126,Budget,https://www.scstatehouse.gov/billsearch.php?billnumbers=5126&session=126&headerfooter=0,7,https://scstatehouse.gov/amendments.php?KEY=34070,"Table Amendment 7, Section 48, Part 1A Amendment #7",Yea,Passed
[H]-1035,2026-03-10T09:51:00.000-04:00,https://www.scstatehouse.gov/votehistory.php?KEY=26916,H.5126,Budget,https://www.scstatehouse.gov/billsearch.php?billnumbers=5126&session=126&headerfooter=0,,,"Passage of Section 48, Part 1A",Yea,Passed
[H]-1036,2026-03-10T10:00:00.000-04:00,https://www.scstatehouse.gov/votehistory.php?KEY=26917,H.5126,Budget,https://www.scstatehouse.gov/billsearch.php?billnumbers=5126&session=126&headerfooter=0,11,https://scstatehouse.gov/amendments.php?KEY=34071,"Table Amendment 11, Section 49, Part 1A Amendment #11",Yea,Passed
[H]-1037,2026-03-10T10:04:00.000-04:00,https://www.scstatehouse.gov/votehistory.php?KEY=26918,H.5126,Budget,https://www.scstatehouse.gov/billsearch.php?billnumbers=5126&session=126&headerfooter=0,10,https://scstatehouse.gov/amendments.php?KEY=34072,"Table Amendment 10, Section 49, Part 1A Amendment #10",Yea,Passed
[H]-1038,2026-03-10T10:34:00.000-04:00,https://www.scstatehouse.gov/votehistory.php?KEY=26919,H.5126,Budget,https://www.scstatehouse.gov/billsearch.php?billnumbers=5126&session=126&headerfooter=0,13,https://scstatehouse.gov/amendments.php?KEY=34075,"Table Amendment 13, Section 49, Part 1A Amendment #13",Yea,Passed
[H]-1039,2026-03-10T10:36:00.000-04:00,https://www.scstatehouse.gov/votehistory.php?KEY=26920,H.5126,Budget,https://www.scstatehouse.gov/billsearch.php?billnumbers=5126&session=126&headerfooter=0,,,"Passage of Section 49, Part 1A",Yea,Passed
[H]-1040,2026-03-10T10:58:00.000-04:00,https://www.scstatehouse.gov/votehistory.php?KEY=26921,H.5126,Budget,https://www.scstatehouse.gov/billsearch.php?billnumbers=5126&session=126&headerfooter=0,Amendment number 14sub,https://scstatehouse.gov/amendments.php?KEY=34076,"Table Amendment 14, Section 50, Part 1A Amendment #14sub",Yea,Passed
[H]-1041,2026-03-10T11:28:00.000-04:00,https://www.scstatehouse.gov/votehistory.php?KEY=26922,H.5126,Budget,https://www.scstatehouse.gov/billsearch.php?billnumbers=5126&session=126&headerfooter=0,15,https://scstatehouse.gov/amendments.php?KEY=34077,"Table Amendment 15, Section 50, Part 1A Amendment #15",Yea,Passed
[H]-1042,2026-03-10T11:29:00.000-04:00,https://www.scstatehouse.gov/votehistory.php?KEY=26923,H.5126,Budget,https://www.scstatehouse.gov/billsearch.php?billnumbers=5126&session=126&headerfooter=0,,,"Passage of Section 50, Part 1A",Yea,Passed
[H]-1043,2026-03-10T11:31:00.000-04:00,https://www.scstatehouse.gov/votehistory.php?KEY=26924,H.5126,Budget,https://www.scstatehouse.gov/billsearch.php?billnumbers=5126&session=126&headerfooter=0,,,"Passage of Section54, Part 1A",Yea,Passed
[H]-1044,2026-03-10T11:56:00.000-04:00,https://www.scstatehouse.gov/votehistory.php?KEY=26925,H.5126,Budget,https://www.scstatehouse.gov/billsearch.php?billnumbers=5126&session=126&headerfooter=0,93,https://scstatehouse.gov/amendments.php?KEY=34079,"Table Amendment 93, Section 70, Part 1A Amendment #93",Yea,Passed
[H]-1045,2026-03-10T11:57:00.000-04:00,https://www.scstatehouse.gov/votehistory.php?KEY=26927,H.5126,Budget,https://www.scstatehouse.gov/billsearch.php?billnumbers=5126&session=126&headerfooter=0,,,"Passage of Section 70, Part 1A",Yea,Passed
[H]-1046,2026-03-10T12:35:00.000-04:00,https://www.scstatehouse.gov/votehistory.php?KEY=26929,H.5126,Budget,https://www.scstatehouse.gov/billsearch.php?billnumbers=5126&session=126&headerfooter=0,104,https://scstatehouse.gov/amendments.php?KEY=34081,"Table Amendment 104 Section 71, Section 1A Amendment #104",Yea,Passed
[H]-1047,2026-03-10T12:36:00.000-04:00,https://www.scstatehouse.gov/votehistory.php?KEY=26930,H.5126,Budget,https://www.scstatehouse.gov/billsearch.php?billnumbers=5126&session=126&headerfooter=0,,,"Passage of Section 71, Section 1A",Yea,Passed
[H]-1048,2026-03-10T12:39:00.000-04:00,https://www.scstatehouse.gov/votehistory.php?KEY=26931,H.5126,Budget,https://www.scstatehouse.gov/billsearch.php?billnumbers=5126&session=126&headerfooter=0,,,"Passage of Section 93, Part 1A",Yea,Passed
[H]-1049,2026-03-10T12:41:00.000-04:00,https://www.scstatehouse.gov/votehistory.php?KEY=26932,H.5126,Budget,https://www.scstatehouse.gov/billsearch.php?billnumbers=5126&session=126&headerfooter=0,,,"Passage of Section 105, Part 1A",Yea,Passed
[H]-1050,2026-03-10T15:23:00.000-04:00,https://www.scstatehouse.gov/votehistory.php?KEY=26934,H.5126,Budget,https://www.scstatehouse.gov/billsearch.php?billnumbers=5126&session=126&headerfooter=0,108,https://scstatehouse.gov/amendments.php?KEY=34090,"Table Amendment 108, Section 1, Part 1A Amendment #108",Nay,Passed
[H]-1051,2026-03-10T15:28:00.000-04:00,https://www.scstatehouse.gov/votehistory.php?KEY=26935,H.5126,Budget,https://www.scstatehouse.gov/billsearch.php?billnumbers=5126&session=126&headerfooter=0,,,Passage of Section 1 Part 1B,Yea,Passed
[H]-1052,2026-03-10T15:30:00.000-04:00,https://www.scstatehouse.gov/votehistory.php?KEY=26936,H.5126,Budget,https://www.scstatehouse.gov/billsearch.php?billnumbers=5126&session=126&headerfooter=0,,,"Passage of Section 14, Part 1B",Yea,Passed
[H]-1053,2026-03-10T15:31:00.000-04:00,https://www.scstatehouse.gov/votehistory.php?KEY=26937,H.5126,Budget,https://www.scstatehouse.gov/billsearch.php?billnumbers=5126&session=126&headerfooter=0,,,"Passage of Section 19, Part 1B",Yea,Passed
[H]-1054,2026-03-10T15:56:00.000-04:00,https://www.scstatehouse.gov/votehistory.php?KEY=26938,H.5126,Budget,https://www.scstatehouse.gov/billsearch.php?billnumbers=5126&session=126&headerfooter=0,107,https://scstatehouse.gov/amendments.php?KEY=34095,Table Amendment 107 Section 25 Part IB Amendment #107,Yea,Passed
[H]-1055,2026-03-10T16:00:00.000-04:00,https://www.scstatehouse.gov/votehistory.php?KEY=26939,H.5126,Budget,https://www.scstatehouse.gov/billsearch.php?billnumbers=5126&session=126&headerfooter=0,,,"Passage of Section 25, Part 1B",Yea,Passed
[H]-1056,2026-03-10T16:03:00.000-04:00,https://www.scstatehouse.gov/votehistory.php?KEY=26940,H.5126,Budget,https://www.scstatehouse.gov/billsearch.php?billnumbers=5126&session=126&headerfooter=0,,,"Passage of Section 27, Part 1B",Yea,Passed
[H]-1057,2026-03-10T16:13:00.000-04:00,https://www.scstatehouse.gov/votehistory.php?KEY=26941,H.5126,Budget,https://www.scstatehouse.gov/billsearch.php?billnumbers=5126&session=126&headerfooter=0,,,"Passage of section 33, Part 1B",Yea,Passed
[H]-1058,2026-03-10T16:18:00.000-04:00,https://www.scstatehouse.gov/votehistory.php?KEY=26942,H.5126,Budget,https://www.scstatehouse.gov/billsearch.php?billnumbers=5126&session=126&headerfooter=0,,,"Passage of Section 38, Part 1B",Yea,Passed
[H]-1059,2026-03-10T16:20:00.000-04:00,https://www.scstatehouse.gov/votehistory.php?KEY=26943,H.5126,Budget,https://www.scstatehouse.gov/billsearch.php?billnumbers=5126&session=126&headerfooter=0,,,"Passage of Section 48, Part 1B",Yea,Passed
[H]-1060,2026-03-10T16:24:00.000-04:00,https://www.scstatehouse.gov/votehistory.php?KEY=26946,H.5126,Budget,https://www.scstatehouse.gov/billsearch.php?billnumbers=5126&session=126&headerfooter=0,,,"Passage of Section 55, Part 1B",Yea,Passed
[H]-1061,2026-03-10T16:28:00.000-04:00,https://www.scstatehouse.gov/votehistory.php?KEY=26944,H.5126,Budget,https://www.scstatehouse.gov/billsearch.php?billnumbers=5126&session=126&headerfooter=0,2,https://scstatehouse.gov/amendments.php?KEY=34102,"Table Amendment 2 Section 57, Part 1B Amendment #2",Yea,Passed
[H]-1062,2026-03-10T16:29:00.000-04:00,https://www.scstatehouse.gov/votehistory.php?KEY=26945,H.5126,Budget,https://www.scstatehouse.gov/billsearch.php?billnumbers=5126&session=126&headerfooter=0,,,"Passage of Section 57, Part 1B",Yea,Passed
[H]-1063,2026-03-10T16:43:00.000-04:00,https://www.scstatehouse.gov/votehistory.php?KEY=26947,H.5126,Budget,https://www.scstatehouse.gov/billsearch.php?billnumbers=5126&session=126&headerfooter=0,,,Table Motion to Appeal the Speakers ruling,Yea,Passed
[H]-1064,2026-03-10T16:51:00.000-04:00,https://www.scstatehouse.gov/votehistory.php?KEY=26948,H.5126,Budget,https://www.scstatehouse.gov/billsearch.php?billnumbers=5126&session=126&headerfooter=0,,,"Passage of Section 59, Part 1B",Yea,Passed
[H]-1065,2026-03-10T16:52:00.000-04:00,https://www.scstatehouse.gov/votehistory.php?KEY=26949,H.5126,Budget,https://www.scstatehouse.gov/billsearch.php?billnumbers=5126&session=126&headerfooter=0,,,"Passage of Section 70, Part 1B",Yea,Passed
[H]-1066,2026-03-10T16:57:00.000-04:00,https://www.scstatehouse.gov/votehistory.php?KEY=26951,H.5126,Budget,https://www.scstatehouse.gov/billsearch.php?billnumbers=5126&session=126&headerfooter=0,,,"Passage of Section 72, Part 1B",Yea,Passed
[H]-1067,2026-03-10T17:01:00.000-04:00,https://www.scstatehouse.gov/votehistory.php?KEY=26952,H.5126,Budget,https://www.scstatehouse.gov/billsearch.php?billnumbers=5126&session=126&headerfooter=0,,,"Passage of Section 82, Part 1B",Yea,Passed
[H]-1068,2026-03-10T17:05:00.000-04:00,https://www.scstatehouse.gov/votehistory.php?KEY=26954,H.5126,Budget,https://www.scstatehouse.gov/billsearch.php?billnumbers=5126&session=126&headerfooter=0,,,"Adopt section 84, Part 1B",Yea,Passed
[H]-1069,2026-03-10T17:14:00.000-04:00,https://www.scstatehouse.gov/votehistory.php?KEY=26955,H.5126,Budget,https://www.scstatehouse.gov/billsearch.php?billnumbers=5126&session=126&headerfooter=0,,,"Passage of Section 102, Part 1B",Yea,Passed
[H]-1070,2026-03-10T17:16:00.000-04:00,https://www.scstatehouse.gov/votehistory.php?KEY=26956,H.5126,Budget,https://www.scstatehouse.gov/billsearch.php?billnumbers=5126&session=126&headerfooter=0,,,"Passage of Section 105, Part 1B",Yea,Passed
[H]-1071,2026-03-10T17:18:00.000-04:00,https://www.scstatehouse.gov/votehistory.php?KEY=26957,H.5126,Budget,https://www.scstatehouse.gov/billsearch.php?billnumbers=5126&session=126&headerfooter=0,,,"Passage of Section 108, Part 1B",Yea,Passed
[H]-1072,2026-03-10T17:25:00.000-04:00,https://www.scstatehouse.gov/votehistory.php?KEY=26958,H.5126,Budget,https://www.scstatehouse.gov/billsearch.php?billnumbers=5126&session=126&headerfooter=0,,,Table Motion to Appeal Speakers Ruling,Yea,Passed
[H]-1073,2026-03-10T17:26:00.000-04:00,https://www.scstatehouse.gov/votehistory.php?KEY=26959,H.5126,Budget,https://www.scstatehouse.gov/billsearch.php?billnumbers=5126&session=126&headerfooter=0,,,"Passage of Section 113, Part 1B",Yea,Passed
[H]-1074,2026-03-10T17:33:00.000-04:00,https://www.scstatehouse.gov/votehistory.php?KEY=26960,H.5126,Budget,https://www.scstatehouse.gov/billsearch.php?billnumbers=5126&session=126&headerfooter=0,5,https://scstatehouse.gov/amendments.php?KEY=34112,"Table Amendment 5 Section 117, Part 1B Amendment #5",Yea,Passed
[H]-1075,2026-03-10T18:20:00.000-04:00,https://www.scstatehouse.gov/votehistory.php?KEY=26961,H.5126,Budget,https://www.scstatehouse.gov/billsearch.php?billnumbers=5126&session=126&headerfooter=0,,,"Passage of Section 117, Part 1B",Yea,Passed
[H]-1076,2026-03-10T18:27:00.000-04:00,https://www.scstatehouse.gov/votehistory.php?KEY=26962,H.5126,Budget,https://www.scstatehouse.gov/billsearch.php?billnumbers=5126&session=126&headerfooter=0,17,https://scstatehouse.gov/amendments.php?KEY=34129,"Table Amendment 17 Section 117, Part 1B Amendment #17",Yea,Passed
[H]-1077,2026-03-10T18:30:00.000-04:00,https://www.scstatehouse.gov/votehistory.php?KEY=26963,H.5126,Budget,https://www.scstatehouse.gov/billsearch.php?billnumbers=5126&session=126&headerfooter=0,18,https://scstatehouse.gov/amendments.php?KEY=34130,Table Amendment 18 Section 118 Part 1B Amendment #18,Yea,Passed
[H]-1078,2026-03-10T18:33:00.000-04:00,https://www.scstatehouse.gov/votehistory.php?KEY=26964,H.5126,Budget,https://www.scstatehouse.gov/billsearch.php?billnumbers=5126&session=126&headerfooter=0,56,https://scstatehouse.gov/amendments.php?KEY=34131,"Table Amendment 56 Section 118, Part 1B Amendment #56",Yea,Passed
[H]-1079,2026-03-10T18:37:00.000-04:00,https://www.scstatehouse.gov/votehistory.php?KEY=26965,H.5126,Budget,https://www.scstatehouse.gov/billsearch.php?billnumbers=5126&session=126&headerfooter=0,10,https://scstatehouse.gov/amendments.php?KEY=34072,"Table Amendment 19 Section 118, Part 1B Amendment #10",Yea,Passed
[H]-1080,2026-03-10T18:44:00.000-04:00,https://www.scstatehouse.gov/votehistory.php?KEY=26966,H.5126,Budget,https://www.scstatehouse.gov/billsearch.php?billnumbers=5126&session=126&headerfooter=0,20,https://scstatehouse.gov/amendments.php?KEY=34133,"Table Amendment 20 Section 118, Part 1B Amendment #20",Yea,Passed
[H]-1081,2026-03-10T18:46:00.000-04:00,https://www.scstatehouse.gov/votehistory.php?KEY=26967,H.5126,Budget,https://www.scstatehouse.gov/billsearch.php?billnumbers=5126&session=126&headerfooter=0,23,https://scstatehouse.gov/amendments.php?KEY=34134,"Table Amendment 23 Section 118, Part 1B Amendment #23",Yea,Passed
[H]-1082,2026-03-10T18:52:00.000-04:00,https://www.scstatehouse.gov/votehistory.php?KEY=26968,H.5126,Budget,https://www.scstatehouse.gov/billsearch.php?billnumbers=5126&session=126&headerfooter=0,21,https://scstatehouse.gov/amendments.php?KEY=34135,"Table Amendment 21 Section 118, Part 1B Amendment #21",Yea,Passed
[H]-1083,2026-03-10T19:14:00.000-04:00,https://www.scstatehouse.gov/votehistory.php?KEY=26969,H.5126,Budget,https://www.scstatehouse.gov/billsearch.php?billnumbers=5126&session=126&headerfooter=0,24,https://scstatehouse.gov/amendments.php?KEY=34137,"Table Amendment 24, Section 118, Part 1B Amendment #24",Yea,Passed
[H]-1084,2026-03-10T19:16:00.000-04:00,https://www.scstatehouse.gov/votehistory.php?KEY=26970,H.5126,Budget,https://www.scstatehouse.gov/billsearch.php?billnumbers=5126&session=126&headerfooter=0,,,"Passage of Section 118, Part 1B",Yea,Passed
[H]-1085,2026-03-10T19:36:00.000-04:00,https://www.scstatehouse.gov/votehistory.php?KEY=26971,H.5126,Budget,https://www.scstatehouse.gov/billsearch.php?billnumbers=5126&session=126&headerfooter=0,,,"Adopt section 92D, Part 1B",Yea,Passed
[H]-1086,2026-03-10T19:40:00.000-04:00,https://www.scstatehouse.gov/votehistory.php?KEY=26972,H.5126,Budget,https://www.scstatehouse.gov/billsearch.php?billnumbers=5126&session=126&headerfooter=0,,,Passage of Bill,Yea,Passed
[H]-1087,2026-03-10T19:42:00.000-04:00,https://www.scstatehouse.gov/votehistory.php?KEY=26973,H.5127,Capital Reserve Fund appropriation,https://www.scstatehouse.gov/billsearch.php?billnumbers=5127&session=126&headerfooter=0,,,Passage of Joint Resolution,Yea,Passed
[H]-1088,2026-03-10T20:11:00.000-04:00,https://www.scstatehouse.gov/votehistory.php?KEY=26974,H.4216,Income tax,https://www.scstatehouse.gov/billsearch.php?billnumbers=4216&session=126&headerfooter=0,2A,https://scstatehouse.gov/amendments.php?KEY=34142,Table Amendment 2 Amendment #2A,Yea,Passed
[H]-1089,2026-03-10T20:19:00.000-04:00,https://www.scstatehouse.gov/votehistory.php?KEY=26975,H.4216,Income tax,https://www.scstatehouse.gov/billsearch.php?billnumbers=4216&session=126&headerfooter=0,3A,https://scstatehouse.gov/amendments.php?KEY=34143,Table Amendment 3A Amendment #3A,Yea,Passed
[H]-1090,2026-03-10T20:24:00.000-04:00,https://www.scstatehouse.gov/votehistory.php?KEY=26976,H.4216,Income tax,https://www.scstatehouse.gov/billsearch.php?billnumbers=4216&session=126&headerfooter=0,7A,https://scstatehouse.gov/amendments.php?KEY=34146,Table Amendment 7A Amendment #7A,Yea,Passed
[H]-1091,2026-03-10T20:46:00.000-04:00,https://www.scstatehouse.gov/votehistory.php?KEY=26977,H.4216,Income tax,https://www.scstatehouse.gov/billsearch.php?billnumbers=4216&session=126&headerfooter=0,,,Concur in Senate Amendments,Nay,Passed
[H]-1092,2026-03-10T20:54:00.000-04:00,https://www.scstatehouse.gov/votehistory.php?KEY=26978,H.3368,Income tax on overtime pay,https://www.scstatehouse.gov/billsearch.php?billnumbers=3368&session=126&headerfooter=0,,,Passage of Bill,Yea,Passed
[H]-1095,2026-03-24T12:52:00.000-04:00,https://www.scstatehouse.gov/votehistory.php?KEY=27031,H.3858,Taxation on boats,https://www.scstatehouse.gov/billsearch.php?billnumbers=3858&session=126&headerfooter=0,,,Concur in Senate Amendments,Yea,Passed
[H]-1097,2026-03-25T11:20:00.000-04:00,https://www.scstatehouse.gov/votehistory.php?KEY=27044,H.4902,"Intercollegiate Athletes' Compensation for Name, Image, or Likeness",https://www.scstatehouse.gov/billsearch.php?billnumbers=4902&session=126&headerfooter=0,,,Override Veto by the Governor,N/V,Passed
[H]-1098,2026-03-25T11:34:00.000-04:00,https://www.scstatehouse.gov/votehistory.php?KEY=27045,H.3874,Workers' compensation,https://www.scstatehouse.gov/billsearch.php?billnumbers=3874&session=126&headerfooter=0,,,Passage of Bill,Yea,Passed
[H]-1099,2026-03-25T11:40:00.000-04:00,https://www.scstatehouse.gov/votehistory.php?KEY=27046,H.4662,Regulation of charitable funds,https://www.scstatehouse.gov/billsearch.php?billnumbers=4662&session=126&headerfooter=0,,,Passage of Bill,Yea,Passed
[H]-1100,2026-03-25T11:45:00.000-04:00,https://www.scstatehouse.gov/votehistory.php?KEY=27047,H.5113,Modular Homes,https://www.scstatehouse.gov/billsearch.php?billnumbers=5113&session=126&headerfooter=0,,,Passage of Bill,Yea,Passed
[H]-1101,2026-03-25T11:48:00.000-04:00,https://www.scstatehouse.gov/votehistory.php?KEY=27048,H.4544,Medical malpractice,https://www.scstatehouse.gov/billsearch.php?billnumbers=4544&session=126&headerfooter=0,,,Waive Rule 5.15 Printing,Yea,Passed
[H]-1102,2026-03-25T11:58:00.000-04:00,https://www.scstatehouse.gov/votehistory.php?KEY=27049,H.4544,Medical malpractice,https://www.scstatehouse.gov/billsearch.php?billnumbers=4544&session=126&headerfooter=0,,,Passage of Bill,Yea,Passed
[H]-1103,2026-03-25T12:00:00.000-04:00,https://www.scstatehouse.gov/votehistory.php?KEY=27050,H.4670,"Time-limited demands, tort claims",https://www.scstatehouse.gov/billsearch.php?billnumbers=4670&session=126&headerfooter=0,,,Waive Rule 5.15 Printing,Yea,Passed
[H]-1104,2026-03-25T12:09:00.000-04:00,https://www.scstatehouse.gov/votehistory.php?KEY=27051,H.4670,"Time-limited demands, tort claims",https://www.scstatehouse.gov/billsearch.php?billnumbers=4670&session=126&headerfooter=0,,,Passage of Bill,Yea,Passed
[H]-1105,2026-03-25T12:13:00.000-04:00,https://www.scstatehouse.gov/votehistory.php?KEY=27052,H.3629,Forestry Commission,https://www.scstatehouse.gov/billsearch.php?billnumbers=3629&session=126&headerfooter=0,,,Concur in Senate Amendments,Yea,Passed
[H]-1106,2026-03-25T12:15:00.000-04:00,https://www.scstatehouse.gov/votehistory.php?KEY=27054,H.3831,Smart Heart Act,https://www.scstatehouse.gov/billsearch.php?billnumbers=3831&session=126&headerfooter=0,,,Concur in Senate Amendments,Yea,Passed
[H]-1107,2026-03-25T13:24:00.000-04:00,https://www.scstatehouse.gov/votehistory.php?KEY=27058,H.4767,Physician Noncompete Contract Prohibition,https://www.scstatehouse.gov/billsearch.php?billnumbers=4767&session=126&headerfooter=0,,,Recommit bill,Yea,Failed
[H]-1108,2026-03-25T14:26:00.000-04:00,https://www.scstatehouse.gov/votehistory.php?KEY=27061,H.4767,Physician Noncompete Contract Prohibition,https://www.scstatehouse.gov/billsearch.php?billnumbers=4767&session=126&headerfooter=0,1,https://scstatehouse.gov/amendments.php?KEY=34212,Table Amendment 1 Amendment #1,Nay,Failed
[H]-1109,2026-03-25T14:29:00.000-04:00,https://www.scstatehouse.gov/votehistory.php?KEY=27062,H.4767,Physician Noncompete Contract Prohibition,https://www.scstatehouse.gov/billsearch.php?billnumbers=4767&session=126&headerfooter=0,1,https://scstatehouse.gov/amendments.php?KEY=34212,Adopt Amendment 1 Amendment #1,Yea,Failed
[H]-1110,2026-03-25T14:32:00.000-04:00,https://www.scstatehouse.gov/votehistory.php?KEY=27063,H.4767,Physician Noncompete Contract Prohibition,https://www.scstatehouse.gov/billsearch.php?billnumbers=4767&session=126&headerfooter=0,,,Table Motion to Commit,Nay,Passed
[H]-1111,2026-03-25T14:34:00.000-04:00,https://www.scstatehouse.gov/votehistory.php?KEY=27065,H.4767,Physician Noncompete Contract Prohibition,https://www.scstatehouse.gov/billsearch.php?billnumbers=4767&session=126&headerfooter=0,,,Passage of Bill,Nay,Passed
[H]-1113,2026-03-26T10:55:00.000-04:00,https://www.scstatehouse.gov/votehistory.php?KEY=27079,S.694,Polling Places in Aiken County,https://www.scstatehouse.gov/billsearch.php?billnumbers=694&session=126&headerfooter=0,,,Passage of Bill,Yea,Passed
[H]-1114,2026-03-26T10:57:00.000-04:00,https://www.scstatehouse.gov/votehistory.php?KEY=27082,H.5284,County Register of Deeds,https://www.scstatehouse.gov/billsearch.php?billnumbers=5284&session=126&headerfooter=0,,,Passage of Bill,Yea,Passed
[H]-1115,2026-03-26T11:00:00.000-04:00,https://www.scstatehouse.gov/votehistory.php?KEY=27083,S.449,Collaborative Practice Agreements,https://www.scstatehouse.gov/billsearch.php?billnumbers=449&session=126&headerfooter=0,,,Passage of Bill,Yea,Passed
[H]-1116,2026-03-26T11:07:00.000-04:00,https://www.scstatehouse.gov/votehistory.php?KEY=27084,S.146,"Senator Roger A. Nutt Act, resident's rights in long-term care",https://www.scstatehouse.gov/billsearch.php?billnumbers=146&session=126&headerfooter=0,,,Passage of Bill,Yea,Passed
[H]-1117,2026-03-26T11:09:00.000-04:00,https://www.scstatehouse.gov/votehistory.php?KEY=27085,H.5164,Hospitals,https://www.scstatehouse.gov/billsearch.php?billnumbers=5164&session=126&headerfooter=0,,,Passage of Bill,Yea,Passed
[H]-1118,2026-03-26T11:13:00.000-04:00,https://www.scstatehouse.gov/votehistory.php?KEY=27086,H.4799,Certificate of Need,https://www.scstatehouse.gov/billsearch.php?billnumbers=4799&session=126&headerfooter=0,,,Passage of Bill,Yea,Passed
[H]-1119,2026-03-26T11:20:00.000-04:00,https://www.scstatehouse.gov/votehistory.php?KEY=27087,H.4688,Golf carts,https://www.scstatehouse.gov/billsearch.php?billnumbers=4688&session=126&headerfooter=0,,,Passage of Bill,Yea,Passed
[H]-1120,2026-03-26T11:23:00.000-04:00,https://www.scstatehouse.gov/votehistory.php?KEY=27088,H.5131,Tribal Governments Special License Plates,https://www.scstatehouse.gov/billsearch.php?billnumbers=5131&session=126&headerfooter=0,,,Passage of Bill,Yea,Passed
[H]-1121,2026-03-26T11:26:00.000-04:00,https://www.scstatehouse.gov/votehistory.php?KEY=27089,H.4736,Training for new Commission on Higher Education commissioners,https://www.scstatehouse.gov/billsearch.php?billnumbers=4736&session=126&headerfooter=0,,,Passage of Bill,Yea,Passed
[H]-1122,2026-03-26T11:35:00.000-04:00,https://www.scstatehouse.gov/votehistory.php?KEY=27091,H.4738,Commission on Higher Education,https://www.scstatehouse.gov/billsearch.php?billnumbers=4738&session=126&headerfooter=0,,,Passage of Bill,Yea,Passed
[H]-1123,2026-03-26T11:40:00.000-04:00,https://www.scstatehouse.gov/votehistory.php?KEY=27092,H.4767,Physician Noncompete Contract Prohibition,https://www.scstatehouse.gov/billsearch.php?billnumbers=4767&session=126&headerfooter=0,,,Passage of Bill,Nay,Passed
[H]-1125,2026-03-31T12:46:00.000-04:00,https://www.scstatehouse.gov/votehistory.php?KEY=27112, ,"Kristian Cross, State Ethics",https://www.scstatehouse.gov/billsearch.php?billnumbers=undefined&session=126&headerfooter=0,,,,N/V,Passed
[H]-1126,2026-03-31T14:59:00.000-04:00,https://www.scstatehouse.gov/votehistory.php?KEY=27116,H.4292,Roadway Protection and Safety Act,https://www.scstatehouse.gov/billsearch.php?billnumbers=4292&session=126&headerfooter=0,,,Passage of Bill,Yea,Passed
[H]-1127,2026-03-31T15:23:00.000-04:00,https://www.scstatehouse.gov/votehistory.php?KEY=27120,H.4804,"Sexual Exploitation of a Minor, penalties",https://www.scstatehouse.gov/billsearch.php?billnumbers=4804&session=126&headerfooter=0,,,Passage of Bill,Yea,Passed
[H]-1128,2026-03-31T15:42:00.000-04:00,https://www.scstatehouse.gov/votehistory.php?KEY=27121,H.4591,Stop Harm from Addictive Social Media,https://www.scstatehouse.gov/billsearch.php?billnumbers=4591&session=126&headerfooter=0,,,Passage of Bill,Yea,Passed
[H]-1129,2026-03-31T15:49:00.000-04:00,https://www.scstatehouse.gov/votehistory.php?KEY=27122,H.5075,Personal Privacy Protection Act,https://www.scstatehouse.gov/billsearch.php?billnumbers=5075&session=126&headerfooter=0,,,Passage of Bill,Yea,Passed
[H]-1130,2026-03-31T15:54:00.000-04:00,https://www.scstatehouse.gov/votehistory.php?KEY=27124,H.3013,Guardians ad Litem,https://www.scstatehouse.gov/billsearch.php?billnumbers=3013&session=126&headerfooter=0,,,Passage of Bill,Yea,Passed
[H]-1131,2026-03-31T16:08:00.000-04:00,https://www.scstatehouse.gov/votehistory.php?KEY=27125,H.4761,Public university and college faculty annual performance evaluations,https://www.scstatehouse.gov/billsearch.php?billnumbers=4761&session=126&headerfooter=0,1,https://scstatehouse.gov/amendments.php?KEY=34267,Table Amendment 1 Amendment #1,Yea,Passed
[H]-1132,2026-03-31T16:11:00.000-04:00,https://www.scstatehouse.gov/votehistory.php?KEY=27128,H.4761,Public university and college faculty annual performance evaluations,https://www.scstatehouse.gov/billsearch.php?billnumbers=4761&session=126&headerfooter=0,,,Passage of Bill,Yea,Passed
[H]-1133,2026-03-31T16:27:00.000-04:00,https://www.scstatehouse.gov/votehistory.php?KEY=27126,H.3873,School distribution of in-home identification kits,https://www.scstatehouse.gov/billsearch.php?billnumbers=3873&session=126&headerfooter=0,,,Passage of Bill,Yea,Passed
[H]-1134,2026-03-31T16:31:00.000-04:00,https://www.scstatehouse.gov/votehistory.php?KEY=27127,H.4610,American Sign Language Symbol Act,https://www.scstatehouse.gov/billsearch.php?billnumbers=4610&session=126&headerfooter=0,,,Passage of Bill,Yea,Passed
[H]-1136,2026-04-01T10:46:00.000-04:00,https://www.scstatehouse.gov/votehistory.php?KEY=27130,H.4292,Roadway Protection and Safety Act,https://www.scstatehouse.gov/billsearch.php?billnumbers=4292&session=126&headerfooter=0,,,Passage of Bill,N/V,Passed
[H]-1137,2026-04-01T10:52:00.000-04:00,https://www.scstatehouse.gov/votehistory.php?KEY=27131,H.5168,Official State Song,https://www.scstatehouse.gov/billsearch.php?billnumbers=5168&session=126&headerfooter=0,,,Passage of Bill,Yea,Passed
[H]-1138,2026-04-01T11:07:00.000-04:00,https://www.scstatehouse.gov/votehistory.php?KEY=27132,H.4805,Judicial Seats,https://www.scstatehouse.gov/billsearch.php?billnumbers=4805&session=126&headerfooter=0,,,Passage of Bill,Yea,Passed
[H]-1139,2026-04-01T11:13:00.000-04:00,https://www.scstatehouse.gov/votehistory.php?KEY=27133,H.5182,Jasper County Council,https://www.scstatehouse.gov/billsearch.php?billnumbers=5182&session=126&headerfooter=0,,,Override Veto by the Governor,Nay,Failed
[H]-1140,2026-04-01T11:15:00.000-04:00,https://www.scstatehouse.gov/votehistory.php?KEY=27134,H.3856,Department of Motor Vehicles,https://www.scstatehouse.gov/billsearch.php?billnumbers=3856&session=126&headerfooter=0,,,Concur in Senate Amendments,N/V,Passed
[H]-1141,2026-04-01T11:19:00.000-04:00,https://www.scstatehouse.gov/votehistory.php?KEY=27135,H.3931,Coastal Tideland and Wetlands Permit Application,https://www.scstatehouse.gov/billsearch.php?billnumbers=3931&session=126&headerfooter=0,,,Concur in Senate Amendments,Yea,Passed
[H]-1142,2026-04-01T13:02:00.000-04:00,https://www.scstatehouse.gov/votehistory.php?KEY=27147,H.4817,Insurance Rate Reduction and Policy Holder Protection Act,https://www.scstatehouse.gov/billsearch.php?billnumbers=4817&session=126&headerfooter=0,8,https://scstatehouse.gov/amendments.php?KEY=34277,Table Amendment 8 Amendment #8,Nay,Passed
[H]-1143,2026-04-01T13:10:00.000-04:00,https://www.scstatehouse.gov/votehistory.php?KEY=27148,H.4817,Insurance Rate Reduction and Policy Holder Protection Act,https://www.scstatehouse.gov/billsearch.php?billnumbers=4817&session=126&headerfooter=0,9,https://scstatehouse.gov/amendments.php?KEY=34278,Table Amendment 9 Amendment #9,Nay,Passed
[H]-1144,2026-04-01T13:30:00.000-04:00,https://www.scstatehouse.gov/votehistory.php?KEY=27149,H.4817,Insurance Rate Reduction and Policy Holder Protection Act,https://www.scstatehouse.gov/billsearch.php?billnumbers=4817&session=126&headerfooter=0,14,https://scstatehouse.gov/amendments.php?KEY=34282,Table Amendment 14 Amendment #14,Nay,Passed
[H]-1145,2026-04-01T13:33:00.000-04:00,https://www.scstatehouse.gov/votehistory.php?KEY=27150,H.4817,Insurance Rate Reduction and Policy Holder Protection Act,https://www.scstatehouse.gov/billsearch.php?billnumbers=4817&session=126&headerfooter=0,,,Passage of Bill,Yea,Passed
[H]-1146,2026-04-01T15:46:00.000-04:00,https://www.scstatehouse.gov/votehistory.php?KEY=27153,H.4764,Immigration,https://www.scstatehouse.gov/billsearch.php?billnumbers=4764&session=126&headerfooter=0,3,https://scstatehouse.gov/amendments.php?KEY=34291,Table Amendment 3 Amendment #3,Nay,Passed
[H]-1147,2026-04-01T16:10:00.000-04:00,https://www.scstatehouse.gov/votehistory.php?KEY=27154,H.4764,Immigration,https://www.scstatehouse.gov/billsearch.php?billnumbers=4764&session=126&headerfooter=0,4,https://scstatehouse.gov/amendments.php?KEY=34293,Table Amendment 4 Amendment #4,Nay,Passed
[H]-1148,2026-04-01T16:27:00.000-04:00,https://www.scstatehouse.gov/votehistory.php?KEY=27156,H.4764,Immigration,https://www.scstatehouse.gov/billsearch.php?billnumbers=4764&session=126&headerfooter=0,6,https://scstatehouse.gov/amendments.php?KEY=34295,Table Amendment 6 Amendment #6,Nay,Passed
[H]-1149,2026-04-01T16:48:00.000-04:00,https://www.scstatehouse.gov/votehistory.php?KEY=27157,H.4764,Immigration,https://www.scstatehouse.gov/billsearch.php?billnumbers=4764&session=126&headerfooter=0,9,https://scstatehouse.gov/amendments.php?KEY=34298,Table Amendment 9 Amendment #9,Nay,Passed
[H]-1150,2026-04-01T16:56:00.000-04:00,https://www.scstatehouse.gov/votehistory.php?KEY=27160,H.4764,Immigration,https://www.scstatehouse.gov/billsearch.php?billnumbers=4764&session=126&headerfooter=0,11,https://scstatehouse.gov/amendments.php?KEY=34299,Table Amendment 11 Amendment #11,Nay,Passed
[H]-1151,2026-04-01T17:02:00.000-04:00,https://www.scstatehouse.gov/votehistory.php?KEY=27161,H.4764,Immigration,https://www.scstatehouse.gov/billsearch.php?billnumbers=4764&session=126&headerfooter=0,12,https://scstatehouse.gov/amendments.php?KEY=34300,Table Amendment 12 Amendment #12,Nay,Passed
[H]-1152,2026-04-01T17:30:00.000-04:00,https://www.scstatehouse.gov/votehistory.php?KEY=27162,H.4764,Immigration,https://www.scstatehouse.gov/billsearch.php?billnumbers=4764&session=126&headerfooter=0,,,Passage of Bill,Nay,Passed
[H]-1153,2026-04-01T18:02:00.000-04:00,https://www.scstatehouse.gov/votehistory.php?KEY=27163,H.3034,"Fargo's, Hyco's, Rico's, Coba's, Wick's, and Mikka's Law",https://www.scstatehouse.gov/billsearch.php?billnumbers=3034&session=126&headerfooter=0,,,Passage of Bill,Yea,Passed
[H]-1156,2026-04-02T11:19:00.000-04:00,https://www.scstatehouse.gov/votehistory.php?KEY=27166,H.4764,Immigration,https://www.scstatehouse.gov/billsearch.php?billnumbers=4764&session=126&headerfooter=0,,,Passage of Bill,Nay,Passed
[H]-1158,2026-04-14T13:12:00.000-04:00,https://www.scstatehouse.gov/votehistory.php?KEY=27178,H.4679,South Carolina Drone Regulation and Public Safety Act,https://www.scstatehouse.gov/billsearch.php?billnumbers=4679&session=126&headerfooter=0,,,Passage of Bill,Yea,Passed
[H]-1159,2026-04-14T13:15:00.000-04:00,https://www.scstatehouse.gov/votehistory.php?KEY=27179,H.4706,Racing facility,https://www.scstatehouse.gov/billsearch.php?billnumbers=4706&session=126&headerfooter=0,,,Passage of Bill,Yea,Passed
[H]-1160,2026-04-14T13:17:00.000-04:00,https://www.scstatehouse.gov/votehistory.php?KEY=27180,H.4248,Food labeling,https://www.scstatehouse.gov/billsearch.php?billnumbers=4248&session=126&headerfooter=0,,,Passage of Bill,Yea,Passed
[H]-1161,2026-04-14T13:30:00.000-04:00,https://www.scstatehouse.gov/votehistory.php?KEY=27181,H.5069,SC Protected Lands and Conservation Coordination Act,https://www.scstatehouse.gov/billsearch.php?billnumbers=5069&session=126&headerfooter=0,,,Passage of Bill,Yea,Passed
[H]-1162,2026-04-14T13:34:00.000-04:00,https://www.scstatehouse.gov/votehistory.php?KEY=27182,H.5111,Public Water System Connections,https://www.scstatehouse.gov/billsearch.php?billnumbers=5111&session=126&headerfooter=0,,,Passage of Bill,Yea,Passed
[H]-1163,2026-04-14T13:36:00.000-04:00,https://www.scstatehouse.gov/votehistory.php?KEY=27183,H.5217,Deer tags,https://www.scstatehouse.gov/billsearch.php?billnumbers=5217&session=126&headerfooter=0,,,Passage of Bill,Yea,Passed
[H]-1164,2026-04-14T13:38:00.000-04:00,https://www.scstatehouse.gov/votehistory.php?KEY=27184,H.5473,Fishing,https://www.scstatehouse.gov/billsearch.php?billnumbers=5473&session=126&headerfooter=0,,,Passage of Bill,Yea,Passed
[H]-1167,2026-04-15T11:04:00.000-04:00,https://www.scstatehouse.gov/votehistory.php?KEY=27192,S.337,Blue Catfish,https://www.scstatehouse.gov/billsearch.php?billnumbers=337&session=126&headerfooter=0,,,Passage of Bill,Yea,Passed
[H]-1168,2026-04-15T11:10:00.000-04:00,https://www.scstatehouse.gov/votehistory.php?KEY=27193,S.463,Public Boat Landings,https://www.scstatehouse.gov/billsearch.php?billnumbers=463&session=126&headerfooter=0,,,Passage of Bill,Yea,Passed
[H]-1169,2026-04-15T11:13:00.000-04:00,https://www.scstatehouse.gov/votehistory.php?KEY=27194,S.32,Pregnancy Care Tax Credit,https://www.scstatehouse.gov/billsearch.php?billnumbers=32&session=126&headerfooter=0,,,Passage of Bill,Yea,Passed
[H]-1170,2026-04-15T11:18:00.000-04:00,https://www.scstatehouse.gov/votehistory.php?KEY=27195,H.4611,Parental Leave,https://www.scstatehouse.gov/billsearch.php?billnumbers=4611&session=126&headerfooter=0,,,Passage of Bill,Yea,Passed
[H]-1171,2026-04-15T11:21:00.000-04:00,https://www.scstatehouse.gov/votehistory.php?KEY=27196,H.5173,Hospitals,https://www.scstatehouse.gov/billsearch.php?billnumbers=5173&session=126&headerfooter=0,,,Passage of Bill,Yea,Passed
[H]-1172,2026-04-15T11:42:00.000-04:00,https://www.scstatehouse.gov/votehistory.php?KEY=27197,H.3771,Marine Recovery Insurance,https://www.scstatehouse.gov/billsearch.php?billnumbers=3771&session=126&headerfooter=0,,,Passage of Bill,Yea,Passed
[J]-26,2026-04-15T13:11:00.000-04:00,https://www.scstatehouse.gov/votehistory.php?KEY=27198, ,"SC State University At large, Seat 2 Reject slate ",https://www.scstatehouse.gov/billsearch.php?billnumbers=undefined&session=126&headerfooter=0,,,,Nay,Failed
[H]-1182,2026-04-15T14:01:00.000-04:00,https://www.scstatehouse.gov/votehistory.php?KEY=27226,H.4756,South Carolina Student Physical Privacy Act,https://www.scstatehouse.gov/billsearch.php?billnumbers=4756&session=126&headerfooter=0,,,Concur in Senate Amendments,Nay,Passed
[H]-1183,2026-04-15T14:06:00.000-04:00,https://www.scstatehouse.gov/votehistory.php?KEY=27227,H.3557,Candidate filing,https://www.scstatehouse.gov/billsearch.php?billnumbers=3557&session=126&headerfooter=0,,,Concur in Senate Amendments,Yea,Passed
[H]-1185,2026-04-16T11:07:00.000-04:00,https://www.scstatehouse.gov/votehistory.php?KEY=27236,S.585,Motor Vehicle Registration,https://www.scstatehouse.gov/billsearch.php?billnumbers=585&session=126&headerfooter=0,,,Passage of Bill,Yea,Passed
[H]-1186,2026-04-16T11:14:00.000-04:00,https://www.scstatehouse.gov/votehistory.php?KEY=27237,H.5401,Electronic monitoring,https://www.scstatehouse.gov/billsearch.php?billnumbers=5401&session=126&headerfooter=0,,,Passage of Bill,Yea,Passed
[H]-1188,2026-04-21T12:48:00.000-04:00,https://www.scstatehouse.gov/votehistory.php?KEY=27377,H.5546,Flint Hill Elementary School make-up day waiver,https://www.scstatehouse.gov/billsearch.php?billnumbers=5546&session=126&headerfooter=0,,,Passage of Joint Resolution,Yea,Passed
[H]-1189,2026-04-21T12:50:00.000-04:00,https://www.scstatehouse.gov/votehistory.php?KEY=27378,H.5547,Timmonsville National Guard Armory,https://www.scstatehouse.gov/billsearch.php?billnumbers=5547&session=126&headerfooter=0,,,Passage of Joint Resolution,Yea,Passed
[H]-1190,2026-04-21T13:10:00.000-04:00,https://www.scstatehouse.gov/votehistory.php?KEY=27379,H.3408,Foreign ownership of real estate,https://www.scstatehouse.gov/billsearch.php?billnumbers=3408&session=126&headerfooter=0,,,Passage of Bill,Yea,Passed
[H]-1191,2026-04-21T14:34:00.000-04:00,https://www.scstatehouse.gov/votehistory.php?KEY=27380,H.3924,Hemp-derived ingestible,https://www.scstatehouse.gov/billsearch.php?billnumbers=3924&session=126&headerfooter=0,,,Continue,Yea,Failed
[H]-1192,2026-04-21T14:38:00.000-04:00,https://www.scstatehouse.gov/votehistory.php?KEY=27381,H.3924,Hemp-derived ingestible,https://www.scstatehouse.gov/billsearch.php?billnumbers=3924&session=126&headerfooter=0,,,Table Motion to Recommit,Nay,Failed
[H]-1193,2026-04-21T14:42:00.000-04:00,https://www.scstatehouse.gov/votehistory.php?KEY=27382,H.3924,Hemp-derived ingestible,https://www.scstatehouse.gov/billsearch.php?billnumbers=3924&session=126&headerfooter=0,,,Adjourn For The Day,Nay,Passed
[H]-1195,2026-04-22T11:11:00.000-04:00,https://www.scstatehouse.gov/votehistory.php?KEY=27389,H.3047,"Litter, balloons",https://www.scstatehouse.gov/billsearch.php?billnumbers=3047&session=126&headerfooter=0,,,Passage of Bill,Yea,Passed
[H]-1196,2026-04-22T13:08:00.000-04:00,https://www.scstatehouse.gov/votehistory.php?KEY=27390,H.3924,Hemp-derived ingestible,https://www.scstatehouse.gov/billsearch.php?billnumbers=3924&session=126&headerfooter=0,Amendment number 17a,https://scstatehouse.gov/amendments.php?KEY=34413,Adopt Amendment 17a Amendment #17a,Nay,Passed
[H]-1197,2026-04-22T13:11:00.000-04:00,https://www.scstatehouse.gov/votehistory.php?KEY=27391,H.3924,Hemp-derived ingestible,https://www.scstatehouse.gov/billsearch.php?billnumbers=3924&session=126&headerfooter=0,,,Table Motion to Reconsider the Vote,N/V,Passed
[H]-1198,2026-04-22T14:31:00.000-04:00,https://www.scstatehouse.gov/votehistory.php?KEY=27393,H.3924,Hemp-derived ingestible,https://www.scstatehouse.gov/billsearch.php?billnumbers=3924&session=126&headerfooter=0,Amendment number 27a,https://scstatehouse.gov/amendments.php?KEY=34420,Table Amendment 27a Amendment #27a,Nay,Passed
[H]-1199,2026-04-22T14:41:00.000-04:00,https://www.scstatehouse.gov/votehistory.php?KEY=27394,H.3924,Hemp-derived ingestible,https://www.scstatehouse.gov/billsearch.php?billnumbers=3924&session=126&headerfooter=0,,,Continue,Yea,Failed
[H]-1200,2026-04-22T14:44:00.000-04:00,https://www.scstatehouse.gov/votehistory.php?KEY=27395,H.3924,Hemp-derived ingestible,https://www.scstatehouse.gov/billsearch.php?billnumbers=3924&session=126&headerfooter=0,,,Table Motion to Recommit,Nay,Passed
[H]-1201,2026-04-22T14:48:00.000-04:00,https://www.scstatehouse.gov/votehistory.php?KEY=27396,H.3924,Hemp-derived ingestible,https://www.scstatehouse.gov/billsearch.php?billnumbers=3924&session=126&headerfooter=0,,,Adjourn For The Day,Yea,Failed
[H]-1202,2026-04-22T14:52:00.000-04:00,https://www.scstatehouse.gov/votehistory.php?KEY=27397,H.3924,Hemp-derived ingestible,https://www.scstatehouse.gov/billsearch.php?billnumbers=3924&session=126&headerfooter=0,Amendment number 31a,https://scstatehouse.gov/amendments.php?KEY=34428,Table Amendment 31a Amendment #31a,Nay,Passed
[H]-1203,2026-04-22T14:55:00.000-04:00,https://www.scstatehouse.gov/votehistory.php?KEY=27398,H.3924,Hemp-derived ingestible,https://www.scstatehouse.gov/billsearch.php?billnumbers=3924&session=126&headerfooter=0,,,Table Motion to Adjourn Debate,Nay,Passed
[H]-1204,2026-04-22T14:58:00.000-04:00,https://www.scstatehouse.gov/votehistory.php?KEY=27399,H.3924,Hemp-derived ingestible,https://www.scstatehouse.gov/billsearch.php?billnumbers=3924&session=126&headerfooter=0,Amendment number 32a,https://scstatehouse.gov/amendments.php?KEY=34430,Table Amendment 32a Amendment #32a,Nay,Passed
[H]-1205,2026-04-22T15:04:00.000-04:00,https://www.scstatehouse.gov/votehistory.php?KEY=27400,H.3924,Hemp-derived ingestible,https://www.scstatehouse.gov/billsearch.php?billnumbers=3924&session=126&headerfooter=0,Amendment number 35a,https://scstatehouse.gov/amendments.php?KEY=34434,Table Amendment 35a Amendment #35a,Nay,Passed
[H]-1207,2026-04-23T10:56:00.000-04:00,https://www.scstatehouse.gov/votehistory.php?KEY=27408,H.5201,Safe Schools Act of 2026,https://www.scstatehouse.gov/billsearch.php?billnumbers=5201&session=126&headerfooter=0,,,Passage of Bill,Yea,Passed
[H]-1208,2026-04-23T10:59:00.000-04:00,https://www.scstatehouse.gov/votehistory.php?KEY=27409,H.5506,Pee Dee Regional Airport Authority,https://www.scstatehouse.gov/billsearch.php?billnumbers=5506&session=126&headerfooter=0,,,Passage of Bill,Yea,Passed
[H]-1209,2026-04-23T11:01:00.000-04:00,https://www.scstatehouse.gov/votehistory.php?KEY=27410,H.5093,Gross proceeds,https://www.scstatehouse.gov/billsearch.php?billnumbers=5093&session=126&headerfooter=0,,,Passage of Bill,Yea,Passed
[H]-1210,2026-04-23T11:03:00.000-04:00,https://www.scstatehouse.gov/votehistory.php?KEY=27411,H.5208,Sales Tax Exemption,https://www.scstatehouse.gov/billsearch.php?billnumbers=5208&session=126&headerfooter=0,,,Passage of Bill,Yea,Passed
[H]-1211,2026-04-23T11:05:00.000-04:00,https://www.scstatehouse.gov/votehistory.php?KEY=27412,H.4576,Special Purpose Districts Retirement,https://www.scstatehouse.gov/billsearch.php?billnumbers=4576&session=126&headerfooter=0,,,Passage of Bill,Yea,Passed
[H]-1212,2026-04-23T11:09:00.000-04:00,https://www.scstatehouse.gov/votehistory.php?KEY=27413,H.4589,Education Capital Improvements Sales and Use Tax,https://www.scstatehouse.gov/billsearch.php?billnumbers=4589&session=126&headerfooter=0,,,Passage of Bill,Yea,Passed
[H]-1213,2026-04-23T11:13:00.000-04:00,https://www.scstatehouse.gov/votehistory.php?KEY=27414,H.4477,Heirs' property,https://www.scstatehouse.gov/billsearch.php?billnumbers=4477&session=126&headerfooter=0,,,Passage of Bill,Yea,Passed
[H]-1214,2026-04-23T11:16:00.000-04:00,https://www.scstatehouse.gov/votehistory.php?KEY=27415,H.5537,Dillon National Guard Armory,https://www.scstatehouse.gov/billsearch.php?billnumbers=5537&session=126&headerfooter=0,,,Passage of Joint Resolution,Yea,Passed
[H]-1215,2026-04-23T11:19:00.000-04:00,https://www.scstatehouse.gov/votehistory.php?KEY=27416,S.895,Rural Emergency Hospitals,https://www.scstatehouse.gov/billsearch.php?billnumbers=895&session=126&headerfooter=0,,,Passage of Bill,Yea,Passed
[H]-1216,2026-04-23T11:29:00.000-04:00,https://www.scstatehouse.gov/votehistory.php?KEY=27417,S.454,Charter School Accountability,https://www.scstatehouse.gov/billsearch.php?billnumbers=454&session=126&headerfooter=0,,,Waive Rule 5.15 Printing,Nay,Passed
[H]-1217,2026-04-23T11:35:00.000-04:00,https://www.scstatehouse.gov/votehistory.php?KEY=27418,H.5538,Guarantee Banking Act,https://www.scstatehouse.gov/billsearch.php?billnumbers=5538&session=126&headerfooter=0,,,Passage of Bill,Yea,Passed
[H]-1218,2026-04-23T11:39:00.000-04:00,https://www.scstatehouse.gov/votehistory.php?KEY=27419,H.4476,Trade commissions,https://www.scstatehouse.gov/billsearch.php?billnumbers=4476&session=126&headerfooter=0,,,Passage of Bill,Yea,Passed
[H]-1219,2026-04-23T12:00:00.000-04:00,https://www.scstatehouse.gov/votehistory.php?KEY=27421,H.3556,Political parties and primaries,https://www.scstatehouse.gov/billsearch.php?billnumbers=3556&session=126&headerfooter=0,Amendment number 1a,https://scstatehouse.gov/amendments.php?KEY=34445,Table Amendment 1A Amendment #1a,Yea,Passed
[H]-1220,2026-04-23T12:23:00.000-04:00,https://www.scstatehouse.gov/votehistory.php?KEY=27422,H.3974,Private Providers,https://www.scstatehouse.gov/billsearch.php?billnumbers=3974&session=126&headerfooter=0,,,Concur in Senate Amendments,Yea,Passed
[H]-1221,2026-04-23T12:25:00.000-04:00,https://www.scstatehouse.gov/votehistory.php?KEY=27423,H.3650,Discharging firearms into dwellings and other structures,https://www.scstatehouse.gov/billsearch.php?billnumbers=3650&session=126&headerfooter=0,,,Concur in Senate Amendments,Yea,Passed
[H]-1222,2026-04-23T12:35:00.000-04:00,https://www.scstatehouse.gov/votehistory.php?KEY=27424,H.4270,Evictions,https://www.scstatehouse.gov/billsearch.php?billnumbers=4270&session=126&headerfooter=0,4,https://scstatehouse.gov/amendments.php?KEY=34475,Table Amendment 4 Amendment #4,Yea,Passed
[H]-1223,2026-04-23T12:38:00.000-04:00,https://www.scstatehouse.gov/votehistory.php?KEY=27425,H.4270,Evictions,https://www.scstatehouse.gov/billsearch.php?billnumbers=4270&session=126&headerfooter=0,,,Table Motion to Adjourn Debate,Yea,Passed
[H]-1224,2026-04-23T13:02:00.000-04:00,https://www.scstatehouse.gov/votehistory.php?KEY=27426,H.4270,Evictions,https://www.scstatehouse.gov/billsearch.php?billnumbers=4270&session=126&headerfooter=0,5,https://scstatehouse.gov/amendments.php?KEY=34478,Table Amendment 5 Amendment #5,Yea,Passed
[H]-1225,2026-04-23T13:05:00.000-04:00,https://www.scstatehouse.gov/votehistory.php?KEY=27427,H.4270,Evictions,https://www.scstatehouse.gov/billsearch.php?billnumbers=4270&session=126&headerfooter=0,6,https://scstatehouse.gov/amendments.php?KEY=34481,Table Amendment 6 Amendment #6,Yea,Passed
[H]-1226,2026-04-23T13:25:00.000-04:00,https://www.scstatehouse.gov/votehistory.php?KEY=27428,H.4270,Evictions,https://www.scstatehouse.gov/billsearch.php?billnumbers=4270&session=126&headerfooter=0,,,Passage of Bill,Yea,Passed
[H]-1227,2026-04-23T13:33:00.000-04:00,https://www.scstatehouse.gov/votehistory.php?KEY=27429,H.5018,"Agency Head Salary Commission, Governor and Lt. Governor",https://www.scstatehouse.gov/billsearch.php?billnumbers=5018&session=126&headerfooter=0,,,Passage of Bill,Yea,Passed
[H]-1228,2026-04-23T13:39:00.000-04:00,https://www.scstatehouse.gov/votehistory.php?KEY=27430,S.454,Charter School Accountability,https://www.scstatehouse.gov/billsearch.php?billnumbers=454&session=126&headerfooter=0,,,Passage of Bill,Yea,Passed
[H]-1230,2026-04-28T12:26:00.000-04:00,https://www.scstatehouse.gov/votehistory.php?KEY=27443, ,"Hon. J. Camden West, Berkeley Co. M-I-E",https://www.scstatehouse.gov/billsearch.php?billnumbers=undefined&session=126&headerfooter=0,,,,Yea,Passed
[H]-1231,2026-04-28T13:31:00.000-04:00,https://www.scstatehouse.gov/votehistory.php?KEY=27445,H.4270,Evictions,https://www.scstatehouse.gov/billsearch.php?billnumbers=4270&session=126&headerfooter=0,,,Table Motion to Commit,Yea,Failed
[H]-1233,2026-04-29T13:58:00.000-04:00,https://www.scstatehouse.gov/votehistory.php?KEY=27460,S.831,SCDOT Modernization,https://www.scstatehouse.gov/billsearch.php?billnumbers=831&session=126&headerfooter=0,,,Passage of Bill,Yea,Passed
[H]-1234,2026-04-29T14:04:00.000-04:00,https://www.scstatehouse.gov/votehistory.php?KEY=27461,H.4382,Nonprescription Ephedrine Products,https://www.scstatehouse.gov/billsearch.php?billnumbers=4382&session=126&headerfooter=0,,,Passage of Bill,Yea,Passed
[H]-1235,2026-04-29T14:36:00.000-04:00,https://www.scstatehouse.gov/votehistory.php?KEY=27463,H.5216,Energy,https://www.scstatehouse.gov/billsearch.php?billnumbers=5216&session=126&headerfooter=0,,,Passage of Bill,Yea,Passed
[H]-1236,2026-04-29T15:37:00.000-04:00,https://www.scstatehouse.gov/votehistory.php?KEY=27467,H.4641,Kratom,https://www.scstatehouse.gov/billsearch.php?billnumbers=4641&session=126&headerfooter=0,,,Passage of Bill,Yea,Passed
[H]-1237,2026-04-29T16:01:00.000-04:00,https://www.scstatehouse.gov/votehistory.php?KEY=27470,H.5504,Foreign Influence Operations Out of American Education Act,https://www.scstatehouse.gov/billsearch.php?billnumbers=5504&session=126&headerfooter=0,,,Passage of Bill,Yea,Passed
[H]-1238,2026-04-29T16:26:00.000-04:00,https://www.scstatehouse.gov/votehistory.php?KEY=27471,S.416,School Expulsion,https://www.scstatehouse.gov/billsearch.php?billnumbers=416&session=126&headerfooter=0,4,https://scstatehouse.gov/amendments.php?KEY=34539,Adopt Amendment 4 Amendment #4,Yea,Failed
[H]-1239,2026-04-29T16:33:00.000-04:00,https://www.scstatehouse.gov/votehistory.php?KEY=27478,S.416,School Expulsion,https://www.scstatehouse.gov/billsearch.php?billnumbers=416&session=126&headerfooter=0,5,https://scstatehouse.gov/amendments.php?KEY=34540,Adopt Amendment 5 Amendment #5,N/V,Failed
[H]-1240,2026-04-29T16:39:00.000-04:00,https://www.scstatehouse.gov/votehistory.php?KEY=27479,S.718,Removal of People from Vehicle Park,https://www.scstatehouse.gov/billsearch.php?billnumbers=718&session=126&headerfooter=0,,,Passage of Bill,Yea,Passed
[H]-1241,2026-04-29T16:42:00.000-04:00,https://www.scstatehouse.gov/votehistory.php?KEY=27480,S.150,Rental Kart Age Act,https://www.scstatehouse.gov/billsearch.php?billnumbers=150&session=126&headerfooter=0,,,Passage of Bill,Yea,Passed
[H]-1242,2026-04-29T16:44:00.000-04:00,https://www.scstatehouse.gov/votehistory.php?KEY=27481,S.715,Solicitation of Charitable Funds,https://www.scstatehouse.gov/billsearch.php?billnumbers=715&session=126&headerfooter=0,,,Passage of Bill,Yea,Passed
[H]-1243,2026-04-29T16:56:00.000-04:00,https://www.scstatehouse.gov/votehistory.php?KEY=27483,H.3371,Admissions tax exemption,https://www.scstatehouse.gov/billsearch.php?billnumbers=3371&session=126&headerfooter=0,,,Passage of Bill,Yea,Passed
[H]-1245,2026-04-30T10:48:00.000-04:00,https://www.scstatehouse.gov/votehistory.php?KEY=27507,H.5573,Spartanburg County Memorial Auditorium Commission,https://www.scstatehouse.gov/billsearch.php?billnumbers=5573&session=126&headerfooter=0,,,Passage of Bill,Yea,Passed
[H]-1246,2026-04-30T11:22:00.000-04:00,https://www.scstatehouse.gov/votehistory.php?KEY=27508,H.5488,Textiles revitalization,https://www.scstatehouse.gov/billsearch.php?billnumbers=5488&session=126&headerfooter=0,,,Passage of Bill,Yea,Passed
[H]-1247,2026-04-30T11:27:00.000-04:00,https://www.scstatehouse.gov/votehistory.php?KEY=27509,H.5122,Internet and Communications Service Providers Equipment,https://www.scstatehouse.gov/billsearch.php?billnumbers=5122&session=126&headerfooter=0,,,Passage of Bill,Yea,Passed
[H]-1248,2026-04-30T12:21:00.000-04:00,https://www.scstatehouse.gov/votehistory.php?KEY=27510,S.52,Driving under the influence,https://www.scstatehouse.gov/billsearch.php?billnumbers=52&session=126&headerfooter=0,,,Passage of Bill,Yea,Passed
[H]-1249,2026-04-30T12:34:00.000-04:00,https://www.scstatehouse.gov/votehistory.php?KEY=27511,S.831,SCDOT Modernization,https://www.scstatehouse.gov/billsearch.php?billnumbers=831&session=126&headerfooter=0,,,Passage of Bill,Yea,Passed
[H]-1250,2026-04-30T12:36:00.000-04:00,https://www.scstatehouse.gov/votehistory.php?KEY=27513,H.4641,Kratom,https://www.scstatehouse.gov/billsearch.php?billnumbers=4641&session=126&headerfooter=0,,,Passage of Bill,Yea,Passed
[H]-1251,2026-04-30T12:38:00.000-04:00,https://www.scstatehouse.gov/votehistory.php?KEY=27514,H.5504,Foreign Influence Operations Out of American Education Act,https://www.scstatehouse.gov/billsearch.php?billnumbers=5504&session=126&headerfooter=0,,,Passage of Bill,Yea,Passed
[H]-1252,2026-04-30T12:54:00.000-04:00,https://www.scstatehouse.gov/votehistory.php?KEY=27520,S.1108,Cornelia Brigham,https://www.scstatehouse.gov/billsearch.php?billnumbers=1108&session=126&headerfooter=0,,,Adjourn For The Day,Yea,Passed
[H]-1255,2026-05-05T14:44:00.000-04:00,https://www.scstatehouse.gov/votehistory.php?KEY=27527,S.196,Insurance Adjusters,https://www.scstatehouse.gov/billsearch.php?billnumbers=196&session=126&headerfooter=0,,,Passage of Bill,Yea,Passed
[H]-1256,2026-05-05T14:46:00.000-04:00,https://www.scstatehouse.gov/votehistory.php?KEY=27529,S.697,211 Network,https://www.scstatehouse.gov/billsearch.php?billnumbers=697&session=126&headerfooter=0,,,Passage of Bill,Yea,Passed
[H]-1257,2026-05-05T14:52:00.000-04:00,https://www.scstatehouse.gov/votehistory.php?KEY=27531,S.163,Cryptocurrency,https://www.scstatehouse.gov/billsearch.php?billnumbers=163&session=126&headerfooter=0,,,Passage of Bill,Yea,Passed
[H]-1258,2026-05-05T14:54:00.000-04:00,https://www.scstatehouse.gov/votehistory.php?KEY=27532,S.439,Manufacturing property tax exemption,https://www.scstatehouse.gov/billsearch.php?billnumbers=439&session=126&headerfooter=0,,,Passage of Bill,Yea,Passed
[H]-1259,2026-05-05T15:00:00.000-04:00,https://www.scstatehouse.gov/votehistory.php?KEY=27533,S.582,Ratify Constitutional Amendment,https://www.scstatehouse.gov/billsearch.php?billnumbers=582&session=126&headerfooter=0,,,Passage of Bill,Yea,Passed
[H]-1260,2026-05-05T15:03:00.000-04:00,https://www.scstatehouse.gov/votehistory.php?KEY=27534,S.357,Mail Theft,https://www.scstatehouse.gov/billsearch.php?billnumbers=357&session=126&headerfooter=0,,,Passage of Bill,Yea,Passed
[H]-1261,2026-05-05T15:07:00.000-04:00,https://www.scstatehouse.gov/votehistory.php?KEY=27535,S.769,Continuing Resolution,https://www.scstatehouse.gov/billsearch.php?billnumbers=769&session=126&headerfooter=0,,,Passage of Joint Resolution,Yea,Passed
[H]-1262,2026-05-05T15:11:00.000-04:00,https://www.scstatehouse.gov/votehistory.php?KEY=27536,S.893,SUPERB Law,https://www.scstatehouse.gov/billsearch.php?billnumbers=893&session=126&headerfooter=0,,,Passage of Bill,Yea,Passed
[H]-1263,2026-05-05T15:26:00.000-04:00,https://www.scstatehouse.gov/votehistory.php?KEY=27540,S.585,Motor Vehicle Registration,https://www.scstatehouse.gov/billsearch.php?billnumbers=585&session=126&headerfooter=0,,,Concur in Senate Amendments,Yea,Passed
[H]-1264,2026-05-05T15:32:00.000-04:00,https://www.scstatehouse.gov/votehistory.php?KEY=27541,H.4042,Ivermectin,https://www.scstatehouse.gov/billsearch.php?billnumbers=4042&session=126&headerfooter=0,,,Passage of Bill,Yea,Passed
[H]-1266,2026-05-06T11:45:00.000-04:00,https://www.scstatehouse.gov/votehistory.php?KEY=27559,H.5641,Florence Memorial Stadium Commission,https://www.scstatehouse.gov/billsearch.php?billnumbers=5641&session=126&headerfooter=0,,,Passage of Bill,Yea,Passed
[H]-1267,2026-05-06T11:51:00.000-04:00,https://www.scstatehouse.gov/votehistory.php?KEY=27560,S.238,Sine Die,https://www.scstatehouse.gov/billsearch.php?billnumbers=238&session=126&headerfooter=0,,,Passage of Bill,Yea,Passed
[H]-1268,2026-05-06T11:56:00.000-04:00,https://www.scstatehouse.gov/votehistory.php?KEY=27561,S.863,Culinary Arts Management Degree,https://www.scstatehouse.gov/billsearch.php?billnumbers=863&session=126&headerfooter=0,,,Passage of Bill,Yea,Passed
[H]-1269,2026-05-06T12:09:00.000-04:00,https://www.scstatehouse.gov/votehistory.php?KEY=27562,S.812,Stop-as-Yield Law,https://www.scstatehouse.gov/billsearch.php?billnumbers=812&session=126&headerfooter=0,,,Passage of Bill,Yea,Passed
[H]-1270,2026-05-06T12:20:00.000-04:00,https://www.scstatehouse.gov/votehistory.php?KEY=27563,H.3022,Long Term Care Council,https://www.scstatehouse.gov/billsearch.php?billnumbers=3022&session=126&headerfooter=0,1A,https://scstatehouse.gov/amendments.php?KEY=34606,Adopt Amendment 1A Amendment #1A,Yea,Passed
[H]-1271,2026-05-06T12:24:00.000-04:00,https://www.scstatehouse.gov/votehistory.php?KEY=27566,H.3034,"Fargo's, Hyco's, Rico's, Coba's, Wick's, and Mikka's Law",https://www.scstatehouse.gov/billsearch.php?billnumbers=3034&session=126&headerfooter=0,,,Concur in Senate Amendments,Yea,Passed
[H]-1272,2026-05-06T12:26:00.000-04:00,https://www.scstatehouse.gov/votehistory.php?KEY=27567,H.3453,Veterans' Children Tuition Assistance,https://www.scstatehouse.gov/billsearch.php?billnumbers=3453&session=126&headerfooter=0,,,Concur in Senate Amendments,N/V,Passed
[H]-1273,2026-05-06T12:28:00.000-04:00,https://www.scstatehouse.gov/votehistory.php?KEY=27568,H.3842,Medical authorization of handicap placards,https://www.scstatehouse.gov/billsearch.php?billnumbers=3842&session=126&headerfooter=0,,,Concur in Senate Amendments,Yea,Passed
[H]-1274,2026-05-06T12:30:00.000-04:00,https://www.scstatehouse.gov/votehistory.php?KEY=27569,H.3872,Hunting Heritage Protect Act,https://www.scstatehouse.gov/billsearch.php?billnumbers=3872&session=126&headerfooter=0,,,Concur in Senate Amendments,N/V,Passed
[H]-1275,2026-05-06T12:31:00.000-04:00,https://www.scstatehouse.gov/votehistory.php?KEY=27570,H.5064,Northeast Technical College Area Commission,https://www.scstatehouse.gov/billsearch.php?billnumbers=5064&session=126&headerfooter=0,,,Concur in Senate Amendments,N/V,Passed
[H]-1276,2026-05-06T12:33:00.000-04:00,https://www.scstatehouse.gov/votehistory.php?KEY=27571,H.5073,Public school grading,https://www.scstatehouse.gov/billsearch.php?billnumbers=5073&session=126&headerfooter=0,,,Concur in Senate Amendments,Yea,Passed
[H]-1277,2026-05-06T12:35:00.000-04:00,https://www.scstatehouse.gov/votehistory.php?KEY=27572,H.5131,Tribal Governments Special License Plates,https://www.scstatehouse.gov/billsearch.php?billnumbers=5131&session=126&headerfooter=0,,,Concur in Senate Amendments,N/V,Passed
[H]-1278,2026-05-06T12:36:00.000-04:00,https://www.scstatehouse.gov/votehistory.php?KEY=27573,H.5205,College Safety Training Programs for Students,https://www.scstatehouse.gov/billsearch.php?billnumbers=5205&session=126&headerfooter=0,,,Concur in Senate Amendments,Yea,Passed
[H]-1279,2026-05-06T14:18:00.000-04:00,https://www.scstatehouse.gov/votehistory.php?KEY=27584,H.5126,Budget,https://www.scstatehouse.gov/billsearch.php?billnumbers=5126&session=126&headerfooter=0,1ASUB,https://scstatehouse.gov/amendments.php?KEY=34610,Adopt Amendment 1A Amendment #1ASUB,Yea,Passed
[H]-1280,2026-05-06T14:20:00.000-04:00,https://www.scstatehouse.gov/votehistory.php?KEY=27585,H.5126,Budget,https://www.scstatehouse.gov/billsearch.php?billnumbers=5126&session=126&headerfooter=0,3A,https://scstatehouse.gov/amendments.php?KEY=34615,Adopt Amendment 3A Amendment #3A,Yea,Passed
[H]-1281,2026-05-06T14:23:00.000-04:00,https://www.scstatehouse.gov/votehistory.php?KEY=27586,H.5126,Budget,https://www.scstatehouse.gov/billsearch.php?billnumbers=5126&session=126&headerfooter=0,4A,https://scstatehouse.gov/amendments.php?KEY=34616,Adopt Amendment 4A Amendment #4A,Yea,Passed
[H]-1282,2026-05-06T14:52:00.000-04:00,https://www.scstatehouse.gov/votehistory.php?KEY=27587,H.5126,Budget,https://www.scstatehouse.gov/billsearch.php?billnumbers=5126&session=126&headerfooter=0,7ASUB,https://scstatehouse.gov/amendments.php?KEY=34624,Adopt Amendment 7A Amendment #7ASUB,Yea,Passed
[H]-1283,2026-05-06T14:59:00.000-04:00,https://www.scstatehouse.gov/votehistory.php?KEY=27588,H.5126,Budget,https://www.scstatehouse.gov/billsearch.php?billnumbers=5126&session=126&headerfooter=0,9A,https://scstatehouse.gov/amendments.php?KEY=34626,Adopt Amendment 9A Amendment #9A,Yea,Failed
[H]-1284,2026-05-06T15:01:00.000-04:00,https://www.scstatehouse.gov/votehistory.php?KEY=27589,H.5126,Budget,https://www.scstatehouse.gov/billsearch.php?billnumbers=5126&session=126&headerfooter=0,10ASUB,https://scstatehouse.gov/amendments.php?KEY=34627,Adopt Amendment 10A Amendment #10ASUB,N/V,Passed
[H]-1285,2026-05-06T15:05:00.000-04:00,https://www.scstatehouse.gov/votehistory.php?KEY=27590,H.5126,Budget,https://www.scstatehouse.gov/billsearch.php?billnumbers=5126&session=126&headerfooter=0,11A,https://scstatehouse.gov/amendments.php?KEY=34629,Adopt Amendment 11A Amendment #11A,Yea,Passed
[H]-1286,2026-05-06T15:08:00.000-04:00,https://www.scstatehouse.gov/votehistory.php?KEY=27591,H.5126,Budget,https://www.scstatehouse.gov/billsearch.php?billnumbers=5126&session=126&headerfooter=0,12A,https://scstatehouse.gov/amendments.php?KEY=34630,Adopt Amendment 12A Amendment #12A,Yea,Passed
[H]-1287,2026-05-06T15:18:00.000-04:00,https://www.scstatehouse.gov/votehistory.php?KEY=27593,H.5126,Budget,https://www.scstatehouse.gov/billsearch.php?billnumbers=5126&session=126&headerfooter=0,15A,https://scstatehouse.gov/amendments.php?KEY=34634,Adopt Amendment 15A Amendment #15A,Yea,Passed
[H]-1288,2026-05-06T15:24:00.000-04:00,https://www.scstatehouse.gov/votehistory.php?KEY=27594,H.5126,Budget,https://www.scstatehouse.gov/billsearch.php?billnumbers=5126&session=126&headerfooter=0,17A,https://scstatehouse.gov/amendments.php?KEY=34636,Adopt Amendment 17A Amendment #17A,Nay,Failed
[H]-1289,2026-05-06T15:48:00.000-04:00,https://www.scstatehouse.gov/votehistory.php?KEY=27595,H.5126,Budget,https://www.scstatehouse.gov/billsearch.php?billnumbers=5126&session=126&headerfooter=0,18ASUB,https://scstatehouse.gov/amendments.php?KEY=34637,Table Amendment 18A Amendment #18ASUB,Yea,Passed
[H]-1290,2026-05-06T15:55:00.000-04:00,https://www.scstatehouse.gov/votehistory.php?KEY=27599,H.5126,Budget,https://www.scstatehouse.gov/billsearch.php?billnumbers=5126&session=126&headerfooter=0,19A,https://scstatehouse.gov/amendments.php?KEY=34639,Table Amendment 19A Amendment #19A,Yea,Passed
[H]-1291,2026-05-06T15:58:00.000-04:00,https://www.scstatehouse.gov/votehistory.php?KEY=27601,H.5126,Budget,https://www.scstatehouse.gov/billsearch.php?billnumbers=5126&session=126&headerfooter=0,20A,https://scstatehouse.gov/amendments.php?KEY=34642,Adopt Amendment 20A Amendment #20A,Yea,Passed
[H]-1292,2026-05-06T16:13:00.000-04:00,https://www.scstatehouse.gov/votehistory.php?KEY=27603,H.5126,Budget,https://www.scstatehouse.gov/billsearch.php?billnumbers=5126&session=126&headerfooter=0,23A,https://scstatehouse.gov/amendments.php?KEY=34647,Adopt Amendment 23A Amendment #23A,Yea,Passed
[H]-1293,2026-05-06T16:18:00.000-04:00,https://www.scstatehouse.gov/votehistory.php?KEY=27604,H.5126,Budget,https://www.scstatehouse.gov/billsearch.php?billnumbers=5126&session=126&headerfooter=0,25A,https://scstatehouse.gov/amendments.php?KEY=34650,Table Amendment 25A Amendment #25A,Yea,Passed
[H]-1294,2026-05-06T16:22:00.000-04:00,https://www.scstatehouse.gov/votehistory.php?KEY=27605,H.5126,Budget,https://www.scstatehouse.gov/billsearch.php?billnumbers=5126&session=126&headerfooter=0,26A,https://scstatehouse.gov/amendments.php?KEY=34654,Adopt Amendment 26A Amendment #26A,Yea,Passed
[H]-1295,2026-05-06T16:30:00.000-04:00,https://www.scstatehouse.gov/votehistory.php?KEY=27608,H.5126,Budget,https://www.scstatehouse.gov/billsearch.php?billnumbers=5126&session=126&headerfooter=0,27A,https://scstatehouse.gov/amendments.php?KEY=34655,Adopt Amendment 27A Amendment #27A,Yea,Passed
[H]-1296,2026-05-06T16:33:00.000-04:00,https://www.scstatehouse.gov/votehistory.php?KEY=27609,H.5126,Budget,https://www.scstatehouse.gov/billsearch.php?billnumbers=5126&session=126&headerfooter=0,28A,https://scstatehouse.gov/amendments.php?KEY=34657,Table Amendment 28A Amendment #28A,Yea,Passed
[H]-1297,2026-05-06T16:37:00.000-04:00,https://www.scstatehouse.gov/votehistory.php?KEY=27611,H.5126,Budget,https://www.scstatehouse.gov/billsearch.php?billnumbers=5126&session=126&headerfooter=0,29A,https://scstatehouse.gov/amendments.php?KEY=34658,Adopt Amendment 29A Amendment #29A,N/V,Passed
[H]-1298,2026-05-06T16:39:00.000-04:00,https://www.scstatehouse.gov/votehistory.php?KEY=27612,H.5126,Budget,https://www.scstatehouse.gov/billsearch.php?billnumbers=5126&session=126&headerfooter=0,30A,https://scstatehouse.gov/amendments.php?KEY=34659,Adopt Amendment 30A Amendment #30A,N/V,Passed
[H]-1299,2026-05-06T16:46:00.000-04:00,https://www.scstatehouse.gov/votehistory.php?KEY=27613,H.5126,Budget,https://www.scstatehouse.gov/billsearch.php?billnumbers=5126&session=126&headerfooter=0,30A,https://scstatehouse.gov/amendments.php?KEY=34659,Table Motion to Reconsider Amendment 30A Amendment #30A,Yea,Passed
[H]-1300,2026-05-06T16:52:00.000-04:00,https://www.scstatehouse.gov/votehistory.php?KEY=27615,H.5126,Budget,https://www.scstatehouse.gov/billsearch.php?billnumbers=5126&session=126&headerfooter=0,34,https://scstatehouse.gov/amendments.php?KEY=34666,Adopt Amendment 34A Amendment #34,Yea,Passed
[H]-1301,2026-05-06T16:53:00.000-04:00,https://www.scstatehouse.gov/votehistory.php?KEY=27616,H.5126,Budget,https://www.scstatehouse.gov/billsearch.php?billnumbers=5126&session=126&headerfooter=0,35,https://scstatehouse.gov/amendments.php?KEY=34667,Adopt Amendment 35A Amendment #35,Yea,Passed
[H]-1302,2026-05-06T17:06:00.000-04:00,https://www.scstatehouse.gov/votehistory.php?KEY=27617,H.5126,Budget,https://www.scstatehouse.gov/billsearch.php?billnumbers=5126&session=126&headerfooter=0,36A,https://scstatehouse.gov/amendments.php?KEY=34668,Table Amendment 36A Amendment #36A,N/V,Passed
[H]-1303,2026-05-06T18:23:00.000-04:00,https://www.scstatehouse.gov/votehistory.php?KEY=27619,S.883,Sine Die 2026,https://www.scstatehouse.gov/billsearch.php?billnumbers=883&session=126&headerfooter=0,,,Adjourn For The Day,Yea,Failed
[H]-1304,2026-05-06T19:00:00.000-04:00,https://www.scstatehouse.gov/votehistory.php?KEY=27620,S.883,Sine Die 2026,https://www.scstatehouse.gov/billsearch.php?billnumbers=883&session=126&headerfooter=0,1,https://scstatehouse.gov/amendments.php?KEY=34670,Adopt Amendment 1 Amendment #1,Nay,Passed
[H]-1305,2026-05-06T19:03:00.000-04:00,https://www.scstatehouse.gov/votehistory.php?KEY=27621,S.883,Sine Die 2026,https://www.scstatehouse.gov/billsearch.php?billnumbers=883&session=126&headerfooter=0,,,Table Motin to Reconsider the Vote,Nay,Passed
[H]-1306,2026-05-06T19:12:00.000-04:00,https://www.scstatehouse.gov/votehistory.php?KEY=27622,S.883,Sine Die 2026,https://www.scstatehouse.gov/billsearch.php?billnumbers=883&session=126&headerfooter=0,3,https://scstatehouse.gov/amendments.php?KEY=34676,Table Amendment 3 Amendment #3,Nay,Passed
[H]-1307,2026-05-06T19:16:00.000-04:00,https://www.scstatehouse.gov/votehistory.php?KEY=27623,S.883,Sine Die 2026,https://www.scstatehouse.gov/billsearch.php?billnumbers=883&session=126&headerfooter=0,4,https://scstatehouse.gov/amendments.php?KEY=34677,Table Amendment 4 Amendment #4,Nay,Passed
[H]-1308,2026-05-06T19:18:00.000-04:00,https://www.scstatehouse.gov/votehistory.php?KEY=27624,S.883,Sine Die 2026,https://www.scstatehouse.gov/billsearch.php?billnumbers=883&session=126&headerfooter=0,,,Passage of Bill,Nay,Passed
[H]-1310,2026-05-07T10:50:00.000-04:00,https://www.scstatehouse.gov/votehistory.php?KEY=27627,H.5097,Roadside Markets,https://www.scstatehouse.gov/billsearch.php?billnumbers=5097&session=126&headerfooter=0,,,Concur in Senate Amendments,Yea,Passed
[H]-1311,2026-05-07T10:55:00.000-04:00,https://www.scstatehouse.gov/votehistory.php?KEY=27628,H.4813,Magistrate court fees and costs,https://www.scstatehouse.gov/billsearch.php?billnumbers=4813&session=126&headerfooter=0,,,Concur in Senate Amendments,Yea,Passed
[H]-1312,2026-05-07T11:51:00.000-04:00,https://www.scstatehouse.gov/votehistory.php?KEY=27632,H.5653,Lee County School District Board of Trustees,https://www.scstatehouse.gov/billsearch.php?billnumbers=5653&session=126&headerfooter=0,,,Passage of Bill,Yea,Passed
[H]-1313,2026-05-07T13:04:00.000-04:00,https://www.scstatehouse.gov/votehistory.php?KEY=27641,S.508,Monument and Memorial Protection,https://www.scstatehouse.gov/billsearch.php?billnumbers=508&session=126&headerfooter=0,6,https://scstatehouse.gov/amendments.php?KEY=34685,Table Amendment 6 Amendment #6,N/V,Passed
[H]-1314,2026-05-07T13:39:00.000-04:00,https://www.scstatehouse.gov/votehistory.php?KEY=27642,S.508,Monument and Memorial Protection,https://www.scstatehouse.gov/billsearch.php?billnumbers=508&session=126&headerfooter=0,10,https://scstatehouse.gov/amendments.php?KEY=34695,Table Amendment 10 Amendment #10,Nay,Passed
[H]-1315,2026-05-07T13:43:00.000-04:00,https://www.scstatehouse.gov/votehistory.php?KEY=27643,S.508,Monument and Memorial Protection,https://www.scstatehouse.gov/billsearch.php?billnumbers=508&session=126&headerfooter=0,11,https://scstatehouse.gov/amendments.php?KEY=34698,Table Amendment 11 Amendment #11,Nay,Passed
[H]-1316,2026-05-07T13:49:00.000-04:00,https://www.scstatehouse.gov/votehistory.php?KEY=27644,S.508,Monument and Memorial Protection,https://www.scstatehouse.gov/billsearch.php?billnumbers=508&session=126&headerfooter=0,13,https://scstatehouse.gov/amendments.php?KEY=34699,Table Amendment 13 Amendment #13,Nay,Passed
[H]-1317,2026-05-07T14:02:00.000-04:00,https://www.scstatehouse.gov/votehistory.php?KEY=27645,S.508,Monument and Memorial Protection,https://www.scstatehouse.gov/billsearch.php?billnumbers=508&session=126&headerfooter=0,,,Passage of Bill,Nay,Passed
[H]-1318,2026-05-07T14:15:00.000-04:00,https://www.scstatehouse.gov/votehistory.php?KEY=27648,S.857,Contingent Deferred Annuities,https://www.scstatehouse.gov/billsearch.php?billnumbers=857&session=126&headerfooter=0,,,Passage of Bill,Yea,Passed
[H]-1319,2026-05-07T14:19:00.000-04:00,https://www.scstatehouse.gov/votehistory.php?KEY=27649,S.619,Insurer liquidation,https://www.scstatehouse.gov/billsearch.php?billnumbers=619&session=126&headerfooter=0,,,Passage of Bill,Yea,Passed
[H]-1320,2026-05-07T14:21:00.000-04:00,https://www.scstatehouse.gov/votehistory.php?KEY=27650,S.780,Consumer Home Loans,https://www.scstatehouse.gov/billsearch.php?billnumbers=780&session=126&headerfooter=0,,,Passage of Bill,Yea,Passed
[H]-1321,2026-05-07T14:24:00.000-04:00,https://www.scstatehouse.gov/votehistory.php?KEY=27651,S.787,Bridge Loans,https://www.scstatehouse.gov/billsearch.php?billnumbers=787&session=126&headerfooter=0,,,Passage of Bill,Yea,Passed
[H]-1322,2026-05-07T14:27:00.000-04:00,https://www.scstatehouse.gov/votehistory.php?KEY=27657,S.830,Automobile Insurance Issuance,https://www.scstatehouse.gov/billsearch.php?billnumbers=830&session=126&headerfooter=0,,,Passage of Bill,Yea,Passed
[H]-1323,2026-05-07T14:38:00.000-04:00,https://www.scstatehouse.gov/votehistory.php?KEY=27658,S.711,School Guard Requirements,https://www.scstatehouse.gov/billsearch.php?billnumbers=711&session=126&headerfooter=0,,,Passage of Bill,Yea,Passed
[H]-1324,2026-05-07T14:41:00.000-04:00,https://www.scstatehouse.gov/votehistory.php?KEY=27659,S.695,Unauthorized Fees for Claim Assistance,https://www.scstatehouse.gov/billsearch.php?billnumbers=695&session=126&headerfooter=0,,,Passage of Bill,Yea,Passed
[H]-1325,2026-05-07T14:44:00.000-04:00,https://www.scstatehouse.gov/votehistory.php?KEY=27660,S.868,Gold Shield Day,https://www.scstatehouse.gov/billsearch.php?billnumbers=868&session=126&headerfooter=0,,,Passage of Bill,Yea,Passed
[H]-1326,2026-05-07T14:47:00.000-04:00,https://www.scstatehouse.gov/votehistory.php?KEY=27664,S.1062,JR to Approve Reg. Doc. No. 5443,https://www.scstatehouse.gov/billsearch.php?billnumbers=1062&session=126&headerfooter=0,,,Passage of Joint Resolution,Yea,Passed
[H]-1327,2026-05-07T14:51:00.000-04:00,https://www.scstatehouse.gov/votehistory.php?KEY=27665,S.961,Red Drum,https://www.scstatehouse.gov/billsearch.php?billnumbers=961&session=126&headerfooter=0,,,Passage of Bill,Yea,Passed
[H]-1329,2026-05-12T12:54:00.000-04:00,https://www.scstatehouse.gov/votehistory.php?KEY=27668,S.1162,Anderson County School District No. 2,https://www.scstatehouse.gov/billsearch.php?billnumbers=1162&session=126&headerfooter=0,,,Passage of Bill,Yea,Passed
[H]-1330,2026-05-12T13:21:00.000-04:00,https://www.scstatehouse.gov/votehistory.php?KEY=27669,S.831,SCDOT Modernization,https://www.scstatehouse.gov/billsearch.php?billnumbers=831&session=126&headerfooter=0,,,Adopt Conference Report,Yea,Passed
[H]-1331,2026-05-12T13:24:00.000-04:00,https://www.scstatehouse.gov/votehistory.php?KEY=27671,S.819,Nursing Homes TB Tests,https://www.scstatehouse.gov/billsearch.php?billnumbers=819&session=126&headerfooter=0,,,Passage of Bill,Yea,Passed
[H]-1332,2026-05-12T13:26:00.000-04:00,https://www.scstatehouse.gov/votehistory.php?KEY=27672,S.894,Death Certificate Filing Deadline Exception,https://www.scstatehouse.gov/billsearch.php?billnumbers=894&session=126&headerfooter=0,,,Passage of Bill,Yea,Passed
[H]-1333,2026-05-12T13:28:00.000-04:00,https://www.scstatehouse.gov/votehistory.php?KEY=27673,S.453,Teledentistry,https://www.scstatehouse.gov/billsearch.php?billnumbers=453&session=126&headerfooter=0,,,Passage of Bill,Yea,Passed
[H]-1334,2026-05-12T13:37:00.000-04:00,https://www.scstatehouse.gov/votehistory.php?KEY=27674,S.436,Aircraft,https://www.scstatehouse.gov/billsearch.php?billnumbers=436&session=126&headerfooter=0,,,Passage of Bill,Yea,Passed
[H]-1335,2026-05-12T13:40:00.000-04:00,https://www.scstatehouse.gov/votehistory.php?KEY=27675,S.1005,Judicial Salaries,https://www.scstatehouse.gov/billsearch.php?billnumbers=1005&session=126&headerfooter=0,,,Passage of Bill,Yea,Passed
[H]-1336,2026-05-12T13:43:00.000-04:00,https://www.scstatehouse.gov/votehistory.php?KEY=27676,S.829,Joint System Governance,https://www.scstatehouse.gov/billsearch.php?billnumbers=829&session=126&headerfooter=0,,,Passage of Bill,Yea,Passed
[H]-1337,2026-05-12T13:47:00.000-04:00,https://www.scstatehouse.gov/votehistory.php?KEY=27679,S.222,Utility terrain vehicle,https://www.scstatehouse.gov/billsearch.php?billnumbers=222&session=126&headerfooter=0,,,Passage of Bill,Yea,Passed
[H]-1338,2026-05-12T13:50:00.000-04:00,https://www.scstatehouse.gov/votehistory.php?KEY=27680,S.688,DEW UI Tax Code,https://www.scstatehouse.gov/billsearch.php?billnumbers=688&session=126&headerfooter=0,,,Passage of Bill,Yea,Passed
[H]-1339,2026-05-12T13:52:00.000-04:00,https://www.scstatehouse.gov/votehistory.php?KEY=27681,S.1011,Barnwell National Guard Armory,https://www.scstatehouse.gov/billsearch.php?billnumbers=1011&session=126&headerfooter=0,,,Passage of Joint Resolution,Yea,Passed
[H]-1341,2026-05-13T10:23:00.000-04:00,https://www.scstatehouse.gov/votehistory.php?KEY=27703,H.4679,South Carolina Drone Regulation and Public Safety Act,https://www.scstatehouse.gov/billsearch.php?billnumbers=4679&session=126&headerfooter=0,,,Concur in Senate Amendments,Yea,Passed
[H]-1342,2026-05-13T10:31:00.000-04:00,https://www.scstatehouse.gov/votehistory.php?KEY=27704,H.3569,Domestic violence in rental properties,https://www.scstatehouse.gov/billsearch.php?billnumbers=3569&session=126&headerfooter=0,Amendment number 1a,https://scstatehouse.gov/amendments.php?KEY=34743,Adopt Amendment 1A Amendment #1a,Yea,Passed
[H]-1343,2026-05-13T10:35:00.000-04:00,https://www.scstatehouse.gov/votehistory.php?KEY=27705,S.454,Charter School Accountability,https://www.scstatehouse.gov/billsearch.php?billnumbers=454&session=126&headerfooter=0,,,Concur in Senate Amendments,Yea,Passed
[H]-1344,2026-05-13T11:14:00.000-04:00,https://www.scstatehouse.gov/votehistory.php?KEY=27707,S.958,Hallway Beds,https://www.scstatehouse.gov/billsearch.php?billnumbers=958&session=126&headerfooter=0,,,Passage of Bill,Yea,Passed
[H]-1345,2026-05-13T11:18:00.000-04:00,https://www.scstatehouse.gov/votehistory.php?KEY=27709,S.1038,Religious Liberty Day,https://www.scstatehouse.gov/billsearch.php?billnumbers=1038&session=126&headerfooter=0,,,Passage of Bill,Yea,Passed
[H]-1346,2026-05-13T11:21:00.000-04:00,https://www.scstatehouse.gov/votehistory.php?KEY=27711,S.765,Dues for SC Wildlife Law Enforcement Officers Association,https://www.scstatehouse.gov/billsearch.php?billnumbers=765&session=126&headerfooter=0,,,Passage of Bill,Yea,Passed
[H]-1347,2026-05-13T11:27:00.000-04:00,https://www.scstatehouse.gov/votehistory.php?KEY=27713,S.420,Investment of Funds by Political Subdivisions,https://www.scstatehouse.gov/billsearch.php?billnumbers=420&session=126&headerfooter=0,,,Passage of Bill,Yea,Passed
[H]-1348,2026-05-13T11:31:00.000-04:00,https://www.scstatehouse.gov/votehistory.php?KEY=27716,S.399,Public Transit Trespass,https://www.scstatehouse.gov/billsearch.php?billnumbers=399&session=126&headerfooter=0,,,Passage of Bill,Yea,Passed
[H]-1349,2026-05-13T11:33:00.000-04:00,https://www.scstatehouse.gov/votehistory.php?KEY=27717,S.428,Fraudulent Check Expungement,https://www.scstatehouse.gov/billsearch.php?billnumbers=428&session=126&headerfooter=0,,,Passage of Bill,Yea,Passed
[H]-1350,2026-05-13T11:37:00.000-04:00,https://www.scstatehouse.gov/votehistory.php?KEY=27718,S.845,Child Fatality Advisory Committee,https://www.scstatehouse.gov/billsearch.php?billnumbers=845&session=126&headerfooter=0,,,Passage of Bill,Yea,Passed
[H]-1351,2026-05-13T11:43:00.000-04:00,https://www.scstatehouse.gov/votehistory.php?KEY=27721,S.996,Fingerprint Background Checks Update,https://www.scstatehouse.gov/billsearch.php?billnumbers=996&session=126&headerfooter=0,,,Passage of Bill,Yea,Passed
[H]-1352,2026-05-13T11:55:00.000-04:00,https://www.scstatehouse.gov/votehistory.php?KEY=27723,H.5506,Pee Dee Regional Airport Authority,https://www.scstatehouse.gov/billsearch.php?billnumbers=5506&session=126&headerfooter=0,,,Concur in Senate Amendments,Yea,Passed
[H]-1353,2026-05-13T11:59:00.000-04:00,https://www.scstatehouse.gov/votehistory.php?KEY=27724,H.4188,"Coroners, disposition of unidentified or unclaimed remains",https://www.scstatehouse.gov/billsearch.php?billnumbers=4188&session=126&headerfooter=0,,,Concur in Senate Amendments,Yea,Passed
[H]-1354,2026-05-13T12:03:00.000-04:00,https://www.scstatehouse.gov/votehistory.php?KEY=27725,H.3874,Workers' compensation,https://www.scstatehouse.gov/billsearch.php?billnumbers=3874&session=126&headerfooter=0,,,Concur in Senate Amendments,Yea,Passed
[H]-1355,2026-05-13T12:15:00.000-04:00,https://www.scstatehouse.gov/votehistory.php?KEY=27727,S.52,Driving under the influence,https://www.scstatehouse.gov/billsearch.php?billnumbers=52&session=126&headerfooter=0,,,Concur in Senate Amendments,Nay,Failed
[H]-1356,2026-05-13T12:18:00.000-04:00,https://www.scstatehouse.gov/votehistory.php?KEY=27730,H.4477,Heirs' property,https://www.scstatehouse.gov/billsearch.php?billnumbers=4477&session=126&headerfooter=0,,,Concur in Senate Amendments,Yea,Passed
[H]-1357,2026-05-13T12:20:00.000-04:00,https://www.scstatehouse.gov/votehistory.php?KEY=27731,H.3841,Property tax,https://www.scstatehouse.gov/billsearch.php?billnumbers=3841&session=126&headerfooter=0,,,Concur in Senate Amendments,Yea,Passed
[H]-1358,2026-05-13T12:23:00.000-04:00,https://www.scstatehouse.gov/votehistory.php?KEY=27733,H.3049,Uniform Civil Remedies for Unauthorized Disclosure of Intimate Images Act,https://www.scstatehouse.gov/billsearch.php?billnumbers=3049&session=126&headerfooter=0,,,Concur in Senate Amendments,Yea,Passed
[H]-1359,2026-05-13T12:27:00.000-04:00,https://www.scstatehouse.gov/votehistory.php?KEY=27734,H.5069,SC Protected Lands and Conservation Coordination Act,https://www.scstatehouse.gov/billsearch.php?billnumbers=5069&session=126&headerfooter=0,,,Concur in Senate Amendments,Yea,Passed
[H]-1360,2026-05-13T12:29:00.000-04:00,https://www.scstatehouse.gov/votehistory.php?KEY=27736,H.4305,Wellness reimbursement program,https://www.scstatehouse.gov/billsearch.php?billnumbers=4305&session=126&headerfooter=0,,,Concur in Senate Amendments,Yea,Passed
[H]-1361,2026-05-13T12:32:00.000-04:00,https://www.scstatehouse.gov/votehistory.php?KEY=27738,H.5573,Spartanburg County Memorial Auditorium Commission,https://www.scstatehouse.gov/billsearch.php?billnumbers=5573&session=126&headerfooter=0,1,https://scstatehouse.gov/amendments.php?KEY=34758,Adopt Amendment 1 Amendment #1,Yea,Passed
[H]-1362,2026-05-13T12:35:00.000-04:00,https://www.scstatehouse.gov/votehistory.php?KEY=27740,H.5537,Dillon National Guard Armory,https://www.scstatehouse.gov/billsearch.php?billnumbers=5537&session=126&headerfooter=0,,,Concur in Senate Amendments,Yea,Passed
[H]-1363,2026-05-13T12:37:00.000-04:00,https://www.scstatehouse.gov/votehistory.php?KEY=27741,S.238,Sine Die,https://www.scstatehouse.gov/billsearch.php?billnumbers=238&session=126&headerfooter=0,,,Concur in Senate Amendments,Yea,Passed
[H]-1364,2026-05-13T14:30:00.000-04:00,https://www.scstatehouse.gov/votehistory.php?KEY=27743,H.3558,Commissioners to Article V Convention,https://www.scstatehouse.gov/billsearch.php?billnumbers=3558&session=126&headerfooter=0,,,Concur in Senate Amendments,Nay,Passed
[H]-1365,2026-05-13T14:52:00.000-04:00,https://www.scstatehouse.gov/votehistory.php?KEY=27746,S.556,Renewable Natural Gas,https://www.scstatehouse.gov/billsearch.php?billnumbers=556&session=126&headerfooter=0,,,Passage of Bill,Yea,Passed
[H]-1366,2026-05-13T15:05:00.000-04:00,https://www.scstatehouse.gov/votehistory.php?KEY=27747,S.823,Child Welfare,https://www.scstatehouse.gov/billsearch.php?billnumbers=823&session=126&headerfooter=0,,,Passage of Bill,Yea,Passed
[H]-1367,2026-05-13T15:08:00.000-04:00,https://www.scstatehouse.gov/votehistory.php?KEY=27748,S.751,Prohibition of sale of nitrous oxide to minors,https://www.scstatehouse.gov/billsearch.php?billnumbers=751&session=126&headerfooter=0,,,Passage of Bill,Yea,Passed
[H]-1368,2026-05-13T15:11:00.000-04:00,https://www.scstatehouse.gov/votehistory.php?KEY=27749,S.70,School Board Ethics,https://www.scstatehouse.gov/billsearch.php?billnumbers=70&session=126&headerfooter=0,,,Passage of Bill,Yea,Passed
[H]-1369,2026-05-13T15:15:00.000-04:00,https://www.scstatehouse.gov/votehistory.php?KEY=27751,S.851,Protection from Financial Exploitation,https://www.scstatehouse.gov/billsearch.php?billnumbers=851&session=126&headerfooter=0,,,Passage of Bill,Yea,Passed
[H]-1370,2026-05-13T15:17:00.000-04:00,https://www.scstatehouse.gov/votehistory.php?KEY=27753,S.935,Seizures in the Workplace,https://www.scstatehouse.gov/billsearch.php?billnumbers=935&session=126&headerfooter=0,,,Passage of Bill,Yea,Passed
[H]-1371,2026-05-13T15:23:00.000-04:00,https://www.scstatehouse.gov/votehistory.php?KEY=27755,S.853,Abandoned Buildings Tax Credit,https://www.scstatehouse.gov/billsearch.php?billnumbers=853&session=126&headerfooter=0,,,Passage of Bill,Yea,Passed
[H]-1372,2026-05-13T15:25:00.000-04:00,https://www.scstatehouse.gov/votehistory.php?KEY=27756,S.866,Municipal Tax Relief Act,https://www.scstatehouse.gov/billsearch.php?billnumbers=866&session=126&headerfooter=0,,,Passage of Bill,Yea,Passed
[H]-1373,2026-05-13T15:28:00.000-04:00,https://www.scstatehouse.gov/votehistory.php?KEY=27758,S.858,Foster Care,https://www.scstatehouse.gov/billsearch.php?billnumbers=858&session=126&headerfooter=0,,,Passage of Bill,Yea,Passed
[H]-1374,2026-05-13T15:32:00.000-04:00,https://www.scstatehouse.gov/votehistory.php?KEY=27762,H.4737,Training for new college and university board members,https://www.scstatehouse.gov/billsearch.php?billnumbers=4737&session=126&headerfooter=0,,,Passage of Bill,Yea,Passed
[H]-1375,2026-05-13T15:37:00.000-04:00,https://www.scstatehouse.gov/votehistory.php?KEY=27764,H.3195,Unstructured and self-directed recess in public schools,https://www.scstatehouse.gov/billsearch.php?billnumbers=3195&session=126&headerfooter=0,1A,https://scstatehouse.gov/amendments.php?KEY=34768,Adopt Amendment 1A Amendment #1A,Yea,Passed
[H]-1376,2026-05-13T15:57:00.000-04:00,https://www.scstatehouse.gov/votehistory.php?KEY=27767,H.4270,Evictions,https://www.scstatehouse.gov/billsearch.php?billnumbers=4270&session=126&headerfooter=0,Amendment number 1a,https://scstatehouse.gov/amendments.php?KEY=34752,Table Amendment 1A Amendment #1a,Yea,Passed
[H]-1377,2026-05-13T16:00:00.000-04:00,https://www.scstatehouse.gov/votehistory.php?KEY=27769,H.4270,Evictions,https://www.scstatehouse.gov/billsearch.php?billnumbers=4270&session=126&headerfooter=0,,,Concur in Senate Amendments,Yea,Passed
[H]-1378,2026-05-13T16:02:00.000-04:00,https://www.scstatehouse.gov/votehistory.php?KEY=27771,S.477,Pharmacy access,https://www.scstatehouse.gov/billsearch.php?billnumbers=477&session=126&headerfooter=0,,,Adopt Conference Report,Yea,Passed
[H]-1379,2026-05-13T16:07:00.000-04:00,https://www.scstatehouse.gov/votehistory.php?KEY=27773,H.5179,School Mapping Data Program,https://www.scstatehouse.gov/billsearch.php?billnumbers=5179&session=126&headerfooter=0,,,Concur in Senate Amendments,Yea,Passed
[H]-1380,2026-05-13T16:11:00.000-04:00,https://www.scstatehouse.gov/votehistory.php?KEY=27775,H.3387,Unlawful occupants of property,https://www.scstatehouse.gov/billsearch.php?billnumbers=3387&session=126&headerfooter=0,1A,https://scstatehouse.gov/amendments.php?KEY=34756,Adopt Amendment 1A Amendment #1A,Yea,Passed
[H]-1381,2026-05-13T16:14:00.000-04:00,https://www.scstatehouse.gov/votehistory.php?KEY=27777,H.3863,South Carolina STEM Opportunity Act,https://www.scstatehouse.gov/billsearch.php?billnumbers=3863&session=126&headerfooter=0,,,Concur in Senate Amendments,Yea,Passed
[H]-1382,2026-05-13T16:16:00.000-04:00,https://www.scstatehouse.gov/votehistory.php?KEY=27779,H.3551,Poll Worker Pay,https://www.scstatehouse.gov/billsearch.php?billnumbers=3551&session=126&headerfooter=0,,,Concur in Senate Amendments,Yea,Passed
[H]-1383,2026-05-13T16:24:00.000-04:00,https://www.scstatehouse.gov/votehistory.php?KEY=27781,H.4248,Food labeling,https://www.scstatehouse.gov/billsearch.php?billnumbers=4248&session=126&headerfooter=0,1,https://scstatehouse.gov/amendments.php?KEY=34772,Adopt Amendment 1 Amendment #1,Yea,Passed
[H]-1384,2026-05-13T16:30:00.000-04:00,https://www.scstatehouse.gov/votehistory.php?KEY=27782,H.5093,Gross proceeds,https://www.scstatehouse.gov/billsearch.php?billnumbers=5093&session=126&headerfooter=0,1,https://scstatehouse.gov/amendments.php?KEY=34773,Adopt Amendment 1 Amendment #1,Yea,Passed
[H]-1385,2026-05-13T16:33:00.000-04:00,https://www.scstatehouse.gov/votehistory.php?KEY=27784,H.4635,Physical Fitness Services,https://www.scstatehouse.gov/billsearch.php?billnumbers=4635&session=126&headerfooter=0,,,Concur in Senate Amendments,Nay,Failed
[H]-1386,2026-05-13T16:36:00.000-04:00,https://www.scstatehouse.gov/votehistory.php?KEY=27786,H.4163,South Carolina High School Athletic Association,https://www.scstatehouse.gov/billsearch.php?billnumbers=4163&session=126&headerfooter=0,,,Concur in Senate Amendments,Yea,Passed
[H]-1387,2026-05-13T16:41:00.000-04:00,https://www.scstatehouse.gov/votehistory.php?KEY=27788,H.4804,"Sexual Exploitation of a Minor, penalties",https://www.scstatehouse.gov/billsearch.php?billnumbers=4804&session=126&headerfooter=0,Amendment number 1a,https://scstatehouse.gov/amendments.php?KEY=34776,Adopt Amendment 1A Amendment #1a,Yea,Passed
[H]-1388,2026-05-13T16:47:00.000-04:00,https://www.scstatehouse.gov/votehistory.php?KEY=27790,S.416,School Expulsion,https://www.scstatehouse.gov/billsearch.php?billnumbers=416&session=126&headerfooter=0,,,Passage of Bill,Yea,Passed
[H]-1389,2026-05-13T16:53:00.000-04:00,https://www.scstatehouse.gov/votehistory.php?KEY=27792,S.11,Paid Family Leave Eligible State Employee,https://www.scstatehouse.gov/billsearch.php?billnumbers=11&session=126&headerfooter=0,,,Passage of Bill,Yea,Passed
[H]-1390,2026-05-13T17:11:00.000-04:00,https://www.scstatehouse.gov/votehistory.php?KEY=27796,S.325,Consumer Affairs,https://www.scstatehouse.gov/billsearch.php?billnumbers=325&session=126&headerfooter=0,1,https://scstatehouse.gov/amendments.php?KEY=34499,Table Amendment 1 Amendment #1,Nay,Passed
[H]-1391,2026-05-13T17:15:00.000-04:00,https://www.scstatehouse.gov/votehistory.php?KEY=27798,S.325,Consumer Affairs,https://www.scstatehouse.gov/billsearch.php?billnumbers=325&session=126&headerfooter=0,,,Passage of Bill,Yea,Passed
[H]-1392,2026-05-13T17:49:00.000-04:00,https://www.scstatehouse.gov/votehistory.php?KEY=27802,H.3021,Small Business Regulatory Freedom Act,https://www.scstatehouse.gov/billsearch.php?billnumbers=3021&session=126&headerfooter=0,Amendment number 3a,https://scstatehouse.gov/amendments.php?KEY=34783,Adopt Amendment 3A Amendment #3a,Yea,Passed
[H]-1393,2026-05-13T17:59:00.000-04:00,https://www.scstatehouse.gov/votehistory.php?KEY=27804,S.922,Appointments,https://www.scstatehouse.gov/billsearch.php?billnumbers=922&session=126&headerfooter=0,,,Passage of Bill,Yea,Passed
[H]-1394,2026-05-13T18:02:00.000-04:00,https://www.scstatehouse.gov/votehistory.php?KEY=27805,S.832,University Campus Events Zoning,https://www.scstatehouse.gov/billsearch.php?billnumbers=832&session=126&headerfooter=0,,,Table Motion to Reconsider,Yea,Failed
[H]-1395,2026-05-13T18:05:00.000-04:00,https://www.scstatehouse.gov/votehistory.php?KEY=27806,S.832,University Campus Events Zoning,https://www.scstatehouse.gov/billsearch.php?billnumbers=832&session=126&headerfooter=0,,,Reconsider the Vote,Nay,Passed
[H]-1396,2026-05-13T18:31:00.000-04:00,https://www.scstatehouse.gov/votehistory.php?KEY=27808,S.832,University Campus Events Zoning,https://www.scstatehouse.gov/billsearch.php?billnumbers=832&session=126&headerfooter=0,5,https://scstatehouse.gov/amendments.php?KEY=34788,Table Amendment 5 Amendment #5,Nay,Passed
[H]-1397,2026-05-13T18:36:00.000-04:00,https://www.scstatehouse.gov/votehistory.php?KEY=27809,S.832,University Campus Events Zoning,https://www.scstatehouse.gov/billsearch.php?billnumbers=832&session=126&headerfooter=0,6,https://scstatehouse.gov/amendments.php?KEY=34790,Table Amendment 6 Amendment #6,Nay,Passed
[H]-1398,2026-05-13T18:39:00.000-04:00,https://www.scstatehouse.gov/votehistory.php?KEY=27810,S.832,University Campus Events Zoning,https://www.scstatehouse.gov/billsearch.php?billnumbers=832&session=126&headerfooter=0,,,Passage of Bill,Nay,Passed
[H]-1399,2026-05-13T19:02:00.000-04:00,https://www.scstatehouse.gov/votehistory.php?KEY=27811,S.235,Prostitution,https://www.scstatehouse.gov/billsearch.php?billnumbers=235&session=126&headerfooter=0,,,Passage of Bill,Yea,Passed
[H]-1400,2026-05-13T19:18:00.000-04:00,https://www.scstatehouse.gov/votehistory.php?KEY=27813,S.933,Legislative Salary,https://www.scstatehouse.gov/billsearch.php?billnumbers=933&session=126&headerfooter=0,3,https://scstatehouse.gov/amendments.php?KEY=34793,Adopt Amendment 3 Amendment #3,Yea,Passed
[H]-1401,2026-05-13T19:34:00.000-04:00,https://www.scstatehouse.gov/votehistory.php?KEY=27814,S.933,Legislative Salary,https://www.scstatehouse.gov/billsearch.php?billnumbers=933&session=126&headerfooter=0,,,Passage of Bill,Yea,Passed
[H]-1403,2026-05-14T11:18:00.000-04:00,https://www.scstatehouse.gov/votehistory.php?KEY=27820,S.1043,Civil Air Patrol Leave Act,https://www.scstatehouse.gov/billsearch.php?billnumbers=1043&session=126&headerfooter=0,,,Passage of Bill,Yea,Passed
[H]-1404,2026-05-14T11:24:00.000-04:00,https://www.scstatehouse.gov/votehistory.php?KEY=27822,H.4069,Patient-Friendly Billing,https://www.scstatehouse.gov/billsearch.php?billnumbers=4069&session=126&headerfooter=0,Amendment number 1a,https://scstatehouse.gov/amendments.php?KEY=34800,Adopt Amendment 1a Amendment #1a,Yea,Passed
[H]-1405,2026-05-14T11:27:00.000-04:00,https://www.scstatehouse.gov/votehistory.php?KEY=27823,H.5113,Modular Homes,https://www.scstatehouse.gov/billsearch.php?billnumbers=5113&session=126&headerfooter=0,,,Concur in Senate Amendments,Yea,Passed
[H]-1406,2026-05-14T11:30:00.000-04:00,https://www.scstatehouse.gov/votehistory.php?KEY=27825,H.3335,Designation of representation in magistrates court,https://www.scstatehouse.gov/billsearch.php?billnumbers=3335&session=126&headerfooter=0,,,Concur in Senate Amendments,Yea,Passed
[H]-1407,2026-05-14T11:31:00.000-04:00,https://www.scstatehouse.gov/votehistory.php?KEY=27826,S.961,Red Drum,https://www.scstatehouse.gov/billsearch.php?billnumbers=961&session=126&headerfooter=0,,,Concur in Senate Amendments,Yea,Passed
[H]-1408,2026-05-14T11:35:00.000-04:00,https://www.scstatehouse.gov/votehistory.php?KEY=27828,H.5122,Internet and Communications Service Providers Equipment,https://www.scstatehouse.gov/billsearch.php?billnumbers=5122&session=126&headerfooter=0,,,Concur in Senate Amendments,Yea,Passed
[H]-1409,2026-05-14T11:38:00.000-04:00,https://www.scstatehouse.gov/votehistory.php?KEY=27829,H.4589,Education Capital Improvements Sales and Use Tax,https://www.scstatehouse.gov/billsearch.php?billnumbers=4589&session=126&headerfooter=0,,,Concur in Senate Amendments,Yea,Passed
[H]-1410,2026-05-14T11:42:00.000-04:00,https://www.scstatehouse.gov/votehistory.php?KEY=27832,H.4337,Subpoena Powers,https://www.scstatehouse.gov/billsearch.php?billnumbers=4337&session=126&headerfooter=0,1,https://scstatehouse.gov/amendments.php?KEY=34802,Adopt Amendment 1 Amendment #1,Yea,Passed
[H]-1411,2026-05-14T11:46:00.000-04:00,https://www.scstatehouse.gov/votehistory.php?KEY=27833,H.4382,Nonprescription Ephedrine Products,https://www.scstatehouse.gov/billsearch.php?billnumbers=4382&session=126&headerfooter=0,,,Concur in Senate Amendments,Yea,Passed
[H]-1412,2026-05-14T11:48:00.000-04:00,https://www.scstatehouse.gov/votehistory.php?KEY=27834,H.4476,Trade commissions,https://www.scstatehouse.gov/billsearch.php?billnumbers=4476&session=126&headerfooter=0,,,Concur in Senate Amendments,Yea,Passed
[H]-1413,2026-05-14T11:53:00.000-04:00,https://www.scstatehouse.gov/votehistory.php?KEY=27837,H.3570,Disclosure of Economic Interests,https://www.scstatehouse.gov/billsearch.php?billnumbers=3570&session=126&headerfooter=0,,,Concur in Senate Amendments,Nay,Failed
[H]-1414,2026-05-14T11:54:00.000-04:00,https://www.scstatehouse.gov/votehistory.php?KEY=27838,H.5217,Deer tags,https://www.scstatehouse.gov/billsearch.php?billnumbers=5217&session=126&headerfooter=0,,,Concur in Senate Amendments,Yea,Passed
[H]-1415,2026-05-14T11:57:00.000-04:00,https://www.scstatehouse.gov/votehistory.php?KEY=27839,H.4706,Racing facility,https://www.scstatehouse.gov/billsearch.php?billnumbers=4706&session=126&headerfooter=0,Amendment number 1a,https://scstatehouse.gov/amendments.php?KEY=34803,Adopt Amendment 1 Amendment #1a,Yea,Passed
[H]-1416,2026-05-14T12:00:00.000-04:00,https://www.scstatehouse.gov/votehistory.php?KEY=27840,S.688,DEW UI Tax Code,https://www.scstatehouse.gov/billsearch.php?billnumbers=688&session=126&headerfooter=0,,,Concur in Senate Amendments,Nay,Failed
[H]-1417,2026-05-14T12:02:00.000-04:00,https://www.scstatehouse.gov/votehistory.php?KEY=27841,H.4303,Cigarettes for heating,https://www.scstatehouse.gov/billsearch.php?billnumbers=4303&session=126&headerfooter=0,,,Concur in Senate Amendments,Yea,Passed
[H]-1418,2026-05-14T12:07:00.000-04:00,https://www.scstatehouse.gov/votehistory.php?KEY=27843,H.5164,Hospitals,https://www.scstatehouse.gov/billsearch.php?billnumbers=5164&session=126&headerfooter=0,,,Concur in Senate Amendments,Nay,Failed
[H]-1419,2026-05-14T12:27:00.000-04:00,https://www.scstatehouse.gov/votehistory.php?KEY=27845,S.1048,Blue Ridge Community,https://www.scstatehouse.gov/billsearch.php?billnumbers=1048&session=126&headerfooter=0,,,Passage of Bill,Nay,Failed
[H]-1420,2026-05-14T12:33:00.000-04:00,https://www.scstatehouse.gov/votehistory.php?KEY=27849,H.5120,"Fingerprinting, offenses by minors",https://www.scstatehouse.gov/billsearch.php?billnumbers=5120&session=126&headerfooter=0,,,Concur in Senate Amendments,Yea,Passed
[H]-1421,2026-05-14T12:37:00.000-04:00,https://www.scstatehouse.gov/votehistory.php?KEY=27850,H.4591,Stop Harm from Addictive Social Media,https://www.scstatehouse.gov/billsearch.php?billnumbers=4591&session=126&headerfooter=0,,,Concur in Senate Amendments,Yea,Passed
[H]-1422,2026-05-14T14:37:00.000-04:00,https://www.scstatehouse.gov/votehistory.php?KEY=27851,S.508,Monument and Memorial Protection,https://www.scstatehouse.gov/billsearch.php?billnumbers=508&session=126&headerfooter=0,,,Adopt Conference Report,Nay,Passed
[H]-1423,2026-05-14T15:08:00.000-04:00,https://www.scstatehouse.gov/votehistory.php?KEY=27854,H.4763,Helping Alleviate Lawful Obstruction HALO Act,https://www.scstatehouse.gov/billsearch.php?billnumbers=4763&session=126&headerfooter=0,,,Concur in Senate Amendments,Yea,Failed
[H]-1424,2026-05-14T15:42:00.000-04:00,https://www.scstatehouse.gov/votehistory.php?KEY=27855,H.5093,Gross proceeds,https://www.scstatehouse.gov/billsearch.php?billnumbers=5093&session=126&headerfooter=0,,,Adopt Conference Report,N/V,Passed
[H]-1425,2026-05-14T16:02:00.000-04:00,https://www.scstatehouse.gov/votehistory.php?KEY=27900,S.688,DEW UI Tax Code,https://www.scstatehouse.gov/billsearch.php?billnumbers=688&session=126&headerfooter=0,,,Adopt Conference Report,Yea,Passed
[H]-1426,2026-05-14T16:47:00.000-04:00,https://www.scstatehouse.gov/votehistory.php?KEY=27931,H.4709,US produced iron and steel,https://www.scstatehouse.gov/billsearch.php?billnumbers=4709&session=126&headerfooter=0,,,Concur in Senate Amendments,Nay,Failed
