id,timestamp,voteUrl,bill,billDescription,billUrl,amendment,amendmentUrl,question,vote,result
[S]-4,2025-01-16T13:07:00.000-05:00,https://www.scstatehouse.gov/votehistory.php?KEY=25074,S.62,Education Scholarship Trust Fund,https://www.scstatehouse.gov/billsearch.php?billnumbers=62&session=126&headerfooter=0,1,https://scstatehouse.gov/amendments.php?KEY=33129,Adopt Amendment #1,Excused Absence,Passed
[S]-6,2025-01-28T15:14:00.000-05:00,https://www.scstatehouse.gov/votehistory.php?KEY=25076,S.62,Education Scholarship Trust Fund,https://www.scstatehouse.gov/billsearch.php?billnumbers=62&session=126&headerfooter=0,10,https://scstatehouse.gov/amendments.php?KEY=33138,Table Amendment #10,Nay,Passed
[S]-8,2025-01-29T15:10:00.000-05:00,https://www.scstatehouse.gov/votehistory.php?KEY=25082,S.62,Education Scholarship Trust Fund,https://www.scstatehouse.gov/billsearch.php?billnumbers=62&session=126&headerfooter=0,14,https://scstatehouse.gov/amendments.php?KEY=33141,Adopt Amendment #14,Excused Absence,Passed
[S]-9,2025-01-29T17:07:00.000-05:00,https://www.scstatehouse.gov/votehistory.php?KEY=25088,S.62,Education Scholarship Trust Fund,https://www.scstatehouse.gov/billsearch.php?billnumbers=62&session=126&headerfooter=0,27,https://scstatehouse.gov/amendments.php?KEY=33163,Table Amendment #27,Nay,Passed
[S]-11,2025-01-30T13:58:00.000-05:00,https://www.scstatehouse.gov/votehistory.php?KEY=25100,S.62,Education Scholarship Trust Fund,https://www.scstatehouse.gov/billsearch.php?billnumbers=62&session=126&headerfooter=0,39,https://scstatehouse.gov/amendments.php?KEY=33179,Table Amendment #39,Nay,Passed
[S]-12,2025-01-30T15:31:00.000-05:00,https://www.scstatehouse.gov/votehistory.php?KEY=25105,S.62,Education Scholarship Trust Fund,https://www.scstatehouse.gov/billsearch.php?billnumbers=62&session=126&headerfooter=0,41,https://scstatehouse.gov/amendments.php?KEY=33181,Table Amendment #41,Nay,Passed
[S]-13,2025-01-30T16:19:00.000-05:00,https://www.scstatehouse.gov/votehistory.php?KEY=25108,S.62,Education Scholarship Trust Fund,https://www.scstatehouse.gov/billsearch.php?billnumbers=62&session=126&headerfooter=0,,,2nd Reading,Aye,Passed
[S]-14,2025-01-30T16:46:00.000-05:00,https://www.scstatehouse.gov/votehistory.php?KEY=25109,S.62,Education Scholarship Trust Fund,https://www.scstatehouse.gov/billsearch.php?billnumbers=62&session=126&headerfooter=0,42,https://scstatehouse.gov/amendments.php?KEY=33183,Table Amendment #42,Nay,Passed
[S]-15,2025-01-30T16:50:00.000-05:00,https://www.scstatehouse.gov/votehistory.php?KEY=25110,S.62,Education Scholarship Trust Fund,https://www.scstatehouse.gov/billsearch.php?billnumbers=62&session=126&headerfooter=0,,,2nd Reading,Nay,Passed
[S]-17,2025-02-04T13:26:00.000-05:00,https://www.scstatehouse.gov/votehistory.php?KEY=25117,S.62,Education Scholarship Trust Fund,https://www.scstatehouse.gov/billsearch.php?billnumbers=62&session=126&headerfooter=0,,,3rd Reading,Nay,Passed
[S]-18,2025-02-04T13:30:00.000-05:00,https://www.scstatehouse.gov/votehistory.php?KEY=25118,S.89,Military Affairs Advisory Council,https://www.scstatehouse.gov/billsearch.php?billnumbers=89&session=126&headerfooter=0,,,2nd Reading,Aye,Passed
[S]-19,2025-02-04T13:37:00.000-05:00,https://www.scstatehouse.gov/votehistory.php?KEY=25119,S.103,Labeling of Synthetic Food Product,https://www.scstatehouse.gov/billsearch.php?billnumbers=103&session=126&headerfooter=0,,,2nd Reading,Aye,Passed
[S]-20,2025-02-04T13:39:00.000-05:00,https://www.scstatehouse.gov/votehistory.php?KEY=25120,S.218,South Carolina Veterans Homes,https://www.scstatehouse.gov/billsearch.php?billnumbers=218&session=126&headerfooter=0,,,2nd Reading,Aye,Passed
[S]-21,2025-02-04T13:47:00.000-05:00,https://www.scstatehouse.gov/votehistory.php?KEY=25121,S.164,State Agency Rule Making,https://www.scstatehouse.gov/billsearch.php?billnumbers=164&session=126&headerfooter=0,,,2nd Reading,Aye,Passed
[S]-22,2025-02-04T14:01:00.000-05:00,https://www.scstatehouse.gov/votehistory.php?KEY=25123,S.238,Sine Die,https://www.scstatehouse.gov/billsearch.php?billnumbers=238&session=126&headerfooter=0,,,2nd Reading,Aye,Passed
[J]-4,2025-02-05T11:44:00.000-05:00,https://www.scstatehouse.gov/votehistory.php?KEY=25133, ,To elect Melissa Inzerillo,https://www.scstatehouse.gov/billsearch.php?billnumbers=undefined&session=126&headerfooter=0,,,,Aye,Failed
[S]-26,2025-02-05T14:25:00.000-05:00,https://www.scstatehouse.gov/votehistory.php?KEY=25141,S.238,Sine Die,https://www.scstatehouse.gov/billsearch.php?billnumbers=238&session=126&headerfooter=0,,,3rd Reading,Aye,Passed
[S]-27,2025-02-05T14:31:00.000-05:00,https://www.scstatehouse.gov/votehistory.php?KEY=25144,H.3727,Code Volume Replacement,https://www.scstatehouse.gov/billsearch.php?billnumbers=3727&session=126&headerfooter=0,,,2nd Reading,Aye,Passed
[S]-28,2025-02-05T14:34:00.000-05:00,https://www.scstatehouse.gov/votehistory.php?KEY=25145,S.167,South Carolina Waterways Protection Act,https://www.scstatehouse.gov/billsearch.php?billnumbers=167&session=126&headerfooter=0,,,2nd Reading,Aye,Passed
[S]-34,2025-02-11T13:56:00.000-05:00,https://www.scstatehouse.gov/votehistory.php?KEY=25171,S.38,Special Elections,https://www.scstatehouse.gov/billsearch.php?billnumbers=38&session=126&headerfooter=0,,,2nd Reading,Aye,Passed
[S]-35,2025-02-11T14:12:00.000-05:00,https://www.scstatehouse.gov/votehistory.php?KEY=25172,S.74,Electronic Records,https://www.scstatehouse.gov/billsearch.php?billnumbers=74&session=126&headerfooter=0,,,2nd Reading,Aye,Passed
[S]-36,2025-02-11T14:13:00.000-05:00,https://www.scstatehouse.gov/votehistory.php?KEY=25173,S.271,PSC Elections,https://www.scstatehouse.gov/billsearch.php?billnumbers=271&session=126&headerfooter=0,,,2nd Reading,Aye,Passed
[S]-38,2025-02-12T13:21:00.000-05:00,https://www.scstatehouse.gov/votehistory.php?KEY=25176,S.29,MPIC,https://www.scstatehouse.gov/billsearch.php?billnumbers=29&session=126&headerfooter=0,,,2nd Reading,Excused Absence,Passed
[S]-40,2025-02-13T12:40:00.000-05:00,https://www.scstatehouse.gov/votehistory.php?KEY=25207,S.28,AI Child Abuse,https://www.scstatehouse.gov/billsearch.php?billnumbers=28&session=126&headerfooter=0,4A,https://scstatehouse.gov/amendments.php?KEY=33211,Table Amendment #4A,Nay,Passed
[S]-41,2025-02-13T13:15:00.000-05:00,https://www.scstatehouse.gov/votehistory.php?KEY=25210,S.28,AI Child Abuse,https://www.scstatehouse.gov/billsearch.php?billnumbers=28&session=126&headerfooter=0,,,2nd Reading,Aye,Passed
[S]-43,2025-02-18T12:37:00.000-05:00,https://www.scstatehouse.gov/votehistory.php?KEY=25213,S.28,AI Child Abuse,https://www.scstatehouse.gov/billsearch.php?billnumbers=28&session=126&headerfooter=0,,,3rd Reading,Aye,Passed
[S]-45,2025-02-19T14:04:00.000-05:00,https://www.scstatehouse.gov/votehistory.php?KEY=25230,S.78,Work Experience Credit for Educators,https://www.scstatehouse.gov/billsearch.php?billnumbers=78&session=126&headerfooter=0,,,2nd Reading,Aye,Passed
[S]-46,2025-02-19T14:13:00.000-05:00,https://www.scstatehouse.gov/votehistory.php?KEY=25231,S.77,Streaming of School Board Meetings,https://www.scstatehouse.gov/billsearch.php?billnumbers=77&session=126&headerfooter=0,,,2nd Reading,Aye,Passed
[S]-48,2025-02-20T11:51:00.000-05:00,https://www.scstatehouse.gov/votehistory.php?KEY=25234,S.101,Firefighter registration requirements,https://www.scstatehouse.gov/billsearch.php?billnumbers=101&session=126&headerfooter=0,,,2nd Reading,Aye,Passed
[S]-49,2025-02-20T12:01:00.000-05:00,https://www.scstatehouse.gov/votehistory.php?KEY=25236,S.363,Department of Natural Resources - JR to Approve Regulation Document No. 5329,https://www.scstatehouse.gov/billsearch.php?billnumbers=363&session=126&headerfooter=0,,,2nd Reading,Aye,Passed
[S]-51,2025-02-25T12:27:00.000-05:00,https://www.scstatehouse.gov/votehistory.php?KEY=25241,S.51,Public Service Authority RFP for V.C. Summer,https://www.scstatehouse.gov/billsearch.php?billnumbers=51&session=126&headerfooter=0,,,2nd Reading, ,Passed
[S]-52,2025-02-25T12:35:00.000-05:00,https://www.scstatehouse.gov/votehistory.php?KEY=25242,S.127,Catawba Nation,https://www.scstatehouse.gov/billsearch.php?billnumbers=127&session=126&headerfooter=0,,,2nd Reading, ,Passed
[S]-53,2025-02-25T12:51:00.000-05:00,https://www.scstatehouse.gov/votehistory.php?KEY=25244,S.156,Fentanyl Induced Homicide,https://www.scstatehouse.gov/billsearch.php?billnumbers=156&session=126&headerfooter=0,,,2nd Reading,Excused Absence,Passed
[S]-54,2025-02-25T13:06:00.000-05:00,https://www.scstatehouse.gov/votehistory.php?KEY=25245,S.159,Organized Retail Crime,https://www.scstatehouse.gov/billsearch.php?billnumbers=159&session=126&headerfooter=0,,,2nd Reading,Excused Absence,Passed
[S]-55,2025-02-25T13:12:00.000-05:00,https://www.scstatehouse.gov/votehistory.php?KEY=25246,S.183,Drug Induced Homicide,https://www.scstatehouse.gov/billsearch.php?billnumbers=183&session=126&headerfooter=0,,,2nd Reading,Excused Absence,Passed
[S]-56,2025-02-25T13:21:00.000-05:00,https://www.scstatehouse.gov/votehistory.php?KEY=25247,S.291,Continuing Resolution,https://www.scstatehouse.gov/billsearch.php?billnumbers=291&session=126&headerfooter=0,,,2nd Reading,Excused Absence,Passed
[S]-57,2025-02-25T13:25:00.000-05:00,https://www.scstatehouse.gov/votehistory.php?KEY=25248,H.3523,Organized Retail Crime,https://www.scstatehouse.gov/billsearch.php?billnumbers=3523&session=126&headerfooter=0,,,2nd Reading,Excused Absence,Passed
[S]-58,2025-02-25T13:25:00.000-05:00,https://www.scstatehouse.gov/votehistory.php?KEY=25249,S.136,Dismissal of pending gun possession charges,https://www.scstatehouse.gov/billsearch.php?billnumbers=136&session=126&headerfooter=0,,,2nd Reading,Excused Absence,Passed
[S]-60,2025-02-26T14:10:00.000-05:00,https://www.scstatehouse.gov/votehistory.php?KEY=25271,S.125,Property tax exemption,https://www.scstatehouse.gov/billsearch.php?billnumbers=125&session=126&headerfooter=0,,,2nd Reading,Aye,Passed
[S]-61,2025-02-26T14:14:00.000-05:00,https://www.scstatehouse.gov/votehistory.php?KEY=25272,S.219,Snapper-Grouper Fishery,https://www.scstatehouse.gov/billsearch.php?billnumbers=219&session=126&headerfooter=0,,,2nd Reading,Aye,Passed
[S]-62,2025-02-26T14:23:00.000-05:00,https://www.scstatehouse.gov/votehistory.php?KEY=25273,S.264,Property tax exemptions,https://www.scstatehouse.gov/billsearch.php?billnumbers=264&session=126&headerfooter=0,,,2nd Reading,Aye,Passed
[S]-63,2025-02-26T15:06:00.000-05:00,https://www.scstatehouse.gov/votehistory.php?KEY=25277,S.2,Department of Behavioral Health and Developmental Disabilities,https://www.scstatehouse.gov/billsearch.php?billnumbers=2&session=126&headerfooter=0,,,2nd Reading,Aye,Passed
[S]-64,2025-02-26T15:23:00.000-05:00,https://www.scstatehouse.gov/votehistory.php?KEY=25278,S.275,EV Charging Stations,https://www.scstatehouse.gov/billsearch.php?billnumbers=275&session=126&headerfooter=0,,,2nd Reading,Aye,Passed
[S]-65,2025-02-26T15:30:00.000-05:00,https://www.scstatehouse.gov/votehistory.php?KEY=25280,H.3438,Catawba Indian Expansion,https://www.scstatehouse.gov/billsearch.php?billnumbers=3438&session=126&headerfooter=0,,,2nd Reading,Aye,Passed
[S]-67,2025-02-27T11:52:00.000-05:00,https://www.scstatehouse.gov/votehistory.php?KEY=25284,S.244,Tort Reform,https://www.scstatehouse.gov/billsearch.php?billnumbers=244&session=126&headerfooter=0,,,set for Special Order,Nay,Passed
[S]-76,2025-03-04T13:18:00.000-05:00,https://www.scstatehouse.gov/votehistory.php?KEY=25302,S.157,Storm Damage Recovery,https://www.scstatehouse.gov/billsearch.php?billnumbers=157&session=126&headerfooter=0,,,2nd Reading,Aye,Passed
[S]-77,2025-03-04T13:23:00.000-05:00,https://www.scstatehouse.gov/votehistory.php?KEY=25303,S.79,Noncertified Teacher Pilot Program,https://www.scstatehouse.gov/billsearch.php?billnumbers=79&session=126&headerfooter=0,,,2nd Reading,Aye,Passed
[S]-78,2025-03-04T13:28:00.000-05:00,https://www.scstatehouse.gov/votehistory.php?KEY=25304,S.276,SC Child Abuse and Neglect Network,https://www.scstatehouse.gov/billsearch.php?billnumbers=276&session=126&headerfooter=0,,,2nd Reading,Aye,Passed
[S]-79,2025-03-04T13:31:00.000-05:00,https://www.scstatehouse.gov/votehistory.php?KEY=25305,H.3247,Excused school absences,https://www.scstatehouse.gov/billsearch.php?billnumbers=3247&session=126&headerfooter=0,,,2nd Reading,Aye,Passed
[S]-82,2025-03-06T13:54:00.000-05:00,https://www.scstatehouse.gov/votehistory.php?KEY=25331,S.244,Tort Reform,https://www.scstatehouse.gov/billsearch.php?billnumbers=244&session=126&headerfooter=0,1A,https://scstatehouse.gov/amendments.php?KEY=33286,Table Amendment #1A,Nay,Failed
[S]-84,2025-03-11T12:57:00.000-04:00,https://www.scstatehouse.gov/votehistory.php?KEY=25524,S.337,Blue Catfish,https://www.scstatehouse.gov/billsearch.php?billnumbers=337&session=126&headerfooter=0,,,2nd Reading,Aye,Passed
[S]-85,2025-03-11T13:15:00.000-04:00,https://www.scstatehouse.gov/votehistory.php?KEY=25526,S.345,Baiting Wild Turkeys,https://www.scstatehouse.gov/billsearch.php?billnumbers=345&session=126&headerfooter=0,,,2nd Reading,Aye,Passed
[S]-86,2025-03-11T13:16:00.000-04:00,https://www.scstatehouse.gov/votehistory.php?KEY=25527,H.3932,Clarendon County precincts,https://www.scstatehouse.gov/billsearch.php?billnumbers=3932&session=126&headerfooter=0,,,2nd Reading,Aye,Passed
[S]-87,2025-03-11T13:17:00.000-04:00,https://www.scstatehouse.gov/votehistory.php?KEY=25528,S.176,Certified Public Accountants,https://www.scstatehouse.gov/billsearch.php?billnumbers=176&session=126&headerfooter=0,,,2nd Reading,Aye,Passed
[S]-90,2025-03-13T11:32:00.000-04:00,https://www.scstatehouse.gov/votehistory.php?KEY=25590,S.380,Department of Transportation - JR to Approve Regulation Document No. 5358,https://www.scstatehouse.gov/billsearch.php?billnumbers=380&session=126&headerfooter=0,,,2nd Reading,Aye,Passed
[S]-91,2025-03-13T11:40:00.000-04:00,https://www.scstatehouse.gov/votehistory.php?KEY=25591,S.170,Surgical Smoke Evacuation System,https://www.scstatehouse.gov/billsearch.php?billnumbers=170&session=126&headerfooter=0,,,2nd Reading,Aye,Passed
[S]-93,2025-03-18T12:35:00.000-04:00,https://www.scstatehouse.gov/votehistory.php?KEY=25594,S.126,Law Enforcement Personal Privacy Protection and Judicial Personal Privacy Protection,https://www.scstatehouse.gov/billsearch.php?billnumbers=126&session=126&headerfooter=0,,,2nd Reading,Aye,Passed
[S]-94,2025-03-18T12:49:00.000-04:00,https://www.scstatehouse.gov/votehistory.php?KEY=25595,H.3529,"Family Court Judges, additional",https://www.scstatehouse.gov/billsearch.php?billnumbers=3529&session=126&headerfooter=0,,,2nd Reading,Aye,Passed
[S]-95,2025-03-18T17:27:00.000-04:00,https://www.scstatehouse.gov/votehistory.php?KEY=25601,S.244,Tort Reform,https://www.scstatehouse.gov/billsearch.php?billnumbers=244&session=126&headerfooter=0,,,recede for 15 minutes,Nay,Passed
[S]-96,2025-03-18T20:30:00.000-04:00,https://www.scstatehouse.gov/votehistory.php?KEY=25602,S.244,Tort Reform,https://www.scstatehouse.gov/billsearch.php?billnumbers=244&session=126&headerfooter=0,3A,https://scstatehouse.gov/amendments.php?KEY=33374,carry over Amendment #3A,Nay,Passed
[S]-97,2025-03-18T20:37:00.000-04:00,https://www.scstatehouse.gov/votehistory.php?KEY=25603, ,to adjourn,https://www.scstatehouse.gov/billsearch.php?billnumbers=undefined&session=126&headerfooter=0,,,,Aye,Failed
[S]-106,2025-03-19T14:25:00.000-04:00,https://www.scstatehouse.gov/votehistory.php?KEY=25612,S.165,South Carolina Conservation Education Act,https://www.scstatehouse.gov/billsearch.php?billnumbers=165&session=126&headerfooter=0,,,2nd Reading,Aye,Passed
[S]-119,2025-03-19T15:17:00.000-04:00,https://www.scstatehouse.gov/votehistory.php?KEY=25626,S.287,Electronic Nicotine Delivery System Regulation,https://www.scstatehouse.gov/billsearch.php?billnumbers=287&session=126&headerfooter=0,,,2nd Reading,Aye,Passed
[S]-120,2025-03-19T15:39:00.000-04:00,https://www.scstatehouse.gov/votehistory.php?KEY=25628,S.279,DEW Restructuring,https://www.scstatehouse.gov/billsearch.php?billnumbers=279&session=126&headerfooter=0,,,2nd Reading,Aye,Passed
[S]-121,2025-03-19T15:50:00.000-04:00,https://www.scstatehouse.gov/votehistory.php?KEY=25629,S.150,Rental Kart Age Act,https://www.scstatehouse.gov/billsearch.php?billnumbers=150&session=126&headerfooter=0,,,2nd Reading,Aye,Passed
[S]-122,2025-03-19T15:55:00.000-04:00,https://www.scstatehouse.gov/votehistory.php?KEY=25630,H.3933,Public Service Districts,https://www.scstatehouse.gov/billsearch.php?billnumbers=3933&session=126&headerfooter=0,,,2nd Reading,Aye,Passed
[S]-124,2025-03-20T11:26:00.000-04:00,https://www.scstatehouse.gov/votehistory.php?KEY=25635,S.336,Judicial Elections,https://www.scstatehouse.gov/billsearch.php?billnumbers=336&session=126&headerfooter=0,,,2nd Reading,Aye,Passed
[S]-125,2025-03-20T12:00:00.000-04:00,https://www.scstatehouse.gov/votehistory.php?KEY=25637,H.3814,Surface Water Study Committee,https://www.scstatehouse.gov/billsearch.php?billnumbers=3814&session=126&headerfooter=0,,,2nd Reading,Aye,Passed
[S]-127,2025-03-25T13:00:00.000-04:00,https://www.scstatehouse.gov/votehistory.php?KEY=25643,S.233,Sexually Violent Predator Act,https://www.scstatehouse.gov/billsearch.php?billnumbers=233&session=126&headerfooter=0,,,2nd Reading,Excused Absence,Passed
[S]-128,2025-03-25T13:22:00.000-04:00,https://www.scstatehouse.gov/votehistory.php?KEY=25649,S.235,Prostitution,https://www.scstatehouse.gov/billsearch.php?billnumbers=235&session=126&headerfooter=0,,,2nd Reading,Excused Absence,Passed
[S]-129,2025-03-25T13:23:00.000-04:00,https://www.scstatehouse.gov/votehistory.php?KEY=25650,S.367,"Abandoned Vessels, Derelict Vessels, and Sunken Vessels",https://www.scstatehouse.gov/billsearch.php?billnumbers=367&session=126&headerfooter=0,,,2nd Reading,Excused Absence,Passed
[S]-134,2025-03-26T22:05:00.000-04:00,https://www.scstatehouse.gov/votehistory.php?KEY=25674,S.244,Tort Reform,https://www.scstatehouse.gov/billsearch.php?billnumbers=244&session=126&headerfooter=0,,,2nd Reading,Nay,Passed
[S]-136,2025-03-27T11:32:00.000-04:00,https://www.scstatehouse.gov/votehistory.php?KEY=25679,S.307,Peer-to-peer Car Sharing,https://www.scstatehouse.gov/billsearch.php?billnumbers=307&session=126&headerfooter=0,,,2nd Reading,Aye,Passed
[S]-137,2025-03-27T11:42:00.000-04:00,https://www.scstatehouse.gov/votehistory.php?KEY=25683,S.190,Military Base TIF,https://www.scstatehouse.gov/billsearch.php?billnumbers=190&session=126&headerfooter=0,,,2nd Reading,Aye,Passed
[S]-138,2025-03-27T11:45:00.000-04:00,https://www.scstatehouse.gov/votehistory.php?KEY=25684,S.388,JR to Approve Doc. No. 5322,https://www.scstatehouse.gov/billsearch.php?billnumbers=388&session=126&headerfooter=0,,,2nd Reading,Aye,Passed
[S]-139,2025-03-27T11:47:00.000-04:00,https://www.scstatehouse.gov/votehistory.php?KEY=25685,S.389,State Commission on Higher Education - JR to Approve Regulation Document No. 5321,https://www.scstatehouse.gov/billsearch.php?billnumbers=389&session=126&headerfooter=0,,,2nd Reading,Aye,Passed
[S]-140,2025-03-27T11:48:00.000-04:00,https://www.scstatehouse.gov/votehistory.php?KEY=25686,S.487,Department of Natural Resources - JR to Approve Regulation Document No. 5330,https://www.scstatehouse.gov/billsearch.php?billnumbers=487&session=126&headerfooter=0,,,2nd Reading,Aye,Passed
[S]-141,2025-03-27T11:59:00.000-04:00,https://www.scstatehouse.gov/votehistory.php?KEY=25687,H.4002,Greater Greenville Sanitation District,https://www.scstatehouse.gov/billsearch.php?billnumbers=4002&session=126&headerfooter=0,,,2nd Reading, ,Failed
[S]-143,2025-04-01T13:01:00.000-04:00,https://www.scstatehouse.gov/votehistory.php?KEY=25692,S.220,Insurance Holding Company Regulatory Act,https://www.scstatehouse.gov/billsearch.php?billnumbers=220&session=126&headerfooter=0,,,2nd Reading, ,Passed
[S]-144,2025-04-01T13:06:00.000-04:00,https://www.scstatehouse.gov/votehistory.php?KEY=25693,S.11,Paid Family Leave Eligible State Employee,https://www.scstatehouse.gov/billsearch.php?billnumbers=11&session=126&headerfooter=0,,,2nd Reading,Aye,Passed
[S]-145,2025-04-01T13:09:00.000-04:00,https://www.scstatehouse.gov/votehistory.php?KEY=25694,S.32,Pregnancy Care Tax Credit,https://www.scstatehouse.gov/billsearch.php?billnumbers=32&session=126&headerfooter=0,,,2nd Reading,Aye,Passed
[S]-146,2025-04-01T13:14:00.000-04:00,https://www.scstatehouse.gov/votehistory.php?KEY=25695,S.405,Homicide by Child Abuse,https://www.scstatehouse.gov/billsearch.php?billnumbers=405&session=126&headerfooter=0,,,2nd Reading,Aye,Passed
[S]-147,2025-04-01T13:24:00.000-04:00,https://www.scstatehouse.gov/votehistory.php?KEY=25696,S.415,Child Welfare Caregivers,https://www.scstatehouse.gov/billsearch.php?billnumbers=415&session=126&headerfooter=0,,,2nd Reading,Aye,Passed
[S]-148,2025-04-01T13:29:00.000-04:00,https://www.scstatehouse.gov/votehistory.php?KEY=25697,S.425,School meals for students in poverty,https://www.scstatehouse.gov/billsearch.php?billnumbers=425&session=126&headerfooter=0,,,2nd Reading,Aye,Passed
[S]-149,2025-04-01T13:33:00.000-04:00,https://www.scstatehouse.gov/votehistory.php?KEY=25698,H.3430,Tort Reform and Liquor Liability,https://www.scstatehouse.gov/billsearch.php?billnumbers=3430&session=126&headerfooter=0,,,2nd Reading,Aye,Passed
[S]-150,2025-04-01T15:57:00.000-04:00,https://www.scstatehouse.gov/votehistory.php?KEY=25707,H.3309,Electrical Utilities,https://www.scstatehouse.gov/billsearch.php?billnumbers=3309&session=126&headerfooter=0,2,https://scstatehouse.gov/amendments.php?KEY=33421,Table Amendment #2,Nay,Failed
[S]-152,2025-04-02T13:55:00.000-04:00,https://www.scstatehouse.gov/votehistory.php?KEY=25711,S.210,Captive Insurance Companies,https://www.scstatehouse.gov/billsearch.php?billnumbers=210&session=126&headerfooter=0,,,2nd Reading,Aye,Passed
[S]-153,2025-04-02T14:02:00.000-04:00,https://www.scstatehouse.gov/votehistory.php?KEY=25712,S.269,Private Security Services in Public Schools,https://www.scstatehouse.gov/billsearch.php?billnumbers=269&session=126&headerfooter=0,,,2nd Reading,Aye,Passed
[S]-155,2025-04-02T23:17:00.000-04:00,https://www.scstatehouse.gov/votehistory.php?KEY=25749,H.3309,Electrical Utilities,https://www.scstatehouse.gov/billsearch.php?billnumbers=3309&session=126&headerfooter=0,20B,https://scstatehouse.gov/amendments.php?KEY=33487,Table Amendment #20B,Aye,Passed
[S]-156,2025-04-02T23:47:00.000-04:00,https://www.scstatehouse.gov/votehistory.php?KEY=25750,H.3309,Electrical Utilities,https://www.scstatehouse.gov/billsearch.php?billnumbers=3309&session=126&headerfooter=0,,,2nd Reading,Aye,Passed
[S]-158,2025-04-03T11:55:00.000-04:00,https://www.scstatehouse.gov/votehistory.php?KEY=25753,S.171,Regrooved and Regroovable Tires,https://www.scstatehouse.gov/billsearch.php?billnumbers=171&session=126&headerfooter=0,,,2nd Reading,Aye,Passed
[S]-159,2025-04-03T12:03:00.000-04:00,https://www.scstatehouse.gov/votehistory.php?KEY=25754,S.12,Santee Cooper Joint Project Authorization,https://www.scstatehouse.gov/billsearch.php?billnumbers=12&session=126&headerfooter=0,,,2nd Reading,Aye,Passed
[S]-160,2025-04-03T12:10:00.000-04:00,https://www.scstatehouse.gov/votehistory.php?KEY=25755,S.469,Department of Natural Resources - JR to Approve Regulation Document No. 5331,https://www.scstatehouse.gov/billsearch.php?billnumbers=469&session=126&headerfooter=0,,,2nd Reading,Aye,Passed
[S]-161,2025-04-03T12:14:00.000-04:00,https://www.scstatehouse.gov/votehistory.php?KEY=25757,S.470,JR to Approve Reg. Doc. No. 5332,https://www.scstatehouse.gov/billsearch.php?billnumbers=470&session=126&headerfooter=0,,,2nd Reading,Aye,Passed
[S]-162,2025-04-03T12:37:00.000-04:00,https://www.scstatehouse.gov/votehistory.php?KEY=25764,H.3309,Electrical Utilities,https://www.scstatehouse.gov/billsearch.php?billnumbers=3309&session=126&headerfooter=0,,,3rd Reading,Aye,Passed
[S]-164,2025-04-15T12:53:00.000-04:00,https://www.scstatehouse.gov/votehistory.php?KEY=25807,H.3654,Child Welfare,https://www.scstatehouse.gov/billsearch.php?billnumbers=3654&session=126&headerfooter=0,,,2nd Reading,Aye,Passed
[S]-165,2025-04-15T12:59:00.000-04:00,https://www.scstatehouse.gov/votehistory.php?KEY=25808,H.3813,Bear hunting,https://www.scstatehouse.gov/billsearch.php?billnumbers=3813&session=126&headerfooter=0,,,2nd Reading,Aye,Passed
[S]-166,2025-04-15T14:23:00.000-04:00,https://www.scstatehouse.gov/votehistory.php?KEY=25810,H.3497,Liquor liability,https://www.scstatehouse.gov/billsearch.php?billnumbers=3497&session=126&headerfooter=0,,,2nd Reading,Nay,Passed
[S]-168,2025-04-16T13:47:00.000-04:00,https://www.scstatehouse.gov/votehistory.php?KEY=25813,S.463,Public Boat Landings,https://www.scstatehouse.gov/billsearch.php?billnumbers=463&session=126&headerfooter=0,,,3rd Reading,Aye,Passed
[S]-169,2025-04-16T14:12:00.000-04:00,https://www.scstatehouse.gov/votehistory.php?KEY=25815,H.3196,Educator Assistance Act,https://www.scstatehouse.gov/billsearch.php?billnumbers=3196&session=126&headerfooter=0,,,2nd Reading,Aye,Passed
[S]-170,2025-04-16T15:02:00.000-04:00,https://www.scstatehouse.gov/votehistory.php?KEY=25817,S.62,Education Scholarship Trust Fund,https://www.scstatehouse.gov/billsearch.php?billnumbers=62&session=126&headerfooter=0,RFH-1,https://scstatehouse.gov/amendments.php?KEY=33545,Adopt Amendment #RFH-1,Nay,Passed
[S]-171,2025-04-16T15:12:00.000-04:00,https://www.scstatehouse.gov/votehistory.php?KEY=25818,S.2,Department of Behavioral Health and Developmental Disabilities,https://www.scstatehouse.gov/billsearch.php?billnumbers=2&session=126&headerfooter=0,,,concur,Aye,Passed
[S]-289,2025-04-21T21:56:00.000-04:00,https://www.scstatehouse.gov/votehistory.php?KEY=25938,S.534,Removal of State Teasurer,https://www.scstatehouse.gov/billsearch.php?billnumbers=534&session=126&headerfooter=0,,,Adopt the Resolution,Aye,Passed
[S]-292,2025-04-22T16:22:00.000-04:00,https://www.scstatehouse.gov/votehistory.php?KEY=25953,H.4025,"Appropriations Bill, 2025-2026",https://www.scstatehouse.gov/billsearch.php?billnumbers=4025&session=126&headerfooter=0,8,https://scstatehouse.gov/amendments.php?KEY=33557,Adopt Amendment #8,Aye,Passed
[S]-196,2025-04-23T00:00:00.000-04:00,https://www.scstatehouse.gov/votehistory.php?KEY=25845,H.4025,"Appropriations Bill, 2025-2026",https://www.scstatehouse.gov/billsearch.php?billnumbers=4025&session=126&headerfooter=0,,,Adopt section 16 - COASTAL CAROLINA UNIVERSITY,Aye,Passed
[S]-286,2025-04-23T00:00:00.000-04:00,https://www.scstatehouse.gov/votehistory.php?KEY=25935,H.4025,"Appropriations Bill, 2025-2026",https://www.scstatehouse.gov/billsearch.php?billnumbers=4025&session=126&headerfooter=0,,,Adopt section 117 – GENERAL PROVISIONS,Aye,Passed
[S]-285,2025-04-23T00:00:00.000-04:00,https://www.scstatehouse.gov/votehistory.php?KEY=25934,H.4025,"Appropriations Bill, 2025-2026",https://www.scstatehouse.gov/billsearch.php?billnumbers=4025&session=126&headerfooter=0,,,Adopt section 115 - TAX RELIEF TRUST FUND,Aye,Passed
[S]-277,2025-04-23T00:00:00.000-04:00,https://www.scstatehouse.gov/votehistory.php?KEY=25926,H.4025,"Appropriations Bill, 2025-2026",https://www.scstatehouse.gov/billsearch.php?billnumbers=4025&session=126&headerfooter=0,,,Adopt section 106 - STATEWIDE EMPLOYEE BENEFITS,Aye,Passed
[S]-273,2025-04-23T00:00:00.000-04:00,https://www.scstatehouse.gov/votehistory.php?KEY=25922,H.4025,"Appropriations Bill, 2025-2026",https://www.scstatehouse.gov/billsearch.php?billnumbers=4025&session=126&headerfooter=0,,,Adopt section 102 - ELECTION COMMISSION,Aye,Passed
[S]-186,2025-04-23T00:00:00.000-04:00,https://www.scstatehouse.gov/votehistory.php?KEY=25835,H.4025,"Appropriations Bill, 2025-2026",https://www.scstatehouse.gov/billsearch.php?billnumbers=4025&session=126&headerfooter=0,,,"Adopt section 6 - DEAF AND THE BLIND, SCHOOL FOR THE",Aye,Passed
[S]-244,2025-04-23T00:00:00.000-04:00,https://www.scstatehouse.gov/votehistory.php?KEY=25893,H.4025,"Appropriations Bill, 2025-2026",https://www.scstatehouse.gov/billsearch.php?billnumbers=4025&session=126&headerfooter=0,,,"Adopt section 67 - JUVENILE JUSTICE, DEPARTMENT OF",Aye,Passed
[S]-203,2025-04-23T00:00:00.000-04:00,https://www.scstatehouse.gov/votehistory.php?KEY=25852,H.4025,"Appropriations Bill, 2025-2026",https://www.scstatehouse.gov/billsearch.php?billnumbers=4025&session=126&headerfooter=0,,,Adopt section 24 - AREA HEALTH EDUCATION CONSORTIUM,Aye,Passed
[S]-250,2025-04-23T00:00:00.000-04:00,https://www.scstatehouse.gov/votehistory.php?KEY=25899,H.4025,"Appropriations Bill, 2025-2026",https://www.scstatehouse.gov/billsearch.php?billnumbers=4025&session=126&headerfooter=0,,,"Adopt section 75 - ACCIDENT FUND, STATE",Aye,Passed
[S]-205,2025-04-23T00:00:00.000-04:00,https://www.scstatehouse.gov/votehistory.php?KEY=25854,H.4025,"Appropriations Bill, 2025-2026",https://www.scstatehouse.gov/billsearch.php?billnumbers=4025&session=126&headerfooter=0,,,"Adopt section 26 - ARCHIVES AND HISTORY, DEPARTMENT OF",Aye,Passed
[S]-183,2025-04-23T00:00:00.000-04:00,https://www.scstatehouse.gov/votehistory.php?KEY=25832,H.4025,"Appropriations Bill, 2025-2026",https://www.scstatehouse.gov/billsearch.php?billnumbers=4025&session=126&headerfooter=0,,,Adopt section 3 - LOTTERY EXPENDITURE ACCOUNT,Aye,Passed
[S]-266,2025-04-23T00:00:00.000-04:00,https://www.scstatehouse.gov/votehistory.php?KEY=25915,H.4025,"Appropriations Bill, 2025-2026",https://www.scstatehouse.gov/billsearch.php?billnumbers=4025&session=126&headerfooter=0,,,"Adopt section 94 - INSPECTOR GENERAL, OFFICE OF",Aye,Passed
[S]-224,2025-04-23T00:00:00.000-04:00,https://www.scstatehouse.gov/votehistory.php?KEY=25873,H.4025,"Appropriations Bill, 2025-2026",https://www.scstatehouse.gov/billsearch.php?billnumbers=4025&session=126&headerfooter=0,,,Adopt section 46 - SOUTH CAROLINA STATE UNIVERSITY (PUBLIC SERVICE ACTIVITIES),Aye,Passed
[S]-239,2025-04-23T00:00:00.000-04:00,https://www.scstatehouse.gov/votehistory.php?KEY=25888,H.4025,"Appropriations Bill, 2025-2026",https://www.scstatehouse.gov/billsearch.php?billnumbers=4025&session=126&headerfooter=0,,,"Adopt section 62 - LAW ENFORCEMENT DIVISION, STATE - GOVERNOR'S OFFICE",Aye,Passed
[S]-187,2025-04-23T00:00:00.000-04:00,https://www.scstatehouse.gov/votehistory.php?KEY=25836,H.4025,"Appropriations Bill, 2025-2026",https://www.scstatehouse.gov/billsearch.php?billnumbers=4025&session=126&headerfooter=0,,,Adopt section 7 - GOVERNOR'S SCHOOL FOR AGRICULTURE AT JOHN DE LA HOWE SCHOOL,Aye,Passed
[S]-247,2025-04-23T00:00:00.000-04:00,https://www.scstatehouse.gov/votehistory.php?KEY=25896,H.4025,"Appropriations Bill, 2025-2026",https://www.scstatehouse.gov/billsearch.php?billnumbers=4025&session=126&headerfooter=0,,,Adopt section 72 - PUBLIC SERVICE COMMISSION,Aye,Passed
[S]-270,2025-04-23T00:00:00.000-04:00,https://www.scstatehouse.gov/votehistory.php?KEY=25919,H.4025,"Appropriations Bill, 2025-2026",https://www.scstatehouse.gov/billsearch.php?billnumbers=4025&session=126&headerfooter=0,,,Adopt section 99 - RETIREMENT SYSTEM INVESTMENT COMMISSION,Aye,Passed
[S]-284,2025-04-23T00:00:00.000-04:00,https://www.scstatehouse.gov/votehistory.php?KEY=25933,H.4025,"Appropriations Bill, 2025-2026",https://www.scstatehouse.gov/billsearch.php?billnumbers=4025&session=126&headerfooter=0,,,Adopt section 113 - AID TO SUBDIVISIONS - STATE TREASURER,Aye,Passed
[S]-216,2025-04-23T00:00:00.000-04:00,https://www.scstatehouse.gov/votehistory.php?KEY=25865,H.4025,"Appropriations Bill, 2025-2026",https://www.scstatehouse.gov/billsearch.php?billnumbers=4025&session=126&headerfooter=0,,,"Adopt section 38 - SOCIAL SERVICES, DEPARTMENT OF",Aye,Passed
[S]-202,2025-04-23T00:00:00.000-04:00,https://www.scstatehouse.gov/votehistory.php?KEY=25851,H.4025,"Appropriations Bill, 2025-2026",https://www.scstatehouse.gov/billsearch.php?billnumbers=4025&session=126&headerfooter=0,,,Adopt section 23 - MEDICAL UNIVERSITY OF SOUTH CAROLINA,Aye,Passed
[S]-237,2025-04-23T00:00:00.000-04:00,https://www.scstatehouse.gov/votehistory.php?KEY=25886,H.4025,"Appropriations Bill, 2025-2026",https://www.scstatehouse.gov/billsearch.php?billnumbers=4025&session=126&headerfooter=0,,,Adopt section 60 - PROSECUTION COORDINATION COMMISSION,Aye,Passed
[S]-276,2025-04-23T00:00:00.000-04:00,https://www.scstatehouse.gov/votehistory.php?KEY=25925,H.4025,"Appropriations Bill, 2025-2026",https://www.scstatehouse.gov/billsearch.php?billnumbers=4025&session=126&headerfooter=0,,,Adopt section 105 - SFAA-AUDITOR'S OFFICE,Aye,Passed
[S]-274,2025-04-23T00:00:00.000-04:00,https://www.scstatehouse.gov/votehistory.php?KEY=25923,H.4025,"Appropriations Bill, 2025-2026",https://www.scstatehouse.gov/billsearch.php?billnumbers=4025&session=126&headerfooter=0,,,Adopt section 103 - REVENUE AND FISCAL AFFAIRS OFFICE,Aye,Passed
[S]-182,2025-04-23T00:00:00.000-04:00,https://www.scstatehouse.gov/votehistory.php?KEY=25831,H.4025,"Appropriations Bill, 2025-2026",https://www.scstatehouse.gov/billsearch.php?billnumbers=4025&session=126&headerfooter=0,,,"Adopt section 2 - FIRST STEPS, OFFICE OF",Aye,Passed
[S]-234,2025-04-23T00:00:00.000-04:00,https://www.scstatehouse.gov/votehistory.php?KEY=25883,H.4025,"Appropriations Bill, 2025-2026",https://www.scstatehouse.gov/billsearch.php?billnumbers=4025&session=126&headerfooter=0,,,Adopt section 57 - JUDICIAL DEPARTMENT,Abstain,Passed
[S]-229,2025-04-23T00:00:00.000-04:00,https://www.scstatehouse.gov/votehistory.php?KEY=25878,H.4025,"Appropriations Bill, 2025-2026",https://www.scstatehouse.gov/billsearch.php?billnumbers=4025&session=126&headerfooter=0,,,Adopt section 51 - JOBS-ECONOMIC DEVELOPMENT AUTHORITY,Aye,Passed
[S]-209,2025-04-23T00:00:00.000-04:00,https://www.scstatehouse.gov/votehistory.php?KEY=25858,H.4025,"Appropriations Bill, 2025-2026",https://www.scstatehouse.gov/billsearch.php?billnumbers=4025&session=126&headerfooter=0,,,Adopt section 30 - CONFEDERATE RELIC ROOM AND MILITARY MUSEUM,Aye,Passed
[S]-240,2025-04-23T00:00:00.000-04:00,https://www.scstatehouse.gov/votehistory.php?KEY=25889,H.4025,"Appropriations Bill, 2025-2026",https://www.scstatehouse.gov/billsearch.php?billnumbers=4025&session=126&headerfooter=0,,,"Adopt section 63 - PUBLIC SAFETY, DEPARTMENT OF",Aye,Passed
[S]-184,2025-04-23T00:00:00.000-04:00,https://www.scstatehouse.gov/votehistory.php?KEY=25833,H.4025,"Appropriations Bill, 2025-2026",https://www.scstatehouse.gov/billsearch.php?billnumbers=4025&session=126&headerfooter=0,,,Adopt section 4 - EDUCATION OVERSIGHT COMMITTEE,Aye,Passed
[S]-219,2025-04-23T00:00:00.000-04:00,https://www.scstatehouse.gov/votehistory.php?KEY=25868,H.4025,"Appropriations Bill, 2025-2026",https://www.scstatehouse.gov/billsearch.php?billnumbers=4025&session=126&headerfooter=0,,,"Adopt section 41 - CHILDREN'S ADVOCACY, DEPARTMENT OF",Aye,Passed
[S]-260,2025-04-23T00:00:00.000-04:00,https://www.scstatehouse.gov/votehistory.php?KEY=25909,H.4025,"Appropriations Bill, 2025-2026",https://www.scstatehouse.gov/billsearch.php?billnumbers=4025&session=126&headerfooter=0,,,"Adopt section 87 - AERONAUTICS, DIVISION OF",Aye,Passed
[S]-217,2025-04-23T00:00:00.000-04:00,https://www.scstatehouse.gov/votehistory.php?KEY=25866,H.4025,"Appropriations Bill, 2025-2026",https://www.scstatehouse.gov/billsearch.php?billnumbers=4025&session=126&headerfooter=0,,,"Adopt section 39 - BLIND, COMMISSION FOR THE",Aye,Passed
[S]-214,2025-04-23T00:00:00.000-04:00,https://www.scstatehouse.gov/votehistory.php?KEY=25863,H.4025,"Appropriations Bill, 2025-2026",https://www.scstatehouse.gov/billsearch.php?billnumbers=4025&session=126&headerfooter=0,,,"Adopt section 36 - DISABILITIES AND SPECIAL NEEDS, DEPARTMENT OF",Aye,Passed
[S]-213,2025-04-23T00:00:00.000-04:00,https://www.scstatehouse.gov/votehistory.php?KEY=25862,H.4025,"Appropriations Bill, 2025-2026",https://www.scstatehouse.gov/billsearch.php?billnumbers=4025&session=126&headerfooter=0,,,"Adopt section 35 - MENTAL HEALTH, DEPARTMENT OF",Aye,Passed
[S]-212,2025-04-23T00:00:00.000-04:00,https://www.scstatehouse.gov/votehistory.php?KEY=25861,H.4025,"Appropriations Bill, 2025-2026",https://www.scstatehouse.gov/billsearch.php?billnumbers=4025&session=126&headerfooter=0,,,"Adopt section 33 - HEALTH AND HUMAN SERVICES, DEPARTMENT OF",Aye,Passed
[S]-206,2025-04-23T00:00:00.000-04:00,https://www.scstatehouse.gov/votehistory.php?KEY=25855,H.4025,"Appropriations Bill, 2025-2026",https://www.scstatehouse.gov/billsearch.php?billnumbers=4025&session=126&headerfooter=0,,,"Adopt section 27 - LIBRARY, STATE",Aye,Passed
[S]-211,2025-04-23T00:00:00.000-04:00,https://www.scstatehouse.gov/votehistory.php?KEY=25860,H.4025,"Appropriations Bill, 2025-2026",https://www.scstatehouse.gov/billsearch.php?billnumbers=4025&session=126&headerfooter=0,,,Adopt section 32 - VOCATIONAL REHABILITATION,Aye,Passed
[S]-241,2025-04-23T00:00:00.000-04:00,https://www.scstatehouse.gov/votehistory.php?KEY=25890,H.4025,"Appropriations Bill, 2025-2026",https://www.scstatehouse.gov/billsearch.php?billnumbers=4025&session=126&headerfooter=0,,,Adopt section 64 - LAW ENFORCEMENT TRAINING COUNCIL,Aye,Passed
[S]-191,2025-04-23T00:00:00.000-04:00,https://www.scstatehouse.gov/votehistory.php?KEY=25840,H.4025,"Appropriations Bill, 2025-2026",https://www.scstatehouse.gov/billsearch.php?billnumbers=4025&session=126&headerfooter=0,,,"Adopt section 11 - HIGHER EDUCATION, COMMISSION ON",Aye,Passed
[S]-208,2025-04-23T00:00:00.000-04:00,https://www.scstatehouse.gov/votehistory.php?KEY=25857,H.4025,"Appropriations Bill, 2025-2026",https://www.scstatehouse.gov/billsearch.php?billnumbers=4025&session=126&headerfooter=0,,,"Adopt section 29 - MUSEUM COMMISSION, STATE",Aye,Passed
[S]-236,2025-04-23T00:00:00.000-04:00,https://www.scstatehouse.gov/votehistory.php?KEY=25885,H.4025,"Appropriations Bill, 2025-2026",https://www.scstatehouse.gov/billsearch.php?billnumbers=4025&session=126&headerfooter=0,,,Adopt section 59 - ATTORNEY GENERAL'S OFFICE,Aye,Passed
[S]-238,2025-04-23T00:00:00.000-04:00,https://www.scstatehouse.gov/votehistory.php?KEY=25887,H.4025,"Appropriations Bill, 2025-2026",https://www.scstatehouse.gov/billsearch.php?billnumbers=4025&session=126&headerfooter=0,,,"Adopt section 61 - INDIGENT DEFENSE, COMMISSION ON",Abstain,Passed
[S]-282,2025-04-23T00:00:00.000-04:00,https://www.scstatehouse.gov/votehistory.php?KEY=25931,H.4025,"Appropriations Bill, 2025-2026",https://www.scstatehouse.gov/billsearch.php?billnumbers=4025&session=126&headerfooter=0,,,Adopt section 111 - PROCUREMENT REVIEW PANEL,Aye,Passed
[S]-278,2025-04-23T00:00:00.000-04:00,https://www.scstatehouse.gov/votehistory.php?KEY=25927,H.4025,"Appropriations Bill, 2025-2026",https://www.scstatehouse.gov/billsearch.php?billnumbers=4025&session=126&headerfooter=0,,,Adopt section 107 - CAPITAL AND GENERAL RESERVE FUNDS,Aye,Passed
[S]-275,2025-04-23T00:00:00.000-04:00,https://www.scstatehouse.gov/votehistory.php?KEY=25924,H.4025,"Appropriations Bill, 2025-2026",https://www.scstatehouse.gov/billsearch.php?billnumbers=4025&session=126&headerfooter=0,,,Adopt section 104 - STATE FISCAL ACCOUNTABILITY AUTHORITY,Aye,Passed
[S]-199,2025-04-23T00:00:00.000-04:00,https://www.scstatehouse.gov/votehistory.php?KEY=25848,H.4025,"Appropriations Bill, 2025-2026",https://www.scstatehouse.gov/billsearch.php?billnumbers=4025&session=126&headerfooter=0,,,Adopt section 19 - SOUTH CAROLINA STATE UNIVERSITY,Aye,Passed
[S]-233,2025-04-23T00:00:00.000-04:00,https://www.scstatehouse.gov/votehistory.php?KEY=25882,H.4025,"Appropriations Bill, 2025-2026",https://www.scstatehouse.gov/billsearch.php?billnumbers=4025&session=126&headerfooter=0,,,"Adopt section 55 - ENVIRONMENTAL SERVICES, DEPARTMENT OF",Aye,Passed
[S]-228,2025-04-23T00:00:00.000-04:00,https://www.scstatehouse.gov/votehistory.php?KEY=25877,H.4025,"Appropriations Bill, 2025-2026",https://www.scstatehouse.gov/billsearch.php?billnumbers=4025&session=126&headerfooter=0,,,"Adopt section 50 - COMMERCE, DEPARTMENT OF",Aye,Passed
[S]-264,2025-04-23T00:00:00.000-04:00,https://www.scstatehouse.gov/votehistory.php?KEY=25913,H.4025,"Appropriations Bill, 2025-2026",https://www.scstatehouse.gov/billsearch.php?billnumbers=4025&session=126&headerfooter=0,,,"Adopt section 92D - RESILIENCE, OFFICE OF",Aye,Passed
[S]-248,2025-04-23T00:00:00.000-04:00,https://www.scstatehouse.gov/votehistory.php?KEY=25897,H.4025,"Appropriations Bill, 2025-2026",https://www.scstatehouse.gov/billsearch.php?billnumbers=4025&session=126&headerfooter=0,,,"Adopt section 73 - REGULATORY STAFF, OFFICE OF",Aye,Passed
[S]-267,2025-04-23T00:00:00.000-04:00,https://www.scstatehouse.gov/votehistory.php?KEY=25916,H.4025,"Appropriations Bill, 2025-2026",https://www.scstatehouse.gov/billsearch.php?billnumbers=4025&session=126&headerfooter=0,,,Adopt section 96 - SECRETARY OF STATE'S OFFICE,Aye,Passed
[S]-259,2025-04-23T00:00:00.000-04:00,https://www.scstatehouse.gov/votehistory.php?KEY=25908,H.4025,"Appropriations Bill, 2025-2026",https://www.scstatehouse.gov/billsearch.php?billnumbers=4025&session=126&headerfooter=0,,,"Adopt section 86 - TRANSPORTATION FUNDS, COUNTY",Aye,Passed
[S]-220,2025-04-23T00:00:00.000-04:00,https://www.scstatehouse.gov/votehistory.php?KEY=25869,H.4025,"Appropriations Bill, 2025-2026",https://www.scstatehouse.gov/billsearch.php?billnumbers=4025&session=126&headerfooter=0,,,Adopt section 42 - HOUSING FINANCE AND DEVELOPMENT AUTHORITY,Abstain,Passed
[S]-254,2025-04-23T00:00:00.000-04:00,https://www.scstatehouse.gov/votehistory.php?KEY=25903,H.4025,"Appropriations Bill, 2025-2026",https://www.scstatehouse.gov/billsearch.php?billnumbers=4025&session=126&headerfooter=0,,,"Adopt section 81 - LABOR, LICENSING AND REGULATION, DEPARTMENT OF",Abstain,Passed
[S]-258,2025-04-23T00:00:00.000-04:00,https://www.scstatehouse.gov/votehistory.php?KEY=25907,H.4025,"Appropriations Bill, 2025-2026",https://www.scstatehouse.gov/billsearch.php?billnumbers=4025&session=126&headerfooter=0,,,Adopt section 85 - INFRASTRUCTURE BANK BOARD,Aye,Passed
[S]-190,2025-04-23T00:00:00.000-04:00,https://www.scstatehouse.gov/votehistory.php?KEY=25839,H.4025,"Appropriations Bill, 2025-2026",https://www.scstatehouse.gov/billsearch.php?billnumbers=4025&session=126&headerfooter=0,,,Adopt section 10 - GOVERNOR'S SCHOOL FOR SCIENCE AND MATHEMATICS,Aye,Passed
[S]-235,2025-04-23T00:00:00.000-04:00,https://www.scstatehouse.gov/votehistory.php?KEY=25884,H.4025,"Appropriations Bill, 2025-2026",https://www.scstatehouse.gov/billsearch.php?billnumbers=4025&session=126&headerfooter=0,,,Adopt section 58 - ADMINISTRATIVE LAW COURT,Aye,Passed
[S]-279,2025-04-23T00:00:00.000-04:00,https://www.scstatehouse.gov/votehistory.php?KEY=25928,H.4025,"Appropriations Bill, 2025-2026",https://www.scstatehouse.gov/billsearch.php?billnumbers=4025&session=126&headerfooter=0,,,Adopt section 108 - PUBLIC EMPLOYEE BENEFIT AUTHORITY,Aye,Passed
[S]-218,2025-04-23T00:00:00.000-04:00,https://www.scstatehouse.gov/votehistory.php?KEY=25867,H.4025,"Appropriations Bill, 2025-2026",https://www.scstatehouse.gov/billsearch.php?billnumbers=4025&session=126&headerfooter=0,,,"Adopt section 40 - AGING, DEPARTMENT ON",Aye,Passed
[S]-280,2025-04-23T00:00:00.000-04:00,https://www.scstatehouse.gov/votehistory.php?KEY=25929,H.4025,"Appropriations Bill, 2025-2026",https://www.scstatehouse.gov/billsearch.php?billnumbers=4025&session=126&headerfooter=0,,,"Adopt section 109 - REVENUE, DEPARTMENT OF",Aye,Passed
[S]-283,2025-04-23T00:00:00.000-04:00,https://www.scstatehouse.gov/votehistory.php?KEY=25932,H.4025,"Appropriations Bill, 2025-2026",https://www.scstatehouse.gov/billsearch.php?billnumbers=4025&session=126&headerfooter=0,,,Adopt section 112 - DEBT SERVICE,Aye,Passed
[S]-271,2025-04-23T00:00:00.000-04:00,https://www.scstatehouse.gov/votehistory.php?KEY=25920,H.4025,"Appropriations Bill, 2025-2026",https://www.scstatehouse.gov/billsearch.php?billnumbers=4025&session=126&headerfooter=0,,,Adopt section 100 - ADJUTANT GENERAL'S OFFICE,Aye,Passed
[S]-281,2025-04-23T00:00:00.000-04:00,https://www.scstatehouse.gov/votehistory.php?KEY=25930,H.4025,"Appropriations Bill, 2025-2026",https://www.scstatehouse.gov/billsearch.php?billnumbers=4025&session=126&headerfooter=0,,,"Adopt section 110 - ETHICS COMMISSION, STATE",Aye,Passed
[S]-269,2025-04-23T00:00:00.000-04:00,https://www.scstatehouse.gov/votehistory.php?KEY=25918,H.4025,"Appropriations Bill, 2025-2026",https://www.scstatehouse.gov/billsearch.php?billnumbers=4025&session=126&headerfooter=0,,,"Adopt section 98 - TREASURER'S OFFICE, STATE",Nay,Passed
[S]-188,2025-04-23T00:00:00.000-04:00,https://www.scstatehouse.gov/votehistory.php?KEY=25837,H.4025,"Appropriations Bill, 2025-2026",https://www.scstatehouse.gov/billsearch.php?billnumbers=4025&session=126&headerfooter=0,,,Adopt section 8 - EDUCATIONAL TELEVISION COMMISSION,Aye,Passed
[S]-192,2025-04-23T00:00:00.000-04:00,https://www.scstatehouse.gov/votehistory.php?KEY=25841,H.4025,"Appropriations Bill, 2025-2026",https://www.scstatehouse.gov/billsearch.php?billnumbers=4025&session=126&headerfooter=0,,,Adopt section 12 - HIGHER EDUCATION TUITION GRANTS COMMISSION,Aye,Passed
[S]-210,2025-04-23T00:00:00.000-04:00,https://www.scstatehouse.gov/votehistory.php?KEY=25859,H.4025,"Appropriations Bill, 2025-2026",https://www.scstatehouse.gov/billsearch.php?billnumbers=4025&session=126&headerfooter=0,,,"Adopt section 31 - PUBLIC HEALTH, DEPARTMENT OF",Aye,Passed
[S]-253,2025-04-23T00:00:00.000-04:00,https://www.scstatehouse.gov/votehistory.php?KEY=25902,H.4025,"Appropriations Bill, 2025-2026",https://www.scstatehouse.gov/billsearch.php?billnumbers=4025&session=126&headerfooter=0,,,"Adopt section 80 - CONSUMER AFFAIRS, DEPARTMENT OF",Aye,Passed
[S]-255,2025-04-23T00:00:00.000-04:00,https://www.scstatehouse.gov/votehistory.php?KEY=25904,H.4025,"Appropriations Bill, 2025-2026",https://www.scstatehouse.gov/billsearch.php?billnumbers=4025&session=126&headerfooter=0,,,"Adopt section 82 - MOTOR VEHICLES, DEPARTMENT OF",Aye,Passed
[S]-263,2025-04-23T00:00:00.000-04:00,https://www.scstatehouse.gov/votehistory.php?KEY=25912,H.4025,"Appropriations Bill, 2025-2026",https://www.scstatehouse.gov/billsearch.php?billnumbers=4025&session=126&headerfooter=0,,,Adopt section 92 - GOVERNOR'S OFFICE,Aye,Passed
[S]-268,2025-04-23T00:00:00.000-04:00,https://www.scstatehouse.gov/votehistory.php?KEY=25917,H.4025,"Appropriations Bill, 2025-2026",https://www.scstatehouse.gov/billsearch.php?billnumbers=4025&session=126&headerfooter=0,,,Adopt section 97 - COMPTROLLER GENERAL'S OFFICE,Aye,Passed
[S]-261,2025-04-23T00:00:00.000-04:00,https://www.scstatehouse.gov/votehistory.php?KEY=25910,H.4025,"Appropriations Bill, 2025-2026",https://www.scstatehouse.gov/billsearch.php?billnumbers=4025&session=126&headerfooter=0,,,Adopt section 88 – PORTS AUTHORITY,Aye,Passed
[S]-245,2025-04-23T00:00:00.000-04:00,https://www.scstatehouse.gov/votehistory.php?KEY=25894,H.4025,"Appropriations Bill, 2025-2026",https://www.scstatehouse.gov/billsearch.php?billnumbers=4025&session=126&headerfooter=0,,,Adopt section 70 - HUMAN AFFAIRS COMMISSION,Aye,Passed
[S]-246,2025-04-23T00:00:00.000-04:00,https://www.scstatehouse.gov/votehistory.php?KEY=25895,H.4025,"Appropriations Bill, 2025-2026",https://www.scstatehouse.gov/billsearch.php?billnumbers=4025&session=126&headerfooter=0,,,"Adopt section 71 - MINORITY AFFAIRS, STATE COMMISSION FOR",Aye,Passed
[S]-231,2025-04-23T00:00:00.000-04:00,https://www.scstatehouse.gov/votehistory.php?KEY=25880,H.4025,"Appropriations Bill, 2025-2026",https://www.scstatehouse.gov/billsearch.php?billnumbers=4025&session=126&headerfooter=0,,,"Adopt section 53 - CONSERVATION BANK, S. C.",Aye,Passed
[S]-230,2025-04-23T00:00:00.000-04:00,https://www.scstatehouse.gov/votehistory.php?KEY=25879,H.4025,"Appropriations Bill, 2025-2026",https://www.scstatehouse.gov/billsearch.php?billnumbers=4025&session=126&headerfooter=0,,,Adopt section 52 - PATRIOTS POINT DEVELOPMENT AUTHORITY,Aye,Passed
[S]-232,2025-04-23T00:00:00.000-04:00,https://www.scstatehouse.gov/votehistory.php?KEY=25881,H.4025,"Appropriations Bill, 2025-2026",https://www.scstatehouse.gov/billsearch.php?billnumbers=4025&session=126&headerfooter=0,,,Adopt section 54 - RURAL INFRASTRUCTURE AUTHORITY,Aye,Passed
[S]-243,2025-04-23T00:00:00.000-04:00,https://www.scstatehouse.gov/votehistory.php?KEY=25892,H.4025,"Appropriations Bill, 2025-2026",https://www.scstatehouse.gov/billsearch.php?billnumbers=4025&session=126&headerfooter=0,,,"Adopt section 66 - PROBATION, PAROLE AND PARDON SERVICES, DEPARTMENT OF",Aye,Passed
[S]-252,2025-04-23T00:00:00.000-04:00,https://www.scstatehouse.gov/votehistory.php?KEY=25901,H.4025,"Appropriations Bill, 2025-2026",https://www.scstatehouse.gov/billsearch.php?billnumbers=4025&session=126&headerfooter=0,,,"Adopt section 79 - FINANCIAL INSTITUTIONS, BOARD OF",Aye,Passed
[S]-272,2025-04-23T00:00:00.000-04:00,https://www.scstatehouse.gov/votehistory.php?KEY=25921,H.4025,"Appropriations Bill, 2025-2026",https://www.scstatehouse.gov/billsearch.php?billnumbers=4025&session=126&headerfooter=0,,,"Adopt section 101 - VETERANS' AFFAIRS, DEPARTMENT OF",Aye,Passed
[S]-201,2025-04-23T00:00:00.000-04:00,https://www.scstatehouse.gov/votehistory.php?KEY=25850,H.4025,"Appropriations Bill, 2025-2026",https://www.scstatehouse.gov/billsearch.php?billnumbers=4025&session=126&headerfooter=0,,,Adopt section 21 - WINTHROP UNIVERSITY,Aye,Passed
[S]-251,2025-04-23T00:00:00.000-04:00,https://www.scstatehouse.gov/votehistory.php?KEY=25900,H.4025,"Appropriations Bill, 2025-2026",https://www.scstatehouse.gov/billsearch.php?billnumbers=4025&session=126&headerfooter=0,,,"Adopt section 78 - INSURANCE, DEPARTMENT OF",Aye,Passed
[S]-242,2025-04-23T00:00:00.000-04:00,https://www.scstatehouse.gov/votehistory.php?KEY=25891,H.4025,"Appropriations Bill, 2025-2026",https://www.scstatehouse.gov/billsearch.php?billnumbers=4025&session=126&headerfooter=0,,,"Adopt section 65 - CORRECTIONS, DEPARTMENT OF",Aye,Passed
[S]-225,2025-04-23T00:00:00.000-04:00,https://www.scstatehouse.gov/votehistory.php?KEY=25874,H.4025,"Appropriations Bill, 2025-2026",https://www.scstatehouse.gov/billsearch.php?billnumbers=4025&session=126&headerfooter=0,,,"Adopt section 47 - NATURAL RESOURCES, DEPARTMENT OF",Aye,Passed
[S]-215,2025-04-23T00:00:00.000-04:00,https://www.scstatehouse.gov/votehistory.php?KEY=25864,H.4025,"Appropriations Bill, 2025-2026",https://www.scstatehouse.gov/billsearch.php?billnumbers=4025&session=126&headerfooter=0,,,"Adopt section 37 - ALCOHOL AND OTHER DRUG ABUSE SERVICES, DEPARTMENT OF",Aye,Passed
[S]-262,2025-04-23T00:00:00.000-04:00,https://www.scstatehouse.gov/votehistory.php?KEY=25911,H.4025,"Appropriations Bill, 2025-2026",https://www.scstatehouse.gov/billsearch.php?billnumbers=4025&session=126&headerfooter=0,,,Adopt section 91 – LEGISLATIVE DEPTS.,Aye,Passed
[S]-221,2025-04-23T00:00:00.000-04:00,https://www.scstatehouse.gov/votehistory.php?KEY=25870,H.4025,"Appropriations Bill, 2025-2026",https://www.scstatehouse.gov/billsearch.php?billnumbers=4025&session=126&headerfooter=0,,,Adopt section 43 - FORESTRY COMMISSION,Aye,Passed
[S]-227,2025-04-23T00:00:00.000-04:00,https://www.scstatehouse.gov/votehistory.php?KEY=25876,H.4025,"Appropriations Bill, 2025-2026",https://www.scstatehouse.gov/billsearch.php?billnumbers=4025&session=126&headerfooter=0,,,"Adopt section 49 - PARKS, RECREATION AND TOURISM, DEPARTMENT OF",Aye,Passed
[S]-249,2025-04-23T00:00:00.000-04:00,https://www.scstatehouse.gov/votehistory.php?KEY=25898,H.4025,"Appropriations Bill, 2025-2026",https://www.scstatehouse.gov/billsearch.php?billnumbers=4025&session=126&headerfooter=0,,,Adopt section 74 - WORKERS' COMPENSATION COMMISSION,Abstain,Passed
[S]-200,2025-04-23T00:00:00.000-04:00,https://www.scstatehouse.gov/votehistory.php?KEY=25849,H.4025,"Appropriations Bill, 2025-2026",https://www.scstatehouse.gov/billsearch.php?billnumbers=4025&session=126&headerfooter=0,,,Adopt section 20 – UNIVERSITY OF SOUTH CAROLINA,Aye,Passed
[S]-180,2025-04-23T00:00:00.000-04:00,https://www.scstatehouse.gov/votehistory.php?KEY=25828,H.4025,"Appropriations Bill, 2025-2026",https://www.scstatehouse.gov/billsearch.php?billnumbers=4025&session=126&headerfooter=0,,,"Adopt section 1 - EDUCATION, DEPARTMENT OF",Aye,Passed
[S]-193,2025-04-23T00:00:00.000-04:00,https://www.scstatehouse.gov/votehistory.php?KEY=25842,H.4025,"Appropriations Bill, 2025-2026",https://www.scstatehouse.gov/billsearch.php?billnumbers=4025&session=126&headerfooter=0,,,"Adopt section 13 - CITADEL, THE",Aye,Passed
[S]-181,2025-04-23T00:00:00.000-04:00,https://www.scstatehouse.gov/votehistory.php?KEY=25829,H.4025,"Appropriations Bill, 2025-2026",https://www.scstatehouse.gov/billsearch.php?billnumbers=4025&session=126&headerfooter=0,,,Adopt section 1A – DEPARTMENT OF EDUCATION - EIA,Aye,Passed
[S]-198,2025-04-23T00:00:00.000-04:00,https://www.scstatehouse.gov/votehistory.php?KEY=25847,H.4025,"Appropriations Bill, 2025-2026",https://www.scstatehouse.gov/billsearch.php?billnumbers=4025&session=126&headerfooter=0,,,Adopt section 18 - LANDER UNIVERSITY,Aye,Passed
[S]-207,2025-04-23T00:00:00.000-04:00,https://www.scstatehouse.gov/votehistory.php?KEY=25856,H.4025,"Appropriations Bill, 2025-2026",https://www.scstatehouse.gov/billsearch.php?billnumbers=4025&session=126&headerfooter=0,,,Adopt section 28 - ARTS COMMISSION,Aye,Passed
[S]-226,2025-04-23T00:00:00.000-04:00,https://www.scstatehouse.gov/votehistory.php?KEY=25875,H.4025,"Appropriations Bill, 2025-2026",https://www.scstatehouse.gov/billsearch.php?billnumbers=4025&session=126&headerfooter=0,,,Adopt section 48 - SEA GRANT CONSORTIUM,Aye,Passed
[S]-189,2025-04-23T00:00:00.000-04:00,https://www.scstatehouse.gov/votehistory.php?KEY=25838,H.4025,"Appropriations Bill, 2025-2026",https://www.scstatehouse.gov/billsearch.php?billnumbers=4025&session=126&headerfooter=0,,,Adopt section 9 - GOVERNOR'S SCHOOL FOR ARTS AND HUMANITIES,Aye,Passed
[S]-204,2025-04-23T00:00:00.000-04:00,https://www.scstatehouse.gov/votehistory.php?KEY=25853,H.4025,"Appropriations Bill, 2025-2026",https://www.scstatehouse.gov/billsearch.php?billnumbers=4025&session=126&headerfooter=0,,,Adopt section 25 - TECHNICAL AND COMPREHENSIVE EDUCATION,Aye,Passed
[S]-222,2025-04-23T00:00:00.000-04:00,https://www.scstatehouse.gov/votehistory.php?KEY=25871,H.4025,"Appropriations Bill, 2025-2026",https://www.scstatehouse.gov/billsearch.php?billnumbers=4025&session=126&headerfooter=0,,,"Adopt section 44 - AGRICULTURE, DEPARTMENT OF",Aye,Passed
[S]-223,2025-04-23T00:00:00.000-04:00,https://www.scstatehouse.gov/votehistory.php?KEY=25872,H.4025,"Appropriations Bill, 2025-2026",https://www.scstatehouse.gov/billsearch.php?billnumbers=4025&session=126&headerfooter=0,,,Adopt section 45 - CLEMSON UNIVERSITY (PUBLIC SERVICE ACTIVITIES),Aye,Passed
[S]-194,2025-04-23T00:00:00.000-04:00,https://www.scstatehouse.gov/votehistory.php?KEY=25843,H.4025,"Appropriations Bill, 2025-2026",https://www.scstatehouse.gov/billsearch.php?billnumbers=4025&session=126&headerfooter=0,,,Adopt section 14 - CLEMSON UNIVERSITY,Aye,Passed
[S]-185,2025-04-23T00:00:00.000-04:00,https://www.scstatehouse.gov/votehistory.php?KEY=25834,H.4025,"Appropriations Bill, 2025-2026",https://www.scstatehouse.gov/billsearch.php?billnumbers=4025&session=126&headerfooter=0,,,Adopt section 5 - WIL LOU GRAY OPPORTUNITY SCHOOL,Aye,Passed
[S]-265,2025-04-23T00:00:00.000-04:00,https://www.scstatehouse.gov/votehistory.php?KEY=25914,H.4025,"Appropriations Bill, 2025-2026",https://www.scstatehouse.gov/billsearch.php?billnumbers=4025&session=126&headerfooter=0,,,"Adopt section 93 - ADMINISTRATION, DEPARTMENT OF",Aye,Passed
[S]-256,2025-04-23T00:00:00.000-04:00,https://www.scstatehouse.gov/votehistory.php?KEY=25905,H.4025,"Appropriations Bill, 2025-2026",https://www.scstatehouse.gov/billsearch.php?billnumbers=4025&session=126&headerfooter=0,,,"Adopt section 83 - EMPLOYMENT AND WORKFORCE, DEPARTMENT OF",Aye,Passed
[S]-197,2025-04-23T00:00:00.000-04:00,https://www.scstatehouse.gov/votehistory.php?KEY=25846,H.4025,"Appropriations Bill, 2025-2026",https://www.scstatehouse.gov/billsearch.php?billnumbers=4025&session=126&headerfooter=0,,,Adopt section 17 - FRANCIS MARION UNIVERSITY,Aye,Passed
[S]-195,2025-04-23T00:00:00.000-04:00,https://www.scstatehouse.gov/votehistory.php?KEY=25844,H.4025,"Appropriations Bill, 2025-2026",https://www.scstatehouse.gov/billsearch.php?billnumbers=4025&session=126&headerfooter=0,,,"Adopt section 15 - CHARLESTON, UNIVERSITY OF",Aye,Passed
[S]-257,2025-04-23T00:00:00.000-04:00,https://www.scstatehouse.gov/votehistory.php?KEY=25906,H.4025,"Appropriations Bill, 2025-2026",https://www.scstatehouse.gov/billsearch.php?billnumbers=4025&session=126&headerfooter=0,,,"Adopt section 84 - TRANSPORTATION, DEPARTMENT OF",Aye,Passed
[S]-295,2025-04-23T15:08:00.000-04:00,https://www.scstatehouse.gov/votehistory.php?KEY=25970,H.4025,"Appropriations Bill, 2025-2026",https://www.scstatehouse.gov/billsearch.php?billnumbers=4025&session=126&headerfooter=0,17A,https://scstatehouse.gov/amendments.php?KEY=33566,Table Amendment #17A,Nay,Failed
[S]-296,2025-04-23T15:52:00.000-04:00,https://www.scstatehouse.gov/votehistory.php?KEY=25973,H.4025,"Appropriations Bill, 2025-2026",https://www.scstatehouse.gov/billsearch.php?billnumbers=4025&session=126&headerfooter=0,36,https://scstatehouse.gov/amendments.php?KEY=33583,Adopt Amendment #36,Aye,Passed
[S]-297,2025-04-23T19:23:00.000-04:00,https://www.scstatehouse.gov/votehistory.php?KEY=25974,H.4025,"Appropriations Bill, 2025-2026",https://www.scstatehouse.gov/billsearch.php?billnumbers=4025&session=126&headerfooter=0,,,3rd Reading,Aye,Passed
[S]-298,2025-04-23T19:27:00.000-04:00,https://www.scstatehouse.gov/votehistory.php?KEY=25975,H.4026,Capital Reserve Fund,https://www.scstatehouse.gov/billsearch.php?billnumbers=4026&session=126&headerfooter=0,,,3rd Reading,Aye,Passed
[S]-299,2025-04-23T21:52:00.000-04:00,https://www.scstatehouse.gov/votehistory.php?KEY=25976,H.4025,"Appropriations Bill, 2025-2026",https://www.scstatehouse.gov/billsearch.php?billnumbers=4025&session=126&headerfooter=0,,,Adopt section 118 – STATEWIDE REVENUE,Aye,Passed
[S]-301,2025-04-24T11:47:00.000-04:00,https://www.scstatehouse.gov/votehistory.php?KEY=25982,H.3947,Continuing education requirements for nonresident real estate brokers and associates,https://www.scstatehouse.gov/billsearch.php?billnumbers=3947&session=126&headerfooter=0,,,2nd Reading,Aye,Passed
[S]-302,2025-04-24T11:52:00.000-04:00,https://www.scstatehouse.gov/votehistory.php?KEY=25984,S.416,School Expulsion,https://www.scstatehouse.gov/billsearch.php?billnumbers=416&session=126&headerfooter=0,,,2nd Reading,Aye,Passed
[S]-303,2025-04-24T12:01:00.000-04:00,https://www.scstatehouse.gov/votehistory.php?KEY=25986,S.221,South Carolina Kratom Consumer Protection Act,https://www.scstatehouse.gov/billsearch.php?billnumbers=221&session=126&headerfooter=0,,,2nd Reading,Aye,Passed
[S]-304,2025-04-24T12:07:00.000-04:00,https://www.scstatehouse.gov/votehistory.php?KEY=25987,H.3563,County veterans' affairs office,https://www.scstatehouse.gov/billsearch.php?billnumbers=3563&session=126&headerfooter=0,,,2nd Reading,Aye,Passed
[S]-305,2025-04-24T12:13:00.000-04:00,https://www.scstatehouse.gov/votehistory.php?KEY=25988,S.357,Mail Theft,https://www.scstatehouse.gov/billsearch.php?billnumbers=357&session=126&headerfooter=0,,,2nd Reading,Aye,Passed
[S]-306,2025-04-24T12:23:00.000-04:00,https://www.scstatehouse.gov/votehistory.php?KEY=25989,S.582,Ratify Constitutional Amendment,https://www.scstatehouse.gov/billsearch.php?billnumbers=582&session=126&headerfooter=0,,,2nd Reading,Aye,Passed
[S]-307,2025-04-24T12:25:00.000-04:00,https://www.scstatehouse.gov/votehistory.php?KEY=25990,H.3472,Small Estates,https://www.scstatehouse.gov/billsearch.php?billnumbers=3472&session=126&headerfooter=0,,,2nd Reading,Aye,Passed
[S]-308,2025-04-24T12:41:00.000-04:00,https://www.scstatehouse.gov/votehistory.php?KEY=25992,S.507,IRC conformity,https://www.scstatehouse.gov/billsearch.php?billnumbers=507&session=126&headerfooter=0,,,2nd Reading,Aye,Passed
[S]-309,2025-04-24T13:56:00.000-04:00,https://www.scstatehouse.gov/votehistory.php?KEY=25993,S.62,Education Scholarship Trust Fund,https://www.scstatehouse.gov/billsearch.php?billnumbers=62&session=126&headerfooter=0,RFH-2,https://scstatehouse.gov/amendments.php?KEY=33607,Table Amendment #RFH-2,Nay,Passed
[S]-312,2025-04-29T15:27:00.000-04:00,https://www.scstatehouse.gov/votehistory.php?KEY=26004,H.3333,Tax Increment Financing,https://www.scstatehouse.gov/billsearch.php?billnumbers=3333&session=126&headerfooter=0,,,2nd Reading,Aye,Passed
[S]-313,2025-04-29T15:36:00.000-04:00,https://www.scstatehouse.gov/votehistory.php?KEY=26005,S.114,Telecommunication Location Information,https://www.scstatehouse.gov/billsearch.php?billnumbers=114&session=126&headerfooter=0,,,2nd Reading,Aye,Passed
[S]-314,2025-04-29T15:37:00.000-04:00,https://www.scstatehouse.gov/votehistory.php?KEY=26006,S.196,Insurance Adjusters,https://www.scstatehouse.gov/billsearch.php?billnumbers=196&session=126&headerfooter=0,,,2nd Reading,Aye,Passed
[S]-315,2025-04-29T15:49:00.000-04:00,https://www.scstatehouse.gov/votehistory.php?KEY=26007,H.3432,Grantor Trust Reimbursement,https://www.scstatehouse.gov/billsearch.php?billnumbers=3432&session=126&headerfooter=0,,,2nd Reading,Aye,Passed
[S]-316,2025-04-29T15:53:00.000-04:00,https://www.scstatehouse.gov/votehistory.php?KEY=26008,H.3175,License plates,https://www.scstatehouse.gov/billsearch.php?billnumbers=3175&session=126&headerfooter=0,,,2nd Reading,Aye,Passed
[S]-317,2025-04-29T16:00:00.000-04:00,https://www.scstatehouse.gov/votehistory.php?KEY=26009,S.583,Board of Funeral Services continuing education requirements,https://www.scstatehouse.gov/billsearch.php?billnumbers=583&session=126&headerfooter=0,,,2nd Reading,Aye,Passed
[S]-318,2025-04-29T16:01:00.000-04:00,https://www.scstatehouse.gov/votehistory.php?KEY=26010,S.121,Adoption,https://www.scstatehouse.gov/billsearch.php?billnumbers=121&session=126&headerfooter=0,,,2nd Reading,Aye,Passed
[S]-319,2025-04-29T16:07:00.000-04:00,https://www.scstatehouse.gov/votehistory.php?KEY=26011,S.146,"Senator Roger A. Nutt Act, resident's rights in long-term care",https://www.scstatehouse.gov/billsearch.php?billnumbers=146&session=126&headerfooter=0,,,3rd Reading,Aye,Passed
[S]-320,2025-04-29T16:47:00.000-04:00,https://www.scstatehouse.gov/votehistory.php?KEY=26012,S.62,Education Scholarship Trust Fund,https://www.scstatehouse.gov/billsearch.php?billnumbers=62&session=126&headerfooter=0,,,Table Amendment No. 7,Nay,Passed
[S]-321,2025-04-29T16:55:00.000-04:00,https://www.scstatehouse.gov/votehistory.php?KEY=26013,S.62,Education Scholarship Trust Fund,https://www.scstatehouse.gov/billsearch.php?billnumbers=62&session=126&headerfooter=0,,,Table Amendment No. 8,Nay,Passed
[S]-322,2025-04-29T16:58:00.000-04:00,https://www.scstatehouse.gov/votehistory.php?KEY=26014,S.62,Education Scholarship Trust Fund,https://www.scstatehouse.gov/billsearch.php?billnumbers=62&session=126&headerfooter=0,,,Table Amendment No. 9,Nay,Passed
[S]-323,2025-04-29T17:11:00.000-04:00,https://www.scstatehouse.gov/votehistory.php?KEY=26015,S.62,Education Scholarship Trust Fund,https://www.scstatehouse.gov/billsearch.php?billnumbers=62&session=126&headerfooter=0,,,Table Amendment No. 11,Nay,Passed
[S]-324,2025-04-29T17:22:00.000-04:00,https://www.scstatehouse.gov/votehistory.php?KEY=26016,S.62,Education Scholarship Trust Fund,https://www.scstatehouse.gov/billsearch.php?billnumbers=62&session=126&headerfooter=0,,,Table Amendment No. 12,Nay,Passed
[S]-325,2025-04-29T17:39:00.000-04:00,https://www.scstatehouse.gov/votehistory.php?KEY=26017,S.62,Education Scholarship Trust Fund,https://www.scstatehouse.gov/billsearch.php?billnumbers=62&session=126&headerfooter=0,,,Table Amendment No. 13,Nay,Passed
[S]-326,2025-04-29T17:45:00.000-04:00,https://www.scstatehouse.gov/votehistory.php?KEY=26019,S.156,Fentanyl Induced Homicide,https://www.scstatehouse.gov/billsearch.php?billnumbers=156&session=126&headerfooter=0,,,concur,Nay,Failed
[S]-327,2025-04-29T17:51:00.000-04:00,https://www.scstatehouse.gov/votehistory.php?KEY=26021,S.164,State Agency Rule Making,https://www.scstatehouse.gov/billsearch.php?billnumbers=164&session=126&headerfooter=0,,,concur,Aye,Passed
[S]-328,2025-04-29T18:15:00.000-04:00,https://www.scstatehouse.gov/votehistory.php?KEY=26022,H.3862,Charter school enrollment preferences,https://www.scstatehouse.gov/billsearch.php?billnumbers=3862&session=126&headerfooter=0,1,https://scstatehouse.gov/amendments.php?KEY=33623,Table Amendment #1,Nay,Passed
[S]-329,2025-04-29T18:33:00.000-04:00,https://www.scstatehouse.gov/votehistory.php?KEY=26023,H.3862,Charter school enrollment preferences,https://www.scstatehouse.gov/billsearch.php?billnumbers=3862&session=126&headerfooter=0,,,2nd Reading, ,Passed
[S]-331,2025-04-30T14:32:00.000-04:00,https://www.scstatehouse.gov/votehistory.php?KEY=26039,S.214,State Commission for Community Advancement and Engagement,https://www.scstatehouse.gov/billsearch.php?billnumbers=214&session=126&headerfooter=0,,,2nd Reading,Aye,Passed
[S]-332,2025-04-30T14:43:00.000-04:00,https://www.scstatehouse.gov/votehistory.php?KEY=26041,S.268,Children and Social Media,https://www.scstatehouse.gov/billsearch.php?billnumbers=268&session=126&headerfooter=0,,,2nd Reading,Aye,Passed
[S]-336,2025-04-30T18:26:00.000-04:00,https://www.scstatehouse.gov/votehistory.php?KEY=26046,H.3276,SC Hands-Free Act,https://www.scstatehouse.gov/billsearch.php?billnumbers=3276&session=126&headerfooter=0,,,2nd Reading,Aye,Passed
[S]-338,2025-05-01T11:42:00.000-04:00,https://www.scstatehouse.gov/votehistory.php?KEY=26054,S.454,Charter School Accountability,https://www.scstatehouse.gov/billsearch.php?billnumbers=454&session=126&headerfooter=0,,,2nd Reading, ,Passed
[S]-339,2025-05-01T11:54:00.000-04:00,https://www.scstatehouse.gov/votehistory.php?KEY=26055,S.163,Cryptocurrency,https://www.scstatehouse.gov/billsearch.php?billnumbers=163&session=126&headerfooter=0,,,2nd Reading,Aye,Passed
[S]-340,2025-05-01T12:01:00.000-04:00,https://www.scstatehouse.gov/votehistory.php?KEY=26056,S.316,Civil Litigation Reform,https://www.scstatehouse.gov/billsearch.php?billnumbers=316&session=126&headerfooter=0,,,2nd Reading,Aye,Passed
[S]-341,2025-05-01T12:10:00.000-04:00,https://www.scstatehouse.gov/votehistory.php?KEY=26057,H.3431,South Carolina Social Media Regulation Act,https://www.scstatehouse.gov/billsearch.php?billnumbers=3431&session=126&headerfooter=0,,,2nd Reading,Aye,Passed
[S]-342,2025-05-01T12:14:00.000-04:00,https://www.scstatehouse.gov/votehistory.php?KEY=26058,S.102,Operating millage rates,https://www.scstatehouse.gov/billsearch.php?billnumbers=102&session=126&headerfooter=0,,,2nd Reading,Aye,Passed
[S]-343,2025-05-01T12:21:00.000-04:00,https://www.scstatehouse.gov/votehistory.php?KEY=26060,S.439,Manufacturing property tax exemption,https://www.scstatehouse.gov/billsearch.php?billnumbers=439&session=126&headerfooter=0,,,2nd Reading,Aye,Passed
[S]-344,2025-05-01T12:32:00.000-04:00,https://www.scstatehouse.gov/votehistory.php?KEY=26063,H.3058,Disclosure of Intimate Images,https://www.scstatehouse.gov/billsearch.php?billnumbers=3058&session=126&headerfooter=0,,,2nd Reading,Aye,Passed
[S]-345,2025-05-01T12:41:00.000-04:00,https://www.scstatehouse.gov/votehistory.php?KEY=26065,H.3800,Sales tax exemption,https://www.scstatehouse.gov/billsearch.php?billnumbers=3800&session=126&headerfooter=0,,,2nd Reading,Aye,Passed
[S]-346,2025-05-01T12:52:00.000-04:00,https://www.scstatehouse.gov/votehistory.php?KEY=26076,H.3910,Jurisdiction,https://www.scstatehouse.gov/billsearch.php?billnumbers=3910&session=126&headerfooter=0,,,2nd Reading,Aye,Passed
[S]-347,2025-05-01T14:29:00.000-04:00,https://www.scstatehouse.gov/votehistory.php?KEY=26094,H.3996,Anesthesiologist Assistants,https://www.scstatehouse.gov/billsearch.php?billnumbers=3996&session=126&headerfooter=0,1,https://scstatehouse.gov/amendments.php?KEY=33671,Table Amendment #1,Nay,Passed
[S]-348,2025-05-01T14:40:00.000-04:00,https://www.scstatehouse.gov/votehistory.php?KEY=26095,H.3996,Anesthesiologist Assistants,https://www.scstatehouse.gov/billsearch.php?billnumbers=3996&session=126&headerfooter=0,,,2nd Reading,Aye,Passed
[S]-349,2025-05-01T15:01:00.000-04:00,https://www.scstatehouse.gov/votehistory.php?KEY=26099,H.3127,Failure to stop a motor vehicle,https://www.scstatehouse.gov/billsearch.php?billnumbers=3127&session=126&headerfooter=0,,,3rd Reading,Aye,Passed
[S]-351,2025-05-06T14:42:00.000-04:00,https://www.scstatehouse.gov/votehistory.php?KEY=26116,H.3309,Electrical Utilities,https://www.scstatehouse.gov/billsearch.php?billnumbers=3309&session=126&headerfooter=0,,,Rule 32A waive printing,Aye,Passed
[S]-352,2025-05-06T15:01:00.000-04:00,https://www.scstatehouse.gov/votehistory.php?KEY=26118,H.3431,South Carolina Social Media Regulation Act,https://www.scstatehouse.gov/billsearch.php?billnumbers=3431&session=126&headerfooter=0,,,3rd Reading,Aye,Passed
[S]-353,2025-05-06T15:08:00.000-04:00,https://www.scstatehouse.gov/votehistory.php?KEY=26119,H.4160,"Judicial seats, circuit court",https://www.scstatehouse.gov/billsearch.php?billnumbers=4160&session=126&headerfooter=0,,,3rd Reading,Aye,Passed
[S]-354,2025-05-06T15:18:00.000-04:00,https://www.scstatehouse.gov/votehistory.php?KEY=26120,H.3571,Underground Facility Damage Prevention,https://www.scstatehouse.gov/billsearch.php?billnumbers=3571&session=126&headerfooter=0,,,3rd Reading,Aye,Passed
[S]-355,2025-05-06T15:20:00.000-04:00,https://www.scstatehouse.gov/votehistory.php?KEY=26121,S.526,Appeals of Agency Determinations,https://www.scstatehouse.gov/billsearch.php?billnumbers=526&session=126&headerfooter=0,,,2nd Reading,Aye,Passed
[S]-356,2025-05-06T15:44:00.000-04:00,https://www.scstatehouse.gov/votehistory.php?KEY=26126,S.369,Commodity Code Execution,https://www.scstatehouse.gov/billsearch.php?billnumbers=369&session=126&headerfooter=0,,,2nd Reading,Aye,Passed
[S]-357,2025-05-06T15:50:00.000-04:00,https://www.scstatehouse.gov/votehistory.php?KEY=26130,H.3222,Litter control officers,https://www.scstatehouse.gov/billsearch.php?billnumbers=3222&session=126&headerfooter=0,,,2nd Reading,Aye,Passed
[S]-358,2025-05-06T15:56:00.000-04:00,https://www.scstatehouse.gov/votehistory.php?KEY=26131,S.383,Official state migratory bird,https://www.scstatehouse.gov/billsearch.php?billnumbers=383&session=126&headerfooter=0,,,2nd Reading,Aye,Passed
[S]-359,2025-05-06T16:01:00.000-04:00,https://www.scstatehouse.gov/votehistory.php?KEY=26132,S.449,Collaborative Practice Agreements,https://www.scstatehouse.gov/billsearch.php?billnumbers=449&session=126&headerfooter=0,,,2nd Reading,Aye,Passed
[S]-360,2025-05-06T16:03:00.000-04:00,https://www.scstatehouse.gov/votehistory.php?KEY=26133,S.477,Pharmacy access,https://www.scstatehouse.gov/billsearch.php?billnumbers=477&session=126&headerfooter=0,,,2nd Reading,Aye,Passed
[S]-361,2025-05-06T16:07:00.000-04:00,https://www.scstatehouse.gov/votehistory.php?KEY=26134,H.3632,STEM scholarship stipends,https://www.scstatehouse.gov/billsearch.php?billnumbers=3632&session=126&headerfooter=0,,,2nd Reading,Aye,Passed
[S]-362,2025-05-06T16:10:00.000-04:00,https://www.scstatehouse.gov/votehistory.php?KEY=26135,H.3752,Social Work Interstate Compact Act,https://www.scstatehouse.gov/billsearch.php?billnumbers=3752&session=126&headerfooter=0,,,2nd Reading,Aye,Passed
[S]-363,2025-05-06T16:17:00.000-04:00,https://www.scstatehouse.gov/votehistory.php?KEY=26136,H.4067,Hospital Emergency Departments,https://www.scstatehouse.gov/billsearch.php?billnumbers=4067&session=126&headerfooter=0,,,2nd Reading,Aye,Passed
[S]-364,2025-05-06T16:19:00.000-04:00,https://www.scstatehouse.gov/votehistory.php?KEY=26137,H.4261,Blood Cancer Awareness Month,https://www.scstatehouse.gov/billsearch.php?billnumbers=4261&session=126&headerfooter=0,,,2nd Reading,Aye,Passed
[S]-365,2025-05-06T16:27:00.000-04:00,https://www.scstatehouse.gov/votehistory.php?KEY=26138,H.4307,Lancaster County voting precincts,https://www.scstatehouse.gov/billsearch.php?billnumbers=4307&session=126&headerfooter=0,,,2nd Reading,Aye,Passed
[S]-366,2025-05-06T16:37:00.000-04:00,https://www.scstatehouse.gov/votehistory.php?KEY=26139,H.4402,PSC Elections,https://www.scstatehouse.gov/billsearch.php?billnumbers=4402&session=126&headerfooter=0,,,2nd Reading,Aye,Passed
[S]-367,2025-05-06T16:47:00.000-04:00,https://www.scstatehouse.gov/votehistory.php?KEY=26140,S.585,Motor Vehicle Registration,https://www.scstatehouse.gov/billsearch.php?billnumbers=585&session=126&headerfooter=0,,,2nd Reading,Aye,Passed
[S]-368,2025-05-06T16:50:00.000-04:00,https://www.scstatehouse.gov/votehistory.php?KEY=26141,S.399,Public Transit Trespass,https://www.scstatehouse.gov/billsearch.php?billnumbers=399&session=126&headerfooter=0,,,2nd Reading,Aye,Passed
[S]-369,2025-05-06T16:53:00.000-04:00,https://www.scstatehouse.gov/votehistory.php?KEY=26142,H.3813,Bear hunting,https://www.scstatehouse.gov/billsearch.php?billnumbers=3813&session=126&headerfooter=0,,,grant free conference powers,Aye,Passed
[S]-370,2025-05-06T17:01:00.000-04:00,https://www.scstatehouse.gov/votehistory.php?KEY=26143,H.3813,Bear hunting,https://www.scstatehouse.gov/billsearch.php?billnumbers=3813&session=126&headerfooter=0,,,Adopt the free conference report,Aye,Passed
[S]-371,2025-05-06T17:07:00.000-04:00,https://www.scstatehouse.gov/votehistory.php?KEY=26144,S.74,Electronic Records,https://www.scstatehouse.gov/billsearch.php?billnumbers=74&session=126&headerfooter=0,,,Adopt amendment,Aye,Passed
[S]-372,2025-05-06T17:16:00.000-04:00,https://www.scstatehouse.gov/votehistory.php?KEY=26145,S.28,AI Child Abuse,https://www.scstatehouse.gov/billsearch.php?billnumbers=28&session=126&headerfooter=0,,,Adopt amendment,Aye,Passed
[S]-373,2025-05-06T17:20:00.000-04:00,https://www.scstatehouse.gov/votehistory.php?KEY=26146,S.29,MPIC,https://www.scstatehouse.gov/billsearch.php?billnumbers=29&session=126&headerfooter=0,RFH-1,https://scstatehouse.gov/amendments.php?KEY=33707,Adopt Amendment #RFH-1,Aye,Passed
[S]-374,2025-05-06T17:22:00.000-04:00,https://www.scstatehouse.gov/votehistory.php?KEY=26147,S.101,Firefighter registration requirements,https://www.scstatehouse.gov/billsearch.php?billnumbers=101&session=126&headerfooter=0,,,concur,Aye,Passed
[S]-375,2025-05-06T17:27:00.000-04:00,https://www.scstatehouse.gov/votehistory.php?KEY=26149,S.136,Dismissal of pending gun possession charges,https://www.scstatehouse.gov/billsearch.php?billnumbers=136&session=126&headerfooter=0,RFH-1,https://scstatehouse.gov/amendments.php?KEY=33708,Adopt Amendment #RFH-1,Aye,Passed
[S]-376,2025-05-06T17:28:00.000-04:00,https://www.scstatehouse.gov/votehistory.php?KEY=26150,S.171,Regrooved and Regroovable Tires,https://www.scstatehouse.gov/billsearch.php?billnumbers=171&session=126&headerfooter=0,,,concur,Aye,Passed
[S]-378,2025-05-06T17:38:00.000-04:00,https://www.scstatehouse.gov/votehistory.php?KEY=26152,S.89,Military Affairs Advisory Council,https://www.scstatehouse.gov/billsearch.php?billnumbers=89&session=126&headerfooter=0,,,concur,Aye,Passed
[S]-379,2025-05-06T17:43:00.000-04:00,https://www.scstatehouse.gov/votehistory.php?KEY=26153,H.3563,County veterans' affairs office,https://www.scstatehouse.gov/billsearch.php?billnumbers=3563&session=126&headerfooter=0,,,3rd Reading,Aye,Passed
[S]-381,2025-05-07T14:40:00.000-04:00,https://www.scstatehouse.gov/votehistory.php?KEY=26204,H.3309,Electrical Utilities,https://www.scstatehouse.gov/billsearch.php?billnumbers=3309&session=126&headerfooter=0,,,concur,Nay,Passed
[S]-383,2025-05-07T16:10:00.000-04:00,https://www.scstatehouse.gov/votehistory.php?KEY=26219,H.3008,Convention of the States,https://www.scstatehouse.gov/billsearch.php?billnumbers=3008&session=126&headerfooter=0,,,take up the order of the day,Nay,Passed
[S]-384,2025-05-07T16:17:00.000-04:00,https://www.scstatehouse.gov/votehistory.php?KEY=26220, ,to take up the order of the day,https://www.scstatehouse.gov/billsearch.php?billnumbers=undefined&session=126&headerfooter=0,,,,Nay,Passed
[S]-385,2025-05-07T17:08:00.000-04:00,https://www.scstatehouse.gov/votehistory.php?KEY=26223,H.3008,Convention of the States,https://www.scstatehouse.gov/billsearch.php?billnumbers=3008&session=126&headerfooter=0,1,https://scstatehouse.gov/amendments.php?KEY=33784,Table Amendment #1,Aye,Passed
[S]-386,2025-05-07T18:11:00.000-04:00,https://www.scstatehouse.gov/votehistory.php?KEY=26227,H.3008,Convention of the States,https://www.scstatehouse.gov/billsearch.php?billnumbers=3008&session=126&headerfooter=0,,,Adopt the Resolution,Nay,Passed
[S]-387,2025-05-07T18:42:00.000-04:00,https://www.scstatehouse.gov/votehistory.php?KEY=26228,H.3222,Litter control officers,https://www.scstatehouse.gov/billsearch.php?billnumbers=3222&session=126&headerfooter=0,,,3rd Reading,Aye,Passed
[S]-388,2025-05-07T18:54:00.000-04:00,https://www.scstatehouse.gov/votehistory.php?KEY=26229,H.3292,Golf carts,https://www.scstatehouse.gov/billsearch.php?billnumbers=3292&session=126&headerfooter=0,,,3rd Reading,Aye,Passed
[S]-389,2025-05-07T19:04:00.000-04:00,https://www.scstatehouse.gov/votehistory.php?KEY=26230,H.4296,Military Code,https://www.scstatehouse.gov/billsearch.php?billnumbers=4296&session=126&headerfooter=0,,,3rd Reading,Aye,Passed
[S]-390,2025-05-07T19:16:00.000-04:00,https://www.scstatehouse.gov/votehistory.php?KEY=26231,H.4247,Commodity Code Execution,https://www.scstatehouse.gov/billsearch.php?billnumbers=4247&session=126&headerfooter=0,,,2nd Reading,Aye,Passed
[S]-391,2025-05-07T19:18:00.000-04:00,https://www.scstatehouse.gov/votehistory.php?KEY=26232,H.4267,Mayflower Compact Day,https://www.scstatehouse.gov/billsearch.php?billnumbers=4267&session=126&headerfooter=0,,,2nd Reading,Aye,Passed
[S]-392,2025-05-07T19:48:00.000-04:00,https://www.scstatehouse.gov/votehistory.php?KEY=26233,H.3430,Tort Reform and Liquor Liability,https://www.scstatehouse.gov/billsearch.php?billnumbers=3430&session=126&headerfooter=0,,,concur,Aye,Passed
[S]-393,2025-05-07T20:02:00.000-04:00,https://www.scstatehouse.gov/votehistory.php?KEY=26235,S.318,Government Efficiency,https://www.scstatehouse.gov/billsearch.php?billnumbers=318&session=126&headerfooter=0,,,2nd Reading,Nay,Passed
[S]-401,2025-05-08T11:51:00.000-04:00,https://www.scstatehouse.gov/votehistory.php?KEY=26243,H.4247,Commodity Code Execution,https://www.scstatehouse.gov/billsearch.php?billnumbers=4247&session=126&headerfooter=0,,,3rd Reading,Aye,Passed
[S]-402,2025-05-08T12:05:00.000-04:00,https://www.scstatehouse.gov/votehistory.php?KEY=26245,S.156,Fentanyl Induced Homicide,https://www.scstatehouse.gov/billsearch.php?billnumbers=156&session=126&headerfooter=0,,,grant free conference powers,Aye,Passed
[S]-435,2025-05-08T14:51:00.000-04:00,https://www.scstatehouse.gov/votehistory.php?KEY=26296,S.156,Fentanyl Induced Homicide,https://www.scstatehouse.gov/billsearch.php?billnumbers=156&session=126&headerfooter=0,,,Adopt the free conference report,Aye,Passed
[S]-436,2025-05-08T14:59:00.000-04:00,https://www.scstatehouse.gov/votehistory.php?KEY=26297,S.127,Catawba Nation,https://www.scstatehouse.gov/billsearch.php?billnumbers=127&session=126&headerfooter=0,,,Adopt the conference report,Aye,Passed
[S]-437,2025-05-08T15:07:00.000-04:00,https://www.scstatehouse.gov/votehistory.php?KEY=26304,S.29,MPIC,https://www.scstatehouse.gov/billsearch.php?billnumbers=29&session=126&headerfooter=0,,,Adopt the conference report,Aye,Passed
[S]-438,2025-05-08T15:38:00.000-04:00,https://www.scstatehouse.gov/votehistory.php?KEY=26306,S.121,Adoption,https://www.scstatehouse.gov/billsearch.php?billnumbers=121&session=126&headerfooter=0,,,3rd Reading,Aye,Passed
[S]-439,2025-05-08T15:46:00.000-04:00,https://www.scstatehouse.gov/votehistory.php?KEY=26307,S.28,AI Child Abuse,https://www.scstatehouse.gov/billsearch.php?billnumbers=28&session=126&headerfooter=0,,,Adopt the conference report,Aye,Passed
[S]-440,2025-05-08T16:19:00.000-04:00,https://www.scstatehouse.gov/votehistory.php?KEY=26310,S.318,Government Efficiency,https://www.scstatehouse.gov/billsearch.php?billnumbers=318&session=126&headerfooter=0,,,Rule 15,Nay,Passed
[S]-441,2025-05-08T16:23:00.000-04:00,https://www.scstatehouse.gov/votehistory.php?KEY=26311,S.318,Government Efficiency,https://www.scstatehouse.gov/billsearch.php?billnumbers=318&session=126&headerfooter=0,,,Cloture Motion,Nay,Passed
[S]-442,2025-05-08T16:33:00.000-04:00,https://www.scstatehouse.gov/votehistory.php?KEY=26313,S.318,Government Efficiency,https://www.scstatehouse.gov/billsearch.php?billnumbers=318&session=126&headerfooter=0,6,https://scstatehouse.gov/amendments.php?KEY=33803,Adopt Amendment #6,Aye,Failed
[S]-443,2025-05-08T16:42:00.000-04:00,https://www.scstatehouse.gov/votehistory.php?KEY=26314,S.318,Government Efficiency,https://www.scstatehouse.gov/billsearch.php?billnumbers=318&session=126&headerfooter=0,8,https://scstatehouse.gov/amendments.php?KEY=33804,Adopt Amendment #8,Nay,Failed
[S]-444,2025-05-08T16:45:00.000-04:00,https://www.scstatehouse.gov/votehistory.php?KEY=26315,S.318,Government Efficiency,https://www.scstatehouse.gov/billsearch.php?billnumbers=318&session=126&headerfooter=0,,,3rd Reading,Nay,Passed
[S]-445,2025-05-08T16:49:00.000-04:00,https://www.scstatehouse.gov/votehistory.php?KEY=26316,H.3007,Convention of the States,https://www.scstatehouse.gov/billsearch.php?billnumbers=3007&session=126&headerfooter=0,,,rule 15 waive 2 hour time limit,Nay,Passed
[S]-446,2025-05-08T16:54:00.000-04:00,https://www.scstatehouse.gov/votehistory.php?KEY=26317, ,to adjourn,https://www.scstatehouse.gov/billsearch.php?billnumbers=undefined&session=126&headerfooter=0,,,,Aye,Failed
[S]-448,2025-05-28T12:28:00.000-04:00,https://www.scstatehouse.gov/votehistory.php?KEY=26321,H.4025,"Appropriations Bill, 2025-2026",https://www.scstatehouse.gov/billsearch.php?billnumbers=4025&session=126&headerfooter=0,,,Adopt the conference report,Aye,Passed
[S]-449,2025-05-28T12:30:00.000-04:00,https://www.scstatehouse.gov/votehistory.php?KEY=26322,S.136,Dismissal of pending gun possession charges,https://www.scstatehouse.gov/billsearch.php?billnumbers=136&session=126&headerfooter=0,,,override the veto,Aye,Passed
[S]-452,2026-01-14T14:41:00.000-05:00,https://www.scstatehouse.gov/votehistory.php?KEY=26334,S.59,Increased Penalties for Driving Without a License,https://www.scstatehouse.gov/billsearch.php?billnumbers=59&session=126&headerfooter=0,,,2nd Reading,Aye,Passed
[S]-454,2026-01-15T11:32:00.000-05:00,https://www.scstatehouse.gov/votehistory.php?KEY=26346,S.52,Driving under the influence,https://www.scstatehouse.gov/billsearch.php?billnumbers=52&session=126&headerfooter=0,,,set for Special Order,Aye,Passed
[S]-456,2026-01-20T13:07:00.000-05:00,https://www.scstatehouse.gov/votehistory.php?KEY=26353,S.256,Commercial Property Assessed Clean Energy Programs C-PACE,https://www.scstatehouse.gov/billsearch.php?billnumbers=256&session=126&headerfooter=0,,,2nd Reading,Aye,Failed
[S]-458,2026-01-21T13:29:00.000-05:00,https://www.scstatehouse.gov/votehistory.php?KEY=26356,S.769,Continuing Resolution,https://www.scstatehouse.gov/billsearch.php?billnumbers=769&session=126&headerfooter=0,,,2nd Reading,Aye,Passed
[S]-459,2026-01-21T13:33:00.000-05:00,https://www.scstatehouse.gov/votehistory.php?KEY=26357,S.779,Legislative Expense Allowance,https://www.scstatehouse.gov/billsearch.php?billnumbers=779&session=126&headerfooter=0,,,2nd Reading,Aye,Passed
[S]-464,2026-02-03T15:24:00.000-05:00,https://www.scstatehouse.gov/votehistory.php?KEY=26394,S.26,Watercraft Liability Insurance,https://www.scstatehouse.gov/billsearch.php?billnumbers=26&session=126&headerfooter=0,,,2nd Reading,Aye,Passed
[S]-466,2026-02-04T15:43:00.000-05:00,https://www.scstatehouse.gov/votehistory.php?KEY=26406,S.52,Driving under the influence,https://www.scstatehouse.gov/billsearch.php?billnumbers=52&session=126&headerfooter=0,45,https://scstatehouse.gov/amendments.php?KEY=33905,Table Amendment #45,Nay,Failed
[S]-467,2026-02-04T17:04:00.000-05:00,https://www.scstatehouse.gov/votehistory.php?KEY=26413,S.52,Driving under the influence,https://www.scstatehouse.gov/billsearch.php?billnumbers=52&session=126&headerfooter=0,45,https://scstatehouse.gov/amendments.php?KEY=33905,Adopt Amendment #45,Aye,Failed
[S]-468,2026-02-04T17:46:00.000-05:00,https://www.scstatehouse.gov/votehistory.php?KEY=26414,S.52,Driving under the influence,https://www.scstatehouse.gov/billsearch.php?billnumbers=52&session=126&headerfooter=0,,,2nd Reading,Aye,Passed
[S]-469,2026-02-04T17:58:00.000-05:00,https://www.scstatehouse.gov/votehistory.php?KEY=26416,S.623,Georgetown County Building Requirements,https://www.scstatehouse.gov/billsearch.php?billnumbers=623&session=126&headerfooter=0,,,override the veto,Aye,Passed
[S]-471,2026-02-05T11:56:00.000-05:00,https://www.scstatehouse.gov/votehistory.php?KEY=26434,S.695,Unauthorized Fees for Claim Assistance,https://www.scstatehouse.gov/billsearch.php?billnumbers=695&session=126&headerfooter=0,,,2nd Reading,Aye,Passed
[S]-472,2026-02-05T12:02:00.000-05:00,https://www.scstatehouse.gov/votehistory.php?KEY=26435,S.880,Election Schedule,https://www.scstatehouse.gov/billsearch.php?billnumbers=880&session=126&headerfooter=0,,,2nd Reading,Aye,Passed
[S]-473,2026-02-05T12:17:00.000-05:00,https://www.scstatehouse.gov/votehistory.php?KEY=26436,S.287,Electronic Nicotine Delivery System Regulation,https://www.scstatehouse.gov/billsearch.php?billnumbers=287&session=126&headerfooter=0,,,concur,Aye,Passed
[S]-475,2026-02-10T14:11:00.000-05:00,https://www.scstatehouse.gov/votehistory.php?KEY=26447,S.454,Charter School Accountability,https://www.scstatehouse.gov/billsearch.php?billnumbers=454&session=126&headerfooter=0,,,3rd Reading,Aye,Passed
[S]-478,2026-02-12T11:57:00.000-05:00,https://www.scstatehouse.gov/votehistory.php?KEY=26463,S.453,Teledentistry,https://www.scstatehouse.gov/billsearch.php?billnumbers=453&session=126&headerfooter=0,,,2nd Reading,Aye,Passed
[S]-480,2026-02-17T12:21:00.000-05:00,https://www.scstatehouse.gov/votehistory.php?KEY=26467,S.718,Removal of People from Vehicle Park,https://www.scstatehouse.gov/billsearch.php?billnumbers=718&session=126&headerfooter=0,,,2nd Reading,Aye,Passed
[S]-481,2026-02-17T12:38:00.000-05:00,https://www.scstatehouse.gov/votehistory.php?KEY=26470,S.845,Child Fatality Advisory Committee,https://www.scstatehouse.gov/billsearch.php?billnumbers=845&session=126&headerfooter=0,,,2nd Reading,Aye,Passed
[S]-482,2026-02-17T12:40:00.000-05:00,https://www.scstatehouse.gov/votehistory.php?KEY=26471,S.868,Gold Shield Day,https://www.scstatehouse.gov/billsearch.php?billnumbers=868&session=126&headerfooter=0,,,2nd Reading,Aye,Passed
[S]-483,2026-02-17T12:55:00.000-05:00,https://www.scstatehouse.gov/votehistory.php?KEY=26473,H.4257,Excused student absences,https://www.scstatehouse.gov/billsearch.php?billnumbers=4257&session=126&headerfooter=0,,,2nd Reading,Aye,Passed
[S]-484,2026-02-17T14:21:00.000-05:00,https://www.scstatehouse.gov/votehistory.php?KEY=26476,H.4902,"Intercollegiate Athletes' Compensation for Name, Image, or Likeness",https://www.scstatehouse.gov/billsearch.php?billnumbers=4902&session=126&headerfooter=0,,,2nd Reading,Excused Absence,Passed
[S]-486,2026-02-18T14:16:00.000-05:00,https://www.scstatehouse.gov/votehistory.php?KEY=26495,S.160,Dietitian Licensure Compact,https://www.scstatehouse.gov/billsearch.php?billnumbers=160&session=126&headerfooter=0,,,2nd Reading,Aye,Passed
[S]-487,2026-02-18T14:37:00.000-05:00,https://www.scstatehouse.gov/votehistory.php?KEY=26497,S.858,Foster Care,https://www.scstatehouse.gov/billsearch.php?billnumbers=858&session=126&headerfooter=0,,,2nd Reading,Aye,Passed
[S]-488,2026-02-18T14:46:00.000-05:00,https://www.scstatehouse.gov/votehistory.php?KEY=26498,H.3798,Military chaplains,https://www.scstatehouse.gov/billsearch.php?billnumbers=3798&session=126&headerfooter=0,,,2nd Reading,Aye,Passed
[S]-489,2026-02-18T14:49:00.000-05:00,https://www.scstatehouse.gov/votehistory.php?KEY=26499,S.619,Insurer liquidation,https://www.scstatehouse.gov/billsearch.php?billnumbers=619&session=126&headerfooter=0,,,2nd Reading,Aye,Passed
[S]-490,2026-02-18T14:51:00.000-05:00,https://www.scstatehouse.gov/votehistory.php?KEY=26500,S.697,211 Network,https://www.scstatehouse.gov/billsearch.php?billnumbers=697&session=126&headerfooter=0,,,2nd Reading,Aye,Passed
[S]-491,2026-02-18T14:53:00.000-05:00,https://www.scstatehouse.gov/votehistory.php?KEY=26501,S.780,Consumer Home Loans,https://www.scstatehouse.gov/billsearch.php?billnumbers=780&session=126&headerfooter=0,,,2nd Reading,Aye,Passed
[S]-492,2026-02-18T14:55:00.000-05:00,https://www.scstatehouse.gov/votehistory.php?KEY=26502,S.857,Contingent Deferred Annuities,https://www.scstatehouse.gov/billsearch.php?billnumbers=857&session=126&headerfooter=0,,,2nd Reading,Aye,Passed
[S]-493,2026-02-18T15:34:00.000-05:00,https://www.scstatehouse.gov/votehistory.php?KEY=26505,S.768,Homestead exemption,https://www.scstatehouse.gov/billsearch.php?billnumbers=768&session=126&headerfooter=0,6,https://scstatehouse.gov/amendments.php?KEY=33964,Table Amendment #6,Nay,Passed
[S]-494,2026-02-18T16:39:00.000-05:00,https://www.scstatehouse.gov/votehistory.php?KEY=26506,S.768,Homestead exemption,https://www.scstatehouse.gov/billsearch.php?billnumbers=768&session=126&headerfooter=0,,,2nd Reading,Aye,Passed
[S]-496,2026-02-19T11:50:00.000-05:00,https://www.scstatehouse.gov/votehistory.php?KEY=26515,S.768,Homestead exemption,https://www.scstatehouse.gov/billsearch.php?billnumbers=768&session=126&headerfooter=0,,,3rd Reading,Aye,Passed
[S]-497,2026-02-19T11:57:00.000-05:00,https://www.scstatehouse.gov/votehistory.php?KEY=26516,S.787,Bridge Loans,https://www.scstatehouse.gov/billsearch.php?billnumbers=787&session=126&headerfooter=0,,,2nd Reading,Aye,Passed
[S]-499,2026-02-24T13:10:00.000-05:00,https://www.scstatehouse.gov/votehistory.php?KEY=26523,S.420,Investment of Funds by Political Subdivisions,https://www.scstatehouse.gov/billsearch.php?billnumbers=420&session=126&headerfooter=0,,,2nd Reading,Aye,Passed
[S]-500,2026-02-24T13:16:00.000-05:00,https://www.scstatehouse.gov/votehistory.php?KEY=26524,S.723,CSAM penalties,https://www.scstatehouse.gov/billsearch.php?billnumbers=723&session=126&headerfooter=0,,,2nd Reading,Aye,Passed
[S]-501,2026-02-24T13:29:00.000-05:00,https://www.scstatehouse.gov/votehistory.php?KEY=26525,S.853,Abandoned Buildings Tax Credit,https://www.scstatehouse.gov/billsearch.php?billnumbers=853&session=126&headerfooter=0,,,2nd Reading,Aye,Passed
[S]-502,2026-02-24T13:40:00.000-05:00,https://www.scstatehouse.gov/votehistory.php?KEY=26527,S.70,School Board Ethics,https://www.scstatehouse.gov/billsearch.php?billnumbers=70&session=126&headerfooter=0,,,3rd Reading,Excused Absence,Passed
[S]-503,2026-02-24T13:52:00.000-05:00,https://www.scstatehouse.gov/votehistory.php?KEY=26533,S.477,Pharmacy access,https://www.scstatehouse.gov/billsearch.php?billnumbers=477&session=126&headerfooter=0,,,concur,Nay,Failed
[S]-504,2026-02-24T14:27:00.000-05:00,https://www.scstatehouse.gov/votehistory.php?KEY=26538,H.4216,Income tax,https://www.scstatehouse.gov/billsearch.php?billnumbers=4216&session=126&headerfooter=0,,,2nd Reading,Nay,Passed
[S]-506,2026-02-25T14:39:00.000-05:00,https://www.scstatehouse.gov/votehistory.php?KEY=26541,S.853,Abandoned Buildings Tax Credit,https://www.scstatehouse.gov/billsearch.php?billnumbers=853&session=126&headerfooter=0,1,https://scstatehouse.gov/amendments.php?KEY=33993,allow amendment on third reading Amendment #1,Aye,Passed
[S]-507,2026-02-25T16:48:00.000-05:00,https://www.scstatehouse.gov/votehistory.php?KEY=26557,S.325,Consumer Affairs,https://www.scstatehouse.gov/billsearch.php?billnumbers=325&session=126&headerfooter=0,,,2nd Reading,Aye,Passed
[S]-508,2026-02-25T17:00:00.000-05:00,https://www.scstatehouse.gov/votehistory.php?KEY=26565,H.3223,Telehealth for Veterinary Services,https://www.scstatehouse.gov/billsearch.php?billnumbers=3223&session=126&headerfooter=0,,,2nd Reading,Aye,Passed
[S]-509,2026-02-25T17:04:00.000-05:00,https://www.scstatehouse.gov/votehistory.php?KEY=26568,H.3254,Physician licensure,https://www.scstatehouse.gov/billsearch.php?billnumbers=3254&session=126&headerfooter=0,,,2nd Reading,Aye,Passed
[S]-510,2026-02-25T17:13:00.000-05:00,https://www.scstatehouse.gov/votehistory.php?KEY=26569,H.4343,Human trafficking awareness and prevention training,https://www.scstatehouse.gov/billsearch.php?billnumbers=4343&session=126&headerfooter=0,,,2nd Reading,Aye,Passed
[S]-511,2026-02-25T17:24:00.000-05:00,https://www.scstatehouse.gov/votehistory.php?KEY=26570,S.853,Abandoned Buildings Tax Credit,https://www.scstatehouse.gov/billsearch.php?billnumbers=853&session=126&headerfooter=0,2,https://scstatehouse.gov/amendments.php?KEY=34020,Table Amendment #2,Aye,Passed
[S]-512,2026-02-25T17:38:00.000-05:00,https://www.scstatehouse.gov/votehistory.php?KEY=26572,S.853,Abandoned Buildings Tax Credit,https://www.scstatehouse.gov/billsearch.php?billnumbers=853&session=126&headerfooter=0,,,3rd Reading,Aye,Passed
[S]-514,2026-02-26T11:36:00.000-05:00,https://www.scstatehouse.gov/votehistory.php?KEY=26580,H.4342,"Dental and veterinary school faculty, restricted licenses",https://www.scstatehouse.gov/billsearch.php?billnumbers=4342&session=126&headerfooter=0,,,2nd Reading,Aye,Passed
[S]-515,2026-02-26T11:46:00.000-05:00,https://www.scstatehouse.gov/votehistory.php?KEY=26581,S.819,Nursing Homes TB Tests,https://www.scstatehouse.gov/billsearch.php?billnumbers=819&session=126&headerfooter=0,,,2nd Reading,Aye,Passed
[S]-519,2026-03-03T12:51:00.000-05:00,https://www.scstatehouse.gov/votehistory.php?KEY=26589, ,Sense of the Senate,https://www.scstatehouse.gov/billsearch.php?billnumbers=undefined&session=126&headerfooter=0,,,,Aye,Passed
[S]-525,2026-03-03T13:25:00.000-05:00,https://www.scstatehouse.gov/votehistory.php?KEY=26597,S.694,Polling Places in Aiken County,https://www.scstatehouse.gov/billsearch.php?billnumbers=694&session=126&headerfooter=0,,,2nd Reading,Aye,Passed
[S]-526,2026-03-03T13:42:00.000-05:00,https://www.scstatehouse.gov/votehistory.php?KEY=26598,S.715,Solicitation of Charitable Funds,https://www.scstatehouse.gov/billsearch.php?billnumbers=715&session=126&headerfooter=0,,,2nd Reading,Aye,Passed
[S]-537,2026-03-04T14:47:00.000-05:00,https://www.scstatehouse.gov/votehistory.php?KEY=26689,S.832,University Campus Events Zoning,https://www.scstatehouse.gov/billsearch.php?billnumbers=832&session=126&headerfooter=0,,,2nd Reading,Aye,Passed
[S]-538,2026-03-04T15:22:00.000-05:00,https://www.scstatehouse.gov/votehistory.php?KEY=26690,S.751,Prohibition of sale of nitrous oxide to minors,https://www.scstatehouse.gov/billsearch.php?billnumbers=751&session=126&headerfooter=0,,,2nd Reading,Aye,Passed
[S]-539,2026-03-04T15:30:00.000-05:00,https://www.scstatehouse.gov/votehistory.php?KEY=26699,H.5261,Alcohol Server Training,https://www.scstatehouse.gov/billsearch.php?billnumbers=5261&session=126&headerfooter=0,,,2nd Reading,Aye,Passed
[S]-540,2026-03-04T17:14:00.000-05:00,https://www.scstatehouse.gov/votehistory.php?KEY=26711,H.3858,Taxation on boats,https://www.scstatehouse.gov/billsearch.php?billnumbers=3858&session=126&headerfooter=0,,,Table,Nay,Passed
[S]-541,2026-03-04T17:18:00.000-05:00,https://www.scstatehouse.gov/votehistory.php?KEY=26712,H.3858,Taxation on boats,https://www.scstatehouse.gov/billsearch.php?billnumbers=3858&session=126&headerfooter=0,,,2nd Reading,Aye,Passed
[S]-543,2026-03-05T12:05:00.000-05:00,https://www.scstatehouse.gov/votehistory.php?KEY=26726,H.3585,Employee leave for school functions,https://www.scstatehouse.gov/billsearch.php?billnumbers=3585&session=126&headerfooter=0,,,3rd Reading,Aye,Passed
[S]-546,2026-03-11T13:39:00.000-04:00,https://www.scstatehouse.gov/votehistory.php?KEY=26981,S.183,Drug Induced Homicide,https://www.scstatehouse.gov/billsearch.php?billnumbers=183&session=126&headerfooter=0,,,3rd Reading,Aye,Passed
[S]-547,2026-03-11T15:53:00.000-04:00,https://www.scstatehouse.gov/votehistory.php?KEY=26985,H.3924,Hemp-derived ingestible,https://www.scstatehouse.gov/billsearch.php?billnumbers=3924&session=126&headerfooter=0,1A,https://scstatehouse.gov/amendments.php?KEY=34156,Adopt Amendment #1A,Nay,Failed
[S]-548,2026-03-11T16:07:00.000-04:00,https://www.scstatehouse.gov/votehistory.php?KEY=26986, ,to adjourn,https://www.scstatehouse.gov/billsearch.php?billnumbers=undefined&session=126&headerfooter=0,,,,Aye,Failed
[S]-549,2026-03-11T17:22:00.000-04:00,https://www.scstatehouse.gov/votehistory.php?KEY=26987,H.3924,Hemp-derived ingestible,https://www.scstatehouse.gov/billsearch.php?billnumbers=3924&session=126&headerfooter=0,Agriculture & Natural Resources Committee Amendment,https://scstatehouse.gov/amendments.php?KEY=34087,Adopt Agriculture & Natural Resources Committee Amendment,Aye,Passed
[S]-550,2026-03-11T17:48:00.000-04:00,https://www.scstatehouse.gov/votehistory.php?KEY=26988,H.3924,Hemp-derived ingestible,https://www.scstatehouse.gov/billsearch.php?billnumbers=3924&session=126&headerfooter=0,2B,https://scstatehouse.gov/amendments.php?KEY=34157,Adopt Amendment #2B,Aye,Passed
[S]-552,2026-03-12T13:47:00.000-04:00,https://www.scstatehouse.gov/votehistory.php?KEY=26990,H.3924,Hemp-derived ingestible,https://www.scstatehouse.gov/billsearch.php?billnumbers=3924&session=126&headerfooter=0,7A,https://scstatehouse.gov/amendments.php?KEY=34161,Table Amendment #7A,Aye,Passed
[S]-554,2026-03-17T12:49:00.000-04:00,https://www.scstatehouse.gov/votehistory.php?KEY=26992,S.504,Distribution of controlled substance within proximity,https://www.scstatehouse.gov/billsearch.php?billnumbers=504&session=126&headerfooter=0,,,2nd Reading,Aye,Passed
[S]-555,2026-03-17T13:01:00.000-04:00,https://www.scstatehouse.gov/votehistory.php?KEY=26994,S.808,Interference with workers providing critical services,https://www.scstatehouse.gov/billsearch.php?billnumbers=808&session=126&headerfooter=0,,,2nd Reading, ,Passed
[S]-556,2026-03-17T13:15:00.000-04:00,https://www.scstatehouse.gov/votehistory.php?KEY=26995,S.823,Child Welfare,https://www.scstatehouse.gov/billsearch.php?billnumbers=823&session=126&headerfooter=0,,,2nd Reading,Aye,Passed
[S]-557,2026-03-17T13:18:00.000-04:00,https://www.scstatehouse.gov/votehistory.php?KEY=26996,S.922,Appointments,https://www.scstatehouse.gov/billsearch.php?billnumbers=922&session=126&headerfooter=0,,,2nd Reading,Aye,Passed
[S]-558,2026-03-17T13:32:00.000-04:00,https://www.scstatehouse.gov/votehistory.php?KEY=26998,S.961,Red Drum,https://www.scstatehouse.gov/billsearch.php?billnumbers=961&session=126&headerfooter=0,,,2nd Reading,Aye,Passed
[S]-559,2026-03-17T13:48:00.000-04:00,https://www.scstatehouse.gov/votehistory.php?KEY=26999,H.3629,Forestry Commission,https://www.scstatehouse.gov/billsearch.php?billnumbers=3629&session=126&headerfooter=0,,,2nd Reading,Aye,Passed
[S]-560,2026-03-17T13:51:00.000-04:00,https://www.scstatehouse.gov/votehistory.php?KEY=27000,H.3831,Smart Heart Act,https://www.scstatehouse.gov/billsearch.php?billnumbers=3831&session=126&headerfooter=0,,,2nd Reading,Aye,Passed
[S]-562,2026-03-18T14:57:00.000-04:00,https://www.scstatehouse.gov/votehistory.php?KEY=27004,H.3924,Hemp-derived ingestible,https://www.scstatehouse.gov/billsearch.php?billnumbers=3924&session=126&headerfooter=0,4A,https://scstatehouse.gov/amendments.php?KEY=34160,Table Amendment #4A,Nay,Passed
[S]-563,2026-03-18T16:13:00.000-04:00,https://www.scstatehouse.gov/votehistory.php?KEY=27005,H.3924,Hemp-derived ingestible,https://www.scstatehouse.gov/billsearch.php?billnumbers=3924&session=126&headerfooter=0,12A,https://scstatehouse.gov/amendments.php?KEY=34177,Table Amendment #12A,Nay,Failed
[S]-564,2026-03-18T16:55:00.000-04:00,https://www.scstatehouse.gov/votehistory.php?KEY=27006,H.3924,Hemp-derived ingestible,https://www.scstatehouse.gov/billsearch.php?billnumbers=3924&session=126&headerfooter=0,18,https://scstatehouse.gov/amendments.php?KEY=34183,Table Amendment #18,Aye,Failed
[S]-565,2026-03-18T18:29:00.000-04:00,https://www.scstatehouse.gov/votehistory.php?KEY=27009,H.3924,Hemp-derived ingestible,https://www.scstatehouse.gov/billsearch.php?billnumbers=3924&session=126&headerfooter=0,20,https://scstatehouse.gov/amendments.php?KEY=34185,Table Amendment #20,Aye,Passed
[S]-567,2026-03-18T21:19:00.000-04:00,https://www.scstatehouse.gov/votehistory.php?KEY=27011,H.3924,Hemp-derived ingestible,https://www.scstatehouse.gov/billsearch.php?billnumbers=3924&session=126&headerfooter=0,25A,https://scstatehouse.gov/amendments.php?KEY=34190,Adopt Amendment #25A,Aye,Passed
[S]-569,2026-03-18T23:48:00.000-04:00,https://www.scstatehouse.gov/votehistory.php?KEY=27013,H.3924,Hemp-derived ingestible,https://www.scstatehouse.gov/billsearch.php?billnumbers=3924&session=126&headerfooter=0,32,https://scstatehouse.gov/amendments.php?KEY=34194,Adopt Amendment #32,Nay,Passed
[S]-570,2026-03-19T00:10:00.000-04:00,https://www.scstatehouse.gov/votehistory.php?KEY=27015,H.3924,Hemp-derived ingestible,https://www.scstatehouse.gov/billsearch.php?billnumbers=3924&session=126&headerfooter=0,,,2nd Reading,Nay,Failed
[S]-572,2026-03-19T13:29:00.000-04:00,https://www.scstatehouse.gov/votehistory.php?KEY=27019,S.831,SCDOT Modernization,https://www.scstatehouse.gov/billsearch.php?billnumbers=831&session=126&headerfooter=0,,,3rd Reading,Excused Absence,Passed
[S]-573,2026-03-19T13:40:00.000-04:00,https://www.scstatehouse.gov/votehistory.php?KEY=27020,S.829,Joint System Governance,https://www.scstatehouse.gov/billsearch.php?billnumbers=829&session=126&headerfooter=0,,,3rd Reading,Excused Absence,Passed
[S]-574,2026-03-19T16:32:00.000-04:00,https://www.scstatehouse.gov/votehistory.php?KEY=27022,H.3924,Hemp-derived ingestible,https://www.scstatehouse.gov/billsearch.php?billnumbers=3924&session=126&headerfooter=0,33,https://scstatehouse.gov/amendments.php?KEY=34198,Adopt Amendment #33,Aye,Passed
[S]-575,2026-03-19T16:41:00.000-04:00,https://www.scstatehouse.gov/votehistory.php?KEY=27023,H.3924,Hemp-derived ingestible,https://www.scstatehouse.gov/billsearch.php?billnumbers=3924&session=126&headerfooter=0,,,Table,Nay,Passed
[S]-576,2026-03-19T16:58:00.000-04:00,https://www.scstatehouse.gov/votehistory.php?KEY=27024,H.3924,Hemp-derived ingestible,https://www.scstatehouse.gov/billsearch.php?billnumbers=3924&session=126&headerfooter=0,,,2nd Reading,Aye,Passed
[S]-578,2026-03-24T12:39:00.000-04:00,https://www.scstatehouse.gov/votehistory.php?KEY=27027,S.823,Child Welfare,https://www.scstatehouse.gov/billsearch.php?billnumbers=823&session=126&headerfooter=0,,,3rd Reading,Aye,Passed
[S]-579,2026-03-24T14:47:00.000-04:00,https://www.scstatehouse.gov/votehistory.php?KEY=27032,S.922,Appointments,https://www.scstatehouse.gov/billsearch.php?billnumbers=922&session=126&headerfooter=0,4,https://scstatehouse.gov/amendments.php?KEY=34202,Table Amendment #4,Nay,Passed
[S]-580,2026-03-24T15:05:00.000-04:00,https://www.scstatehouse.gov/votehistory.php?KEY=27033,S.922,Appointments,https://www.scstatehouse.gov/billsearch.php?billnumbers=922&session=126&headerfooter=0,,,3rd Reading,Nay,Passed
[S]-581,2026-03-24T15:31:00.000-04:00,https://www.scstatehouse.gov/votehistory.php?KEY=27034,H.3924,Hemp-derived ingestible,https://www.scstatehouse.gov/billsearch.php?billnumbers=3924&session=126&headerfooter=0,,,consider amendment 39 on 3rd reading,Aye,Failed
[S]-582,2026-03-24T16:49:00.000-04:00,https://www.scstatehouse.gov/votehistory.php?KEY=27038,H.3924,Hemp-derived ingestible,https://www.scstatehouse.gov/billsearch.php?billnumbers=3924&session=126&headerfooter=0,,,take up amendment 41 on third reading,Aye,Failed
[S]-583,2026-03-24T16:54:00.000-04:00,https://www.scstatehouse.gov/votehistory.php?KEY=27039,H.3924,Hemp-derived ingestible,https://www.scstatehouse.gov/billsearch.php?billnumbers=3924&session=126&headerfooter=0,,,take up amendment 42 on third reading,Aye,Failed
[S]-584,2026-03-24T16:59:00.000-04:00,https://www.scstatehouse.gov/votehistory.php?KEY=27040,H.3924,Hemp-derived ingestible,https://www.scstatehouse.gov/billsearch.php?billnumbers=3924&session=126&headerfooter=0,,,3rd Reading,Nay,Passed
[S]-585,2026-03-24T17:08:00.000-04:00,https://www.scstatehouse.gov/votehistory.php?KEY=27042, ,Vary order of the day and return to motion period,https://www.scstatehouse.gov/billsearch.php?billnumbers=undefined&session=126&headerfooter=0,,,,Nay,Passed
[S]-587,2026-03-25T14:07:00.000-04:00,https://www.scstatehouse.gov/votehistory.php?KEY=27056,S.428,Fraudulent Check Expungement,https://www.scstatehouse.gov/billsearch.php?billnumbers=428&session=126&headerfooter=0,,,2nd Reading,Aye,Passed
[S]-588,2026-03-25T14:18:00.000-04:00,https://www.scstatehouse.gov/votehistory.php?KEY=27057,S.808,Interference with workers providing critical services,https://www.scstatehouse.gov/billsearch.php?billnumbers=808&session=126&headerfooter=0,,,3rd Reading,Aye,Passed
[S]-589,2026-03-25T14:28:00.000-04:00,https://www.scstatehouse.gov/votehistory.php?KEY=27059,S.711,School Guard Requirements,https://www.scstatehouse.gov/billsearch.php?billnumbers=711&session=126&headerfooter=0,,,2nd Reading,Aye,Passed
[S]-590,2026-03-25T14:41:00.000-04:00,https://www.scstatehouse.gov/votehistory.php?KEY=27064,S.688,DEW UI Tax Code,https://www.scstatehouse.gov/billsearch.php?billnumbers=688&session=126&headerfooter=0,,,2nd Reading,Aye,Passed
[S]-591,2026-03-25T14:42:00.000-04:00,https://www.scstatehouse.gov/votehistory.php?KEY=27066,S.830,Automobile Insurance Issuance,https://www.scstatehouse.gov/billsearch.php?billnumbers=830&session=126&headerfooter=0,,,2nd Reading,Aye,Passed
[S]-592,2026-03-25T14:44:00.000-04:00,https://www.scstatehouse.gov/votehistory.php?KEY=27067,S.851,Protection from Financial Exploitation,https://www.scstatehouse.gov/billsearch.php?billnumbers=851&session=126&headerfooter=0,,,2nd Reading,Aye,Passed
[S]-593,2026-03-25T14:45:00.000-04:00,https://www.scstatehouse.gov/votehistory.php?KEY=27068,S.996,Fingerprint Background Checks Update,https://www.scstatehouse.gov/billsearch.php?billnumbers=996&session=126&headerfooter=0,,,2nd Reading,Aye,Passed
[S]-594,2026-03-25T14:47:00.000-04:00,https://www.scstatehouse.gov/votehistory.php?KEY=27069,S.1011,Barnwell National Guard Armory,https://www.scstatehouse.gov/billsearch.php?billnumbers=1011&session=126&headerfooter=0,,,2nd Reading,Aye,Passed
[S]-595,2026-03-25T14:48:00.000-04:00,https://www.scstatehouse.gov/votehistory.php?KEY=27070,H.5089,Beaufort County voting precincts,https://www.scstatehouse.gov/billsearch.php?billnumbers=5089&session=126&headerfooter=0,,,2nd Reading,Aye,Passed
[S]-596,2026-03-25T14:49:00.000-04:00,https://www.scstatehouse.gov/votehistory.php?KEY=27071,H.3514,Flags,https://www.scstatehouse.gov/billsearch.php?billnumbers=3514&session=126&headerfooter=0,,,2nd Reading,Aye,Passed
[S]-597,2026-03-25T15:13:00.000-04:00,https://www.scstatehouse.gov/votehistory.php?KEY=27072,S.862,Involuntary Commitment,https://www.scstatehouse.gov/billsearch.php?billnumbers=862&session=126&headerfooter=0,,,2nd Reading,Aye,Passed
[S]-598,2026-03-25T15:17:00.000-04:00,https://www.scstatehouse.gov/votehistory.php?KEY=27073,S.895,Rural Emergency Hospitals,https://www.scstatehouse.gov/billsearch.php?billnumbers=895&session=126&headerfooter=0,,,2nd Reading,Aye,Passed
[S]-599,2026-03-25T15:21:00.000-04:00,https://www.scstatehouse.gov/votehistory.php?KEY=27074,H.3967,Bioenergy; Forest Products,https://www.scstatehouse.gov/billsearch.php?billnumbers=3967&session=126&headerfooter=0,,,2nd Reading,Aye,Passed
[S]-600,2026-03-25T15:29:00.000-04:00,https://www.scstatehouse.gov/votehistory.php?KEY=27075,S.583,Board of Funeral Services continuing education requirements,https://www.scstatehouse.gov/billsearch.php?billnumbers=583&session=126&headerfooter=0,,,concur,Aye,Passed
[S]-601,2026-03-25T18:24:00.000-04:00,https://www.scstatehouse.gov/votehistory.php?KEY=27077,H.4756,South Carolina Student Physical Privacy Act,https://www.scstatehouse.gov/billsearch.php?billnumbers=4756&session=126&headerfooter=0,,,2nd Reading,Aye,Passed
[S]-603,2026-03-26T12:35:00.000-04:00,https://www.scstatehouse.gov/votehistory.php?KEY=27081,H.4763,Helping Alleviate Lawful Obstruction HALO Act,https://www.scstatehouse.gov/billsearch.php?billnumbers=4763&session=126&headerfooter=0,,,2nd Reading,Excused Absence,Passed
[S]-604,2026-03-26T13:05:00.000-04:00,https://www.scstatehouse.gov/votehistory.php?KEY=27095,H.3856,Department of Motor Vehicles,https://www.scstatehouse.gov/billsearch.php?billnumbers=3856&session=126&headerfooter=0,,,2nd Reading,Excused Absence,Passed
[S]-605,2026-03-26T13:15:00.000-04:00,https://www.scstatehouse.gov/votehistory.php?KEY=27096,S.894,Death Certificate Filing Deadline Exception,https://www.scstatehouse.gov/billsearch.php?billnumbers=894&session=126&headerfooter=0,,,2nd Reading,Excused Absence,Passed
[S]-606,2026-03-26T13:18:00.000-04:00,https://www.scstatehouse.gov/votehistory.php?KEY=27098,S.935,Seizures in the Workplace,https://www.scstatehouse.gov/billsearch.php?billnumbers=935&session=126&headerfooter=0,,,2nd Reading,Excused Absence,Passed
[S]-607,2026-03-26T13:19:00.000-04:00,https://www.scstatehouse.gov/votehistory.php?KEY=27099,S.958,Hallway Beds,https://www.scstatehouse.gov/billsearch.php?billnumbers=958&session=126&headerfooter=0,,,2nd Reading,Excused Absence,Passed
[S]-608,2026-03-26T13:22:00.000-04:00,https://www.scstatehouse.gov/votehistory.php?KEY=27100,H.3931,Coastal Tideland and Wetlands Permit Application,https://www.scstatehouse.gov/billsearch.php?billnumbers=3931&session=126&headerfooter=0,,,2nd Reading,Excused Absence,Passed
[S]-609,2026-03-26T13:29:00.000-04:00,https://www.scstatehouse.gov/votehistory.php?KEY=27102,H.4756,South Carolina Student Physical Privacy Act,https://www.scstatehouse.gov/billsearch.php?billnumbers=4756&session=126&headerfooter=0,,,3rd Reading,Excused Absence,Passed
[S]-611,2026-03-31T13:02:00.000-04:00,https://www.scstatehouse.gov/votehistory.php?KEY=27107,H.3557,Candidate filing,https://www.scstatehouse.gov/billsearch.php?billnumbers=3557&session=126&headerfooter=0,,,2nd Reading,Aye,Passed
[S]-612,2026-03-31T13:16:00.000-04:00,https://www.scstatehouse.gov/votehistory.php?KEY=27109,S.97,County Treasurer Qualifications,https://www.scstatehouse.gov/billsearch.php?billnumbers=97&session=126&headerfooter=0,,,2nd Reading,Aye,Passed
[S]-613,2026-03-31T13:18:00.000-04:00,https://www.scstatehouse.gov/votehistory.php?KEY=27110,S.98,County Auditor Qualifications,https://www.scstatehouse.gov/billsearch.php?billnumbers=98&session=126&headerfooter=0,,,2nd Reading,Aye,Passed
[S]-614,2026-03-31T13:37:00.000-04:00,https://www.scstatehouse.gov/votehistory.php?KEY=27113,S.682,Timber,https://www.scstatehouse.gov/billsearch.php?billnumbers=682&session=126&headerfooter=0,,,2nd Reading,Nay,Passed
[S]-615,2026-03-31T15:14:00.000-04:00,https://www.scstatehouse.gov/votehistory.php?KEY=27117,H.3368,Income tax on overtime pay,https://www.scstatehouse.gov/billsearch.php?billnumbers=3368&session=126&headerfooter=0,,,2nd Reading,Nay,Failed
[S]-616,2026-03-31T15:33:00.000-04:00,https://www.scstatehouse.gov/votehistory.php?KEY=27119,S.862,Involuntary Commitment,https://www.scstatehouse.gov/billsearch.php?billnumbers=862&session=126&headerfooter=0,,,3rd Reading,Aye,Passed
[S]-618,2026-04-01T14:01:00.000-04:00,https://www.scstatehouse.gov/votehistory.php?KEY=27137,S.688,DEW UI Tax Code,https://www.scstatehouse.gov/billsearch.php?billnumbers=688&session=126&headerfooter=0,,,3rd Reading,Aye,Passed
[S]-619,2026-04-01T14:18:00.000-04:00,https://www.scstatehouse.gov/votehistory.php?KEY=27138,H.3974,Private Providers,https://www.scstatehouse.gov/billsearch.php?billnumbers=3974&session=126&headerfooter=0,,,2nd Reading,Aye,Passed
[S]-620,2026-04-01T14:22:00.000-04:00,https://www.scstatehouse.gov/votehistory.php?KEY=27140,H.3768,Highway system construction,https://www.scstatehouse.gov/billsearch.php?billnumbers=3768&session=126&headerfooter=0,,,2nd Reading,Aye,Passed
[S]-621,2026-04-01T14:37:00.000-04:00,https://www.scstatehouse.gov/votehistory.php?KEY=27141,S.893,SUPERB Law,https://www.scstatehouse.gov/billsearch.php?billnumbers=893&session=126&headerfooter=0,,,2nd Reading,Aye,Passed
[S]-622,2026-04-01T14:41:00.000-04:00,https://www.scstatehouse.gov/votehistory.php?KEY=27143,S.863,Culinary Arts Management Degree,https://www.scstatehouse.gov/billsearch.php?billnumbers=863&session=126&headerfooter=0,,,2nd Reading,Aye,Passed
[S]-623,2026-04-01T14:47:00.000-04:00,https://www.scstatehouse.gov/votehistory.php?KEY=27144,S.812,Stop-as-Yield Law,https://www.scstatehouse.gov/billsearch.php?billnumbers=812&session=126&headerfooter=0,,,2nd Reading,Aye,Passed
[S]-624,2026-04-01T15:08:00.000-04:00,https://www.scstatehouse.gov/votehistory.php?KEY=27145,S.866,Municipal Tax Relief Act,https://www.scstatehouse.gov/billsearch.php?billnumbers=866&session=126&headerfooter=0,,,2nd Reading,Aye,Passed
[S]-625,2026-04-01T15:34:00.000-04:00,https://www.scstatehouse.gov/votehistory.php?KEY=27146,H.3556,Political parties and primaries,https://www.scstatehouse.gov/billsearch.php?billnumbers=3556&session=126&headerfooter=0,,,2nd Reading,Aye,Passed
[S]-626,2026-04-01T16:54:00.000-04:00,https://www.scstatehouse.gov/votehistory.php?KEY=27155,H.4902,"Intercollegiate Athletes' Compensation for Name, Image, or Likeness",https://www.scstatehouse.gov/billsearch.php?billnumbers=4902&session=126&headerfooter=0,,,override the veto,Aye,Passed
[S]-627,2026-04-01T17:07:00.000-04:00,https://www.scstatehouse.gov/votehistory.php?KEY=27158,S.146,"Senator Roger A. Nutt Act, resident's rights in long-term care",https://www.scstatehouse.gov/billsearch.php?billnumbers=146&session=126&headerfooter=0,,,concur,Aye,Passed
[S]-628,2026-04-01T17:11:00.000-04:00,https://www.scstatehouse.gov/votehistory.php?KEY=27159,S.694,Polling Places in Aiken County,https://www.scstatehouse.gov/billsearch.php?billnumbers=694&session=126&headerfooter=0,,,concur,Aye,Passed
[J]-26,2026-04-15T13:11:00.000-04:00,https://www.scstatehouse.gov/votehistory.php?KEY=27198, ,"SC State University At large, Seat 2 Reject slate ",https://www.scstatehouse.gov/billsearch.php?billnumbers=undefined&session=126&headerfooter=0,,,,Nay,Failed
[S]-631,2026-04-15T15:25:00.000-04:00,https://www.scstatehouse.gov/votehistory.php?KEY=27206,H.3650,Discharging firearms into dwellings and other structures,https://www.scstatehouse.gov/billsearch.php?billnumbers=3650&session=126&headerfooter=0,,,2nd Reading,Aye,Passed
[S]-632,2026-04-15T15:41:00.000-04:00,https://www.scstatehouse.gov/votehistory.php?KEY=27207,S.1038,Religious Liberty Day,https://www.scstatehouse.gov/billsearch.php?billnumbers=1038&session=126&headerfooter=0,,,2nd Reading,Aye,Passed
[S]-633,2026-04-15T15:45:00.000-04:00,https://www.scstatehouse.gov/votehistory.php?KEY=27208,H.5284,County Register of Deeds,https://www.scstatehouse.gov/billsearch.php?billnumbers=5284&session=126&headerfooter=0,,,2nd Reading,Aye,Passed
[S]-634,2026-04-15T15:48:00.000-04:00,https://www.scstatehouse.gov/votehistory.php?KEY=27209,S.765,Dues for SC Wildlife Law Enforcement Officers Association,https://www.scstatehouse.gov/billsearch.php?billnumbers=765&session=126&headerfooter=0,,,2nd Reading,Aye,Passed
[S]-635,2026-04-15T15:50:00.000-04:00,https://www.scstatehouse.gov/votehistory.php?KEY=27212,S.879,Master-in-EquityTerms of Office,https://www.scstatehouse.gov/billsearch.php?billnumbers=879&session=126&headerfooter=0,,,2nd Reading,Aye,Passed
[S]-636,2026-04-15T15:52:00.000-04:00,https://www.scstatehouse.gov/votehistory.php?KEY=27214,S.915,Medicaid Provider and Recipient Fraud,https://www.scstatehouse.gov/billsearch.php?billnumbers=915&session=126&headerfooter=0,,,2nd Reading,Aye,Passed
[S]-637,2026-04-15T16:48:00.000-04:00,https://www.scstatehouse.gov/votehistory.php?KEY=27229,S.508,Monument and Memorial Protection,https://www.scstatehouse.gov/billsearch.php?billnumbers=508&session=126&headerfooter=0,15,https://scstatehouse.gov/amendments.php?KEY=34336,Table Amendment #15,Nay,Passed
[S]-638,2026-04-15T17:00:00.000-04:00,https://www.scstatehouse.gov/votehistory.php?KEY=27230,S.508,Monument and Memorial Protection,https://www.scstatehouse.gov/billsearch.php?billnumbers=508&session=126&headerfooter=0,16,https://scstatehouse.gov/amendments.php?KEY=34338,Table Amendment #16,Nay,Passed
[S]-639,2026-04-15T17:34:00.000-04:00,https://www.scstatehouse.gov/votehistory.php?KEY=27232,S.508,Monument and Memorial Protection,https://www.scstatehouse.gov/billsearch.php?billnumbers=508&session=126&headerfooter=0,,,3rd Reading,Nay,Passed
[S]-641,2026-04-16T11:42:00.000-04:00,https://www.scstatehouse.gov/votehistory.php?KEY=27238,S.385,"Women's Childbirth Alternatives, Resources, and Education Act",https://www.scstatehouse.gov/billsearch.php?billnumbers=385&session=126&headerfooter=0,,,2nd Reading,Aye,Passed
[S]-642,2026-04-16T12:26:00.000-04:00,https://www.scstatehouse.gov/votehistory.php?KEY=27240,S.903,HOA Change,https://www.scstatehouse.gov/billsearch.php?billnumbers=903&session=126&headerfooter=0,,,2nd Reading,Aye,Passed
[S]-643,2026-04-16T12:50:00.000-04:00,https://www.scstatehouse.gov/votehistory.php?KEY=27242,S.222,Utility terrain vehicle,https://www.scstatehouse.gov/billsearch.php?billnumbers=222&session=126&headerfooter=0,,,Adopt amendment 1B,Aye,Passed
[S]-644,2026-04-16T13:41:00.000-04:00,https://www.scstatehouse.gov/votehistory.php?KEY=27243,S.822,Deed Theft,https://www.scstatehouse.gov/billsearch.php?billnumbers=822&session=126&headerfooter=0,,,2nd Reading,Aye,Passed
[S]-775,2026-04-21T17:03:00.000-04:00,https://www.scstatehouse.gov/votehistory.php?KEY=27385,H.5126,Budget,https://www.scstatehouse.gov/billsearch.php?billnumbers=5126&session=126&headerfooter=0,,,"Adopt amendment No, 4",Aye,Passed
[S]-777,2026-04-22T10:43:00.000-04:00,https://www.scstatehouse.gov/votehistory.php?KEY=27387,H.5126,Budget,https://www.scstatehouse.gov/billsearch.php?billnumbers=5126&session=126&headerfooter=0,24,https://scstatehouse.gov/amendments.php?KEY=34375,Adopt Amendment #24,Nay,Passed
[S]-779,2026-04-22T18:46:00.000-04:00,https://www.scstatehouse.gov/votehistory.php?KEY=27402,H.5126,Budget,https://www.scstatehouse.gov/billsearch.php?billnumbers=5126&session=126&headerfooter=0,52,https://scstatehouse.gov/amendments.php?KEY=34448,Table Amendment #52,Aye,Passed
[S]-780,2026-04-22T19:36:00.000-04:00,https://www.scstatehouse.gov/votehistory.php?KEY=27404,H.5126,Budget,https://www.scstatehouse.gov/billsearch.php?billnumbers=5126&session=126&headerfooter=0,42,https://scstatehouse.gov/amendments.php?KEY=34451,Table Amendment #42,Nay,Passed
[S]-782,2026-04-23T12:16:00.000-04:00,https://www.scstatehouse.gov/votehistory.php?KEY=27420,H.5126,Budget,https://www.scstatehouse.gov/billsearch.php?billnumbers=5126&session=126&headerfooter=0,38,https://scstatehouse.gov/amendments.php?KEY=34453,Adopt Amendment #38,Aye,Passed
[S]-646,2026-04-23T13:52:00.000-04:00,https://www.scstatehouse.gov/votehistory.php?KEY=27245,H.5126,Budget,https://www.scstatehouse.gov/billsearch.php?billnumbers=5126&session=126&headerfooter=0,,,Adopt section 1A – DEPARTMENT OF EDUCATION - EIA,Aye,Passed
[S]-645,2026-04-23T13:52:00.000-04:00,https://www.scstatehouse.gov/votehistory.php?KEY=27244,H.5126,Budget,https://www.scstatehouse.gov/billsearch.php?billnumbers=5126&session=126&headerfooter=0,,,"Adopt section 1 - EDUCATION, DEPARTMENT OF",Aye,Passed
[S]-647,2026-04-23T13:53:00.000-04:00,https://www.scstatehouse.gov/votehistory.php?KEY=27246,H.5126,Budget,https://www.scstatehouse.gov/billsearch.php?billnumbers=5126&session=126&headerfooter=0,,,"Adopt section 2 - FIRST STEPS, OFFICE OF",Aye,Passed
[S]-648,2026-04-23T13:54:00.000-04:00,https://www.scstatehouse.gov/votehistory.php?KEY=27247,H.5126,Budget,https://www.scstatehouse.gov/billsearch.php?billnumbers=5126&session=126&headerfooter=0,,,Adopt section 3 - LOTTERY EXPENDITURE ACCOUNT,Aye,Passed
[S]-650,2026-04-23T13:55:00.000-04:00,https://www.scstatehouse.gov/votehistory.php?KEY=27249,H.5126,Budget,https://www.scstatehouse.gov/billsearch.php?billnumbers=5126&session=126&headerfooter=0,,,Adopt section 5 - WIL LOU GRAY OPPORTUNITY SCHOOL,Aye,Passed
[S]-649,2026-04-23T13:55:00.000-04:00,https://www.scstatehouse.gov/votehistory.php?KEY=27248,H.5126,Budget,https://www.scstatehouse.gov/billsearch.php?billnumbers=5126&session=126&headerfooter=0,,,Adopt section 4 - EDUCATION OVERSIGHT COMMITTEE,Aye,Passed
[S]-651,2026-04-23T13:56:00.000-04:00,https://www.scstatehouse.gov/votehistory.php?KEY=27250,H.5126,Budget,https://www.scstatehouse.gov/billsearch.php?billnumbers=5126&session=126&headerfooter=0,,,"Adopt section 6 - DEAF AND THE BLIND, SCHOOL FOR THE",Aye,Passed
[S]-653,2026-04-23T13:57:00.000-04:00,https://www.scstatehouse.gov/votehistory.php?KEY=27252,H.5126,Budget,https://www.scstatehouse.gov/billsearch.php?billnumbers=5126&session=126&headerfooter=0,,,Adopt section 8 - EDUCATIONAL TELEVISION COMMISSION,Aye,Passed
[S]-652,2026-04-23T13:57:00.000-04:00,https://www.scstatehouse.gov/votehistory.php?KEY=27251,H.5126,Budget,https://www.scstatehouse.gov/billsearch.php?billnumbers=5126&session=126&headerfooter=0,,,Adopt section 7 - GOVERNOR'S SCHOOL FOR AGRICULTURE AT JOHN DE LA HOWE SCHOOL,Aye,Passed
[S]-654,2026-04-23T13:58:00.000-04:00,https://www.scstatehouse.gov/votehistory.php?KEY=27253,H.5126,Budget,https://www.scstatehouse.gov/billsearch.php?billnumbers=5126&session=126&headerfooter=0,,,Adopt section 9 - GOVERNOR'S SCHOOL FOR ARTS AND HUMANITIES,Aye,Passed
[S]-655,2026-04-23T13:59:00.000-04:00,https://www.scstatehouse.gov/votehistory.php?KEY=27254,H.5126,Budget,https://www.scstatehouse.gov/billsearch.php?billnumbers=5126&session=126&headerfooter=0,,,Adopt section 10 - GOVERNOR'S SCHOOL FOR SCIENCE AND MATHEMATICS,Aye,Passed
[S]-656,2026-04-23T13:59:00.000-04:00,https://www.scstatehouse.gov/votehistory.php?KEY=27255,H.5126,Budget,https://www.scstatehouse.gov/billsearch.php?billnumbers=5126&session=126&headerfooter=0,,,"Adopt section 11 - HIGHER EDUCATION, COMMISSION ON",Aye,Passed
[S]-657,2026-04-23T14:00:00.000-04:00,https://www.scstatehouse.gov/votehistory.php?KEY=27256,H.5126,Budget,https://www.scstatehouse.gov/billsearch.php?billnumbers=5126&session=126&headerfooter=0,,,Adopt section 12 - HIGHER EDUCATION TUITION GRANTS COMMISSION,Aye,Passed
[S]-659,2026-04-23T14:01:00.000-04:00,https://www.scstatehouse.gov/votehistory.php?KEY=27258,H.5126,Budget,https://www.scstatehouse.gov/billsearch.php?billnumbers=5126&session=126&headerfooter=0,,,Adopt section 14 - CLEMSON UNIVERSITY,Aye,Passed
[S]-658,2026-04-23T14:01:00.000-04:00,https://www.scstatehouse.gov/votehistory.php?KEY=27257,H.5126,Budget,https://www.scstatehouse.gov/billsearch.php?billnumbers=5126&session=126&headerfooter=0,,,"Adopt section 13 - CITADEL, THE",Aye,Passed
[S]-660,2026-04-23T14:02:00.000-04:00,https://www.scstatehouse.gov/votehistory.php?KEY=27259,H.5126,Budget,https://www.scstatehouse.gov/billsearch.php?billnumbers=5126&session=126&headerfooter=0,,,"Adopt section 15 - CHARLESTON, UNIVERSITY OF",Aye,Passed
[S]-661,2026-04-23T14:02:00.000-04:00,https://www.scstatehouse.gov/votehistory.php?KEY=27260,H.5126,Budget,https://www.scstatehouse.gov/billsearch.php?billnumbers=5126&session=126&headerfooter=0,,,Adopt section 16 - COASTAL CAROLINA UNIVERSITY,Aye,Passed
[S]-662,2026-04-23T14:03:00.000-04:00,https://www.scstatehouse.gov/votehistory.php?KEY=27261,H.5126,Budget,https://www.scstatehouse.gov/billsearch.php?billnumbers=5126&session=126&headerfooter=0,,,Adopt section 17 - FRANCIS MARION UNIVERSITY,Aye,Passed
[S]-663,2026-04-23T14:03:00.000-04:00,https://www.scstatehouse.gov/votehistory.php?KEY=27262,H.5126,Budget,https://www.scstatehouse.gov/billsearch.php?billnumbers=5126&session=126&headerfooter=0,,,Adopt section 18 - LANDER UNIVERSITY,Aye,Passed
[S]-664,2026-04-23T14:04:00.000-04:00,https://www.scstatehouse.gov/votehistory.php?KEY=27263,H.5126,Budget,https://www.scstatehouse.gov/billsearch.php?billnumbers=5126&session=126&headerfooter=0,,,Adopt section 19 - SOUTH CAROLINA STATE UNIVERSITY,Aye,Passed
[S]-665,2026-04-23T14:05:00.000-04:00,https://www.scstatehouse.gov/votehistory.php?KEY=27264,H.5126,Budget,https://www.scstatehouse.gov/billsearch.php?billnumbers=5126&session=126&headerfooter=0,,,Adopt section 20 – UNIVERSITY OF SOUTH CAROLINA,Aye,Passed
[S]-666,2026-04-23T14:06:00.000-04:00,https://www.scstatehouse.gov/votehistory.php?KEY=27265,H.5126,Budget,https://www.scstatehouse.gov/billsearch.php?billnumbers=5126&session=126&headerfooter=0,,,Adopt section 21 - WINTHROP UNIVERSITY,Aye,Passed
[S]-667,2026-04-23T14:06:00.000-04:00,https://www.scstatehouse.gov/votehistory.php?KEY=27266,H.5126,Budget,https://www.scstatehouse.gov/billsearch.php?billnumbers=5126&session=126&headerfooter=0,,,Adopt section 23 - MEDICAL UNIVERSITY OF SOUTH CAROLINA,Aye,Passed
[S]-668,2026-04-23T14:07:00.000-04:00,https://www.scstatehouse.gov/votehistory.php?KEY=27267,H.5126,Budget,https://www.scstatehouse.gov/billsearch.php?billnumbers=5126&session=126&headerfooter=0,,,Adopt section 24 - AREA HEALTH EDUCATION CONSORTIUM,Aye,Passed
[S]-669,2026-04-23T14:07:00.000-04:00,https://www.scstatehouse.gov/votehistory.php?KEY=27268,H.5126,Budget,https://www.scstatehouse.gov/billsearch.php?billnumbers=5126&session=126&headerfooter=0,,,"Adopt section 25 - TECHNICAL AND COMPREHENSIVE EDUCATION, STATE BOARD FOR",Aye,Passed
[S]-671,2026-04-23T14:08:00.000-04:00,https://www.scstatehouse.gov/votehistory.php?KEY=27270,H.5126,Budget,https://www.scstatehouse.gov/billsearch.php?billnumbers=5126&session=126&headerfooter=0,,,"Adopt section 27 - LIBRARY, STATE",Aye,Passed
[S]-670,2026-04-23T14:08:00.000-04:00,https://www.scstatehouse.gov/votehistory.php?KEY=27269,H.5126,Budget,https://www.scstatehouse.gov/billsearch.php?billnumbers=5126&session=126&headerfooter=0,,,"Adopt section 26 - ARCHIVES AND HISTORY, DEPARTMENT OF",Aye,Passed
[S]-672,2026-04-23T14:09:00.000-04:00,https://www.scstatehouse.gov/votehistory.php?KEY=27271,H.5126,Budget,https://www.scstatehouse.gov/billsearch.php?billnumbers=5126&session=126&headerfooter=0,,,Adopt section 28 - ARTS COMMISSION,Aye,Passed
[S]-673,2026-04-23T14:09:00.000-04:00,https://www.scstatehouse.gov/votehistory.php?KEY=27272,H.5126,Budget,https://www.scstatehouse.gov/billsearch.php?billnumbers=5126&session=126&headerfooter=0,,,"Adopt section 29 - MUSEUM COMMISSION, STATE",Aye,Passed
[S]-674,2026-04-23T14:10:00.000-04:00,https://www.scstatehouse.gov/votehistory.php?KEY=27273,H.5126,Budget,https://www.scstatehouse.gov/billsearch.php?billnumbers=5126&session=126&headerfooter=0,,,Adopt section 30 - CONFEDERATE RELIC ROOM AND MILITARY MUSEUM COMMISSION,Aye,Passed
[S]-676,2026-04-23T14:11:00.000-04:00,https://www.scstatehouse.gov/votehistory.php?KEY=27275,H.5126,Budget,https://www.scstatehouse.gov/billsearch.php?billnumbers=5126&session=126&headerfooter=0,,,Adopt section 32 - VOCATIONAL REHABILITATION,Aye,Passed
[S]-675,2026-04-23T14:11:00.000-04:00,https://www.scstatehouse.gov/votehistory.php?KEY=27274,H.5126,Budget,https://www.scstatehouse.gov/billsearch.php?billnumbers=5126&session=126&headerfooter=0,,,"Adopt section 31 - PUBLIC HEALTH, DEPARTMENT OF",Aye,Passed
[S]-677,2026-04-23T14:12:00.000-04:00,https://www.scstatehouse.gov/votehistory.php?KEY=27276,H.5126,Budget,https://www.scstatehouse.gov/billsearch.php?billnumbers=5126&session=126&headerfooter=0,,,"Adopt section 33 - HEALTH AND HUMAN SERVICES, DEPARTMENT OF",Aye,Passed
[S]-678,2026-04-23T14:13:00.000-04:00,https://www.scstatehouse.gov/votehistory.php?KEY=27277,H.5126,Budget,https://www.scstatehouse.gov/billsearch.php?billnumbers=5126&session=126&headerfooter=0,,,Adopt section 34- Behavioral Health and Develop. Disabilities,Aye,Passed
[S]-679,2026-04-23T14:13:00.000-04:00,https://www.scstatehouse.gov/votehistory.php?KEY=27278,H.5126,Budget,https://www.scstatehouse.gov/billsearch.php?billnumbers=5126&session=126&headerfooter=0,,,"Adopt section 38 - SOCIAL SERVICES, DEPARTMENT OF",Aye,Passed
[S]-680,2026-04-23T14:14:00.000-04:00,https://www.scstatehouse.gov/votehistory.php?KEY=27279,H.5126,Budget,https://www.scstatehouse.gov/billsearch.php?billnumbers=5126&session=126&headerfooter=0,,,"Adopt section 39 - BLIND, COMMISSION FOR THE",Aye,Passed
[S]-682,2026-04-23T14:15:00.000-04:00,https://www.scstatehouse.gov/votehistory.php?KEY=27281,H.5126,Budget,https://www.scstatehouse.gov/billsearch.php?billnumbers=5126&session=126&headerfooter=0,,,"Adopt section 41 - CHILDREN'S ADVOCACY, DEPARTMENT OF",Aye,Passed
[S]-681,2026-04-23T14:15:00.000-04:00,https://www.scstatehouse.gov/votehistory.php?KEY=27280,H.5126,Budget,https://www.scstatehouse.gov/billsearch.php?billnumbers=5126&session=126&headerfooter=0,,,"Adopt section 40 - AGING, DEPARTMENT ON",Aye,Passed
[S]-683,2026-04-23T14:16:00.000-04:00,https://www.scstatehouse.gov/votehistory.php?KEY=27282,H.5126,Budget,https://www.scstatehouse.gov/billsearch.php?billnumbers=5126&session=126&headerfooter=0,,,Adopt section 42 - HOUSING FINANCE AND DEVELOPMENT AUTHORITY,Abstain,Passed
[S]-684,2026-04-23T14:16:00.000-04:00,https://www.scstatehouse.gov/votehistory.php?KEY=27283,H.5126,Budget,https://www.scstatehouse.gov/billsearch.php?billnumbers=5126&session=126&headerfooter=0,,,Adopt section 43 - FORESTRY COMMISSION,Aye,Passed
[S]-686,2026-04-23T14:17:00.000-04:00,https://www.scstatehouse.gov/votehistory.php?KEY=27285,H.5126,Budget,https://www.scstatehouse.gov/billsearch.php?billnumbers=5126&session=126&headerfooter=0,,,Adopt section 45 - CLEMSON UNIVERSITY,Aye,Passed
[S]-687,2026-04-23T14:17:00.000-04:00,https://www.scstatehouse.gov/votehistory.php?KEY=27286,H.5126,Budget,https://www.scstatehouse.gov/billsearch.php?billnumbers=5126&session=126&headerfooter=0,,,Adopt section 46 - SOUTH CAROLINA STATE UNIVERSITY,Aye,Passed
[S]-685,2026-04-23T14:17:00.000-04:00,https://www.scstatehouse.gov/votehistory.php?KEY=27284,H.5126,Budget,https://www.scstatehouse.gov/billsearch.php?billnumbers=5126&session=126&headerfooter=0,,,"Adopt section 44 - AGRICULTURE, DEPARTMENT OF",Aye,Passed
[S]-689,2026-04-23T14:18:00.000-04:00,https://www.scstatehouse.gov/votehistory.php?KEY=27288,H.5126,Budget,https://www.scstatehouse.gov/billsearch.php?billnumbers=5126&session=126&headerfooter=0,,,Adopt section 48 - SEA GRANT CONSORTIUM,Aye,Passed
[S]-688,2026-04-23T14:18:00.000-04:00,https://www.scstatehouse.gov/votehistory.php?KEY=27287,H.5126,Budget,https://www.scstatehouse.gov/billsearch.php?billnumbers=5126&session=126&headerfooter=0,,,"Adopt section 47 - NATURAL RESOURCES, DEPARTMENT OF",Aye,Passed
[S]-691,2026-04-23T14:19:00.000-04:00,https://www.scstatehouse.gov/votehistory.php?KEY=27290,H.5126,Budget,https://www.scstatehouse.gov/billsearch.php?billnumbers=5126&session=126&headerfooter=0,,,"Adopt section 50 - COMMERCE, DEPARTMENT OF",Aye,Passed
[S]-692,2026-04-23T14:19:00.000-04:00,https://www.scstatehouse.gov/votehistory.php?KEY=27291,H.5126,Budget,https://www.scstatehouse.gov/billsearch.php?billnumbers=5126&session=126&headerfooter=0,,,Adopt section 51 - JOBS-ECONOMIC DEVELOPMENT AUTHORITY,Aye,Passed
[S]-690,2026-04-23T14:19:00.000-04:00,https://www.scstatehouse.gov/votehistory.php?KEY=27289,H.5126,Budget,https://www.scstatehouse.gov/billsearch.php?billnumbers=5126&session=126&headerfooter=0,,,"Adopt section 49 - PARKS, RECREATION AND TOURISM, DEPARTMENT OF",Aye,Passed
[S]-694,2026-04-23T14:20:00.000-04:00,https://www.scstatehouse.gov/votehistory.php?KEY=27293,H.5126,Budget,https://www.scstatehouse.gov/billsearch.php?billnumbers=5126&session=126&headerfooter=0,,,"Adopt section 53 - CONSERVATION BANK, S. C.",Aye,Passed
[S]-693,2026-04-23T14:20:00.000-04:00,https://www.scstatehouse.gov/votehistory.php?KEY=27292,H.5126,Budget,https://www.scstatehouse.gov/billsearch.php?billnumbers=5126&session=126&headerfooter=0,,,Adopt section 52 - PATRIOTS POINT DEVELOPMENT AUTHORITY,Aye,Passed
[S]-697,2026-04-23T14:21:00.000-04:00,https://www.scstatehouse.gov/votehistory.php?KEY=27296,H.5126,Budget,https://www.scstatehouse.gov/billsearch.php?billnumbers=5126&session=126&headerfooter=0,,,Adopt section 57 - JUDICIAL DEPARTMENT,Abstain,Passed
[S]-695,2026-04-23T14:21:00.000-04:00,https://www.scstatehouse.gov/votehistory.php?KEY=27294,H.5126,Budget,https://www.scstatehouse.gov/billsearch.php?billnumbers=5126&session=126&headerfooter=0,,,Adopt section 54 - RURAL INFRASTRUCTURE AUTHORITY,Aye,Passed
[S]-696,2026-04-23T14:21:00.000-04:00,https://www.scstatehouse.gov/votehistory.php?KEY=27295,H.5126,Budget,https://www.scstatehouse.gov/billsearch.php?billnumbers=5126&session=126&headerfooter=0,,,"Adopt section 55 - ENVIRONMENTAL SERVICES, DEPARTMENT OF",Aye,Passed
[S]-698,2026-04-23T14:22:00.000-04:00,https://www.scstatehouse.gov/votehistory.php?KEY=27297,H.5126,Budget,https://www.scstatehouse.gov/billsearch.php?billnumbers=5126&session=126&headerfooter=0,,,Adopt section 58 - ADMINISTRATIVE LAW COURT,Aye,Passed
[S]-700,2026-04-23T14:22:00.000-04:00,https://www.scstatehouse.gov/votehistory.php?KEY=27299,H.5126,Budget,https://www.scstatehouse.gov/billsearch.php?billnumbers=5126&session=126&headerfooter=0,,,Adopt section 60 - PROSECUTION COORDINATION COMMISSION,Aye,Passed
[S]-699,2026-04-23T14:22:00.000-04:00,https://www.scstatehouse.gov/votehistory.php?KEY=27298,H.5126,Budget,https://www.scstatehouse.gov/billsearch.php?billnumbers=5126&session=126&headerfooter=0,,,Adopt section 59 - ATTORNEY GENERAL'S OFFICE,Aye,Passed
[S]-701,2026-04-23T14:23:00.000-04:00,https://www.scstatehouse.gov/votehistory.php?KEY=27300,H.5126,Budget,https://www.scstatehouse.gov/billsearch.php?billnumbers=5126&session=126&headerfooter=0,,,"Adopt section 61 - INDIGENT DEFENSE, COMMISSION ON",Abstain,Passed
[S]-703,2026-04-23T14:24:00.000-04:00,https://www.scstatehouse.gov/votehistory.php?KEY=27302,H.5126,Budget,https://www.scstatehouse.gov/billsearch.php?billnumbers=5126&session=126&headerfooter=0,,,"Adopt section 63 - PUBLIC SAFETY, DEPARTMENT OF",Aye,Passed
[S]-702,2026-04-23T14:24:00.000-04:00,https://www.scstatehouse.gov/votehistory.php?KEY=27301,H.5126,Budget,https://www.scstatehouse.gov/billsearch.php?billnumbers=5126&session=126&headerfooter=0,,,"Adopt section 62 - LAW ENFORCEMENT DIVISION, STATE - GOVERNOR'S OFFICE",Aye,Passed
[S]-704,2026-04-23T14:25:00.000-04:00,https://www.scstatehouse.gov/votehistory.php?KEY=27303,H.5126,Budget,https://www.scstatehouse.gov/billsearch.php?billnumbers=5126&session=126&headerfooter=0,,,Adopt section 64 - LAW ENFORCEMENT TRAINING COUNCIL,Aye,Passed
[S]-705,2026-04-23T14:26:00.000-04:00,https://www.scstatehouse.gov/votehistory.php?KEY=27304,H.5126,Budget,https://www.scstatehouse.gov/billsearch.php?billnumbers=5126&session=126&headerfooter=0,,,"Adopt section 65 - CORRECTIONS, DEPARTMENT OF",Aye,Passed
[S]-706,2026-04-23T14:26:00.000-04:00,https://www.scstatehouse.gov/votehistory.php?KEY=27305,H.5126,Budget,https://www.scstatehouse.gov/billsearch.php?billnumbers=5126&session=126&headerfooter=0,,,"Adopt section 66 - PROBATION, PAROLE AND PARDON SERVICES, DEPARTMENT OF",Aye,Passed
[S]-707,2026-04-23T14:26:00.000-04:00,https://www.scstatehouse.gov/votehistory.php?KEY=27306,H.5126,Budget,https://www.scstatehouse.gov/billsearch.php?billnumbers=5126&session=126&headerfooter=0,,,"Adopt section 67 - JUVENILE JUSTICE, DEPARTMENT OF",Aye,Passed
[S]-708,2026-04-23T14:27:00.000-04:00,https://www.scstatehouse.gov/votehistory.php?KEY=27307,H.5126,Budget,https://www.scstatehouse.gov/billsearch.php?billnumbers=5126&session=126&headerfooter=0,,,Adopt section 70 - HUMAN AFFAIRS COMMISSION,Aye,Passed
[S]-709,2026-04-23T14:27:00.000-04:00,https://www.scstatehouse.gov/votehistory.php?KEY=27308,H.5126,Budget,https://www.scstatehouse.gov/billsearch.php?billnumbers=5126&session=126&headerfooter=0,,,Adopt section 71 – COMMUNITY ADVANCEMENT AND ENGAGEMENT COMMISSION,Aye,Passed
[S]-711,2026-04-23T14:28:00.000-04:00,https://www.scstatehouse.gov/votehistory.php?KEY=27310,H.5126,Budget,https://www.scstatehouse.gov/billsearch.php?billnumbers=5126&session=126&headerfooter=0,,,"Adopt section 73 - REGULATORY STAFF, OFFICE OF",Aye,Passed
[S]-710,2026-04-23T14:28:00.000-04:00,https://www.scstatehouse.gov/votehistory.php?KEY=27309,H.5126,Budget,https://www.scstatehouse.gov/billsearch.php?billnumbers=5126&session=126&headerfooter=0,,,Adopt section 72 - PUBLIC SERVICE COMMISSION,Aye,Passed
[S]-712,2026-04-23T14:28:00.000-04:00,https://www.scstatehouse.gov/votehistory.php?KEY=27311,H.5126,Budget,https://www.scstatehouse.gov/billsearch.php?billnumbers=5126&session=126&headerfooter=0,,,Adopt section 74 - WORKERS' COMPENSATION COMMISSION,Abstain,Passed
[S]-713,2026-04-23T14:29:00.000-04:00,https://www.scstatehouse.gov/votehistory.php?KEY=27312,H.5126,Budget,https://www.scstatehouse.gov/billsearch.php?billnumbers=5126&session=126&headerfooter=0,,,"Adopt section 75 - ACCIDENT FUND, STATE",Aye,Passed
[S]-715,2026-04-23T14:30:00.000-04:00,https://www.scstatehouse.gov/votehistory.php?KEY=27314,H.5126,Budget,https://www.scstatehouse.gov/billsearch.php?billnumbers=5126&session=126&headerfooter=0,,,"Adopt section 79 - FINANCIAL INSTITUTIONS, BOARD OF",Aye,Passed
[S]-716,2026-04-23T14:30:00.000-04:00,https://www.scstatehouse.gov/votehistory.php?KEY=27315,H.5126,Budget,https://www.scstatehouse.gov/billsearch.php?billnumbers=5126&session=126&headerfooter=0,,,"Adopt section 80 - CONSUMER AFFAIRS, DEPARTMENT OF",Aye,Passed
[S]-714,2026-04-23T14:30:00.000-04:00,https://www.scstatehouse.gov/votehistory.php?KEY=27313,H.5126,Budget,https://www.scstatehouse.gov/billsearch.php?billnumbers=5126&session=126&headerfooter=0,,,"Adopt section 78 - INSURANCE, DEPARTMENT OF",Aye,Passed
[S]-717,2026-04-23T14:31:00.000-04:00,https://www.scstatehouse.gov/votehistory.php?KEY=27316,H.5126,Budget,https://www.scstatehouse.gov/billsearch.php?billnumbers=5126&session=126&headerfooter=0,,,"Adopt section 81 - LABOR, LICENSING AND REGULATION, DEPARTMENT OF",Abstain,Passed
[S]-719,2026-04-23T14:32:00.000-04:00,https://www.scstatehouse.gov/votehistory.php?KEY=27318,H.5126,Budget,https://www.scstatehouse.gov/billsearch.php?billnumbers=5126&session=126&headerfooter=0,,,"Adopt section 83 - EMPLOYMENT AND WORKFORCE, DEPARTMENT OF",Aye,Passed
[S]-720,2026-04-23T14:32:00.000-04:00,https://www.scstatehouse.gov/votehistory.php?KEY=27319,H.5126,Budget,https://www.scstatehouse.gov/billsearch.php?billnumbers=5126&session=126&headerfooter=0,,,"Adopt section 84 - TRANSPORTATION, DEPARTMENT OF",Aye,Passed
[S]-718,2026-04-23T14:32:00.000-04:00,https://www.scstatehouse.gov/votehistory.php?KEY=27317,H.5126,Budget,https://www.scstatehouse.gov/billsearch.php?billnumbers=5126&session=126&headerfooter=0,,,"Adopt section 82 - MOTOR VEHICLES, DEPARTMENT OF",Aye,Passed
[S]-723,2026-04-23T14:33:00.000-04:00,https://www.scstatehouse.gov/votehistory.php?KEY=27322,H.5126,Budget,https://www.scstatehouse.gov/billsearch.php?billnumbers=5126&session=126&headerfooter=0,,,"Adopt section 87 - AERONAUTICS, DIVISION OF",Aye,Passed
[S]-721,2026-04-23T14:33:00.000-04:00,https://www.scstatehouse.gov/votehistory.php?KEY=27320,H.5126,Budget,https://www.scstatehouse.gov/billsearch.php?billnumbers=5126&session=126&headerfooter=0,,,Adopt section 85 - INFRASTRUCTURE BANK BOARD,Aye,Passed
[S]-722,2026-04-23T14:33:00.000-04:00,https://www.scstatehouse.gov/votehistory.php?KEY=27321,H.5126,Budget,https://www.scstatehouse.gov/billsearch.php?billnumbers=5126&session=126&headerfooter=0,,,"Adopt section 86 - TRANSPORTATION FUNDS, COUNTY",Aye,Passed
[S]-724,2026-04-23T14:34:00.000-04:00,https://www.scstatehouse.gov/votehistory.php?KEY=27323,H.5126,Budget,https://www.scstatehouse.gov/billsearch.php?billnumbers=5126&session=126&headerfooter=0,,,Adopt section 88 – PORTS AUTHORITY,Aye,Passed
[S]-725,2026-04-23T14:34:00.000-04:00,https://www.scstatehouse.gov/votehistory.php?KEY=27324,H.5126,Budget,https://www.scstatehouse.gov/billsearch.php?billnumbers=5126&session=126&headerfooter=0,,,Adopt section 91 – LEGISLATIVE DEPTS.,Aye,Passed
[S]-783,2026-04-23T14:35:00.000-04:00,https://www.scstatehouse.gov/votehistory.php?KEY=27431,H.5126,Budget,https://www.scstatehouse.gov/billsearch.php?billnumbers=5126&session=126&headerfooter=0,54,https://scstatehouse.gov/amendments.php?KEY=34486,Adopt Amendment #54,Nay,Failed
[S]-727,2026-04-23T14:35:00.000-04:00,https://www.scstatehouse.gov/votehistory.php?KEY=27326,H.5126,Budget,https://www.scstatehouse.gov/billsearch.php?billnumbers=5126&session=126&headerfooter=0,,,"Adopt section 92D - RESILIENCE, OFFICE OF",Aye,Passed
[S]-726,2026-04-23T14:35:00.000-04:00,https://www.scstatehouse.gov/votehistory.php?KEY=27325,H.5126,Budget,https://www.scstatehouse.gov/billsearch.php?billnumbers=5126&session=126&headerfooter=0,,,Adopt section 92 - GOVERNOR'S OFFICE,Aye,Passed
[S]-728,2026-04-23T14:36:00.000-04:00,https://www.scstatehouse.gov/votehistory.php?KEY=27327,H.5126,Budget,https://www.scstatehouse.gov/billsearch.php?billnumbers=5126&session=126&headerfooter=0,,,"Adopt section 93 - ADMINISTRATION, DEPARTMENT OF",Aye,Passed
[S]-731,2026-04-23T14:37:00.000-04:00,https://www.scstatehouse.gov/votehistory.php?KEY=27330,H.5126,Budget,https://www.scstatehouse.gov/billsearch.php?billnumbers=5126&session=126&headerfooter=0,,,Adopt section 97 - COMPTROLLER GENERAL'S OFFICE,Aye,Passed
[S]-729,2026-04-23T14:37:00.000-04:00,https://www.scstatehouse.gov/votehistory.php?KEY=27328,H.5126,Budget,https://www.scstatehouse.gov/billsearch.php?billnumbers=5126&session=126&headerfooter=0,,,"Adopt section 94 - INSPECTOR GENERAL, OFFICE OF",Aye,Passed
[S]-730,2026-04-23T14:37:00.000-04:00,https://www.scstatehouse.gov/votehistory.php?KEY=27329,H.5126,Budget,https://www.scstatehouse.gov/billsearch.php?billnumbers=5126&session=126&headerfooter=0,,,Adopt section 96 - SECRETARY OF STATE'S OFFICE,Aye,Passed
[S]-733,2026-04-23T14:38:00.000-04:00,https://www.scstatehouse.gov/votehistory.php?KEY=27332,H.5126,Budget,https://www.scstatehouse.gov/billsearch.php?billnumbers=5126&session=126&headerfooter=0,,,Adopt section 99 - RETIREMENT SYSTEM INVESTMENT COMMISSION,Aye,Passed
[S]-732,2026-04-23T14:38:00.000-04:00,https://www.scstatehouse.gov/votehistory.php?KEY=27331,H.5126,Budget,https://www.scstatehouse.gov/billsearch.php?billnumbers=5126&session=126&headerfooter=0,,,"Adopt section 98 - TREASURER'S OFFICE, STATE",Aye,Passed
[S]-735,2026-04-23T14:39:00.000-04:00,https://www.scstatehouse.gov/votehistory.php?KEY=27334,H.5126,Budget,https://www.scstatehouse.gov/billsearch.php?billnumbers=5126&session=126&headerfooter=0,,,"Adopt section 101 - VETERANS' AFFAIRS, DEPARTMENT OF",Aye,Passed
[S]-734,2026-04-23T14:39:00.000-04:00,https://www.scstatehouse.gov/votehistory.php?KEY=27333,H.5126,Budget,https://www.scstatehouse.gov/billsearch.php?billnumbers=5126&session=126&headerfooter=0,,,Adopt section 100 - ADJUTANT GENERAL'S OFFICE,Aye,Passed
[S]-737,2026-04-23T14:40:00.000-04:00,https://www.scstatehouse.gov/votehistory.php?KEY=27336,H.5126,Budget,https://www.scstatehouse.gov/billsearch.php?billnumbers=5126&session=126&headerfooter=0,,,Adopt section 103 - REVENUE AND FISCAL AFFAIRS OFFICE,Aye,Passed
[S]-736,2026-04-23T14:40:00.000-04:00,https://www.scstatehouse.gov/votehistory.php?KEY=27335,H.5126,Budget,https://www.scstatehouse.gov/billsearch.php?billnumbers=5126&session=126&headerfooter=0,,,Adopt section 102 - ELECTION COMMISSION,Aye,Passed
[S]-738,2026-04-23T14:41:00.000-04:00,https://www.scstatehouse.gov/votehistory.php?KEY=27337,H.5126,Budget,https://www.scstatehouse.gov/billsearch.php?billnumbers=5126&session=126&headerfooter=0,,,Adopt section 104 - STATE FISCAL ACCOUNTABILITY AUTHORITY,Aye,Passed
[S]-739,2026-04-23T14:41:00.000-04:00,https://www.scstatehouse.gov/votehistory.php?KEY=27338,H.5126,Budget,https://www.scstatehouse.gov/billsearch.php?billnumbers=5126&session=126&headerfooter=0,,,Adopt section 105 - SFAA-AUDITOR'S OFFICE,Aye,Passed
[S]-740,2026-04-23T14:41:00.000-04:00,https://www.scstatehouse.gov/votehistory.php?KEY=27339,H.5126,Budget,https://www.scstatehouse.gov/billsearch.php?billnumbers=5126&session=126&headerfooter=0,,,Adopt section 106 - STATEWIDE EMPLOYEE BENEFITS,Aye,Passed
[S]-742,2026-04-23T14:42:00.000-04:00,https://www.scstatehouse.gov/votehistory.php?KEY=27341,H.5126,Budget,https://www.scstatehouse.gov/billsearch.php?billnumbers=5126&session=126&headerfooter=0,,,Adopt section 108 - PUBLIC EMPLOYEE BENEFIT AUTHORITY,Aye,Passed
[S]-741,2026-04-23T14:42:00.000-04:00,https://www.scstatehouse.gov/votehistory.php?KEY=27340,H.5126,Budget,https://www.scstatehouse.gov/billsearch.php?billnumbers=5126&session=126&headerfooter=0,,,Adopt section 107 - CAPITAL AND GENERAL RESERVE FUNDS,Aye,Passed
[S]-743,2026-04-23T14:43:00.000-04:00,https://www.scstatehouse.gov/votehistory.php?KEY=27343,H.5126,Budget,https://www.scstatehouse.gov/billsearch.php?billnumbers=5126&session=126&headerfooter=0,,,"Adopt section 109 - REVENUE, DEPARTMENT OF",Aye,Passed
[S]-746,2026-04-23T14:44:00.000-04:00,https://www.scstatehouse.gov/votehistory.php?KEY=27346,H.5126,Budget,https://www.scstatehouse.gov/billsearch.php?billnumbers=5126&session=126&headerfooter=0,,,Adopt section 112 - DEBT SERVICE,Aye,Passed
[S]-744,2026-04-23T14:44:00.000-04:00,https://www.scstatehouse.gov/votehistory.php?KEY=27344,H.5126,Budget,https://www.scstatehouse.gov/billsearch.php?billnumbers=5126&session=126&headerfooter=0,,,"Adopt section 110 - ETHICS COMMISSION, STATE",Aye,Passed
[S]-745,2026-04-23T14:44:00.000-04:00,https://www.scstatehouse.gov/votehistory.php?KEY=27345,H.5126,Budget,https://www.scstatehouse.gov/billsearch.php?billnumbers=5126&session=126&headerfooter=0,,,Adopt section 111 - PROCUREMENT REVIEW PANEL,Aye,Passed
[S]-749,2026-04-23T14:45:00.000-04:00,https://www.scstatehouse.gov/votehistory.php?KEY=27349,H.5126,Budget,https://www.scstatehouse.gov/billsearch.php?billnumbers=5126&session=126&headerfooter=0,,,Adopt section 117 – GENERAL PROVISIONS,Aye,Passed
[S]-747,2026-04-23T14:45:00.000-04:00,https://www.scstatehouse.gov/votehistory.php?KEY=27347,H.5126,Budget,https://www.scstatehouse.gov/billsearch.php?billnumbers=5126&session=126&headerfooter=0,,,Adopt section 113 - AID TO SUBDIVISIONS - STATE TREASURER,Aye,Passed
[S]-748,2026-04-23T14:45:00.000-04:00,https://www.scstatehouse.gov/votehistory.php?KEY=27348,H.5126,Budget,https://www.scstatehouse.gov/billsearch.php?billnumbers=5126&session=126&headerfooter=0,,,Adopt section 115 - TAX RELIEF TRUST FUND, ,Pending
[S]-750,2026-04-23T14:46:00.000-04:00,https://www.scstatehouse.gov/votehistory.php?KEY=27350,H.5126,Budget,https://www.scstatehouse.gov/billsearch.php?billnumbers=5126&session=126&headerfooter=0,,,Adopt section 118 – STATEWIDE REVENUE,Aye,Passed
[S]-784,2026-04-23T15:45:00.000-04:00,https://www.scstatehouse.gov/votehistory.php?KEY=27432,H.5126,Budget,https://www.scstatehouse.gov/billsearch.php?billnumbers=5126&session=126&headerfooter=0,61B,https://scstatehouse.gov/amendments.php?KEY=34488,Table Amendment #61B,Aye,Failed
[S]-785,2026-04-23T16:22:00.000-04:00,https://www.scstatehouse.gov/votehistory.php?KEY=27433,H.5126,Budget,https://www.scstatehouse.gov/billsearch.php?billnumbers=5126&session=126&headerfooter=0,64,https://scstatehouse.gov/amendments.php?KEY=34489,Adopt Amendment #64,Aye,Failed
[S]-786,2026-04-23T17:38:00.000-04:00,https://www.scstatehouse.gov/votehistory.php?KEY=27434,H.5126,Budget,https://www.scstatehouse.gov/billsearch.php?billnumbers=5126&session=126&headerfooter=0,65,https://scstatehouse.gov/amendments.php?KEY=34490,Adopt Amendment #65,Aye,Passed
[S]-787,2026-04-23T18:14:00.000-04:00,https://www.scstatehouse.gov/votehistory.php?KEY=27435,H.5126,Budget,https://www.scstatehouse.gov/billsearch.php?billnumbers=5126&session=126&headerfooter=0,39,https://scstatehouse.gov/amendments.php?KEY=34435,Table Amendment #39,Aye,Passed
[S]-788,2026-04-23T18:32:00.000-04:00,https://www.scstatehouse.gov/votehistory.php?KEY=27436,H.5126,Budget,https://www.scstatehouse.gov/billsearch.php?billnumbers=5126&session=126&headerfooter=0,43A,https://scstatehouse.gov/amendments.php?KEY=34496,Adopt Amendment #43A,Nay,Failed
[S]-789,2026-04-23T18:48:00.000-04:00,https://www.scstatehouse.gov/votehistory.php?KEY=27437,H.5126,Budget,https://www.scstatehouse.gov/billsearch.php?billnumbers=5126&session=126&headerfooter=0,,,3rd Reading,Aye,Passed
[S]-790,2026-04-23T18:51:00.000-04:00,https://www.scstatehouse.gov/votehistory.php?KEY=27438,H.5127,Capital Reserve Fund appropriation,https://www.scstatehouse.gov/billsearch.php?billnumbers=5127&session=126&headerfooter=0,,,2nd Reading,Aye,Passed
[S]-792,2026-04-28T14:43:00.000-04:00,https://www.scstatehouse.gov/votehistory.php?KEY=27446,S.631, Limitation on places of residence of certain sex offenders; exceptions,https://www.scstatehouse.gov/billsearch.php?billnumbers=631&session=126&headerfooter=0,,,2nd Reading,Aye,Passed
[S]-793,2026-04-28T15:00:00.000-04:00,https://www.scstatehouse.gov/votehistory.php?KEY=27447,S.788,Artificial Intelligence and Therapy or Psychotherapy,https://www.scstatehouse.gov/billsearch.php?billnumbers=788&session=126&headerfooter=0,,,2nd Reading,Aye,Passed
[S]-794,2026-04-28T15:02:00.000-04:00,https://www.scstatehouse.gov/votehistory.php?KEY=27448,S.1005,Judicial Salaries,https://www.scstatehouse.gov/billsearch.php?billnumbers=1005&session=126&headerfooter=0,,,2nd Reading,Aye,Passed
[S]-795,2026-04-28T15:20:00.000-04:00,https://www.scstatehouse.gov/votehistory.php?KEY=27450,S.436,Aircraft,https://www.scstatehouse.gov/billsearch.php?billnumbers=436&session=126&headerfooter=0,,,2nd Reading,Aye,Passed
[S]-796,2026-04-28T15:24:00.000-04:00,https://www.scstatehouse.gov/votehistory.php?KEY=27452,S.869,Permanent License Plates,https://www.scstatehouse.gov/billsearch.php?billnumbers=869&session=126&headerfooter=0,,,2nd Reading,Aye,Passed
[S]-797,2026-04-28T15:30:00.000-04:00,https://www.scstatehouse.gov/votehistory.php?KEY=27453,S.904,"""Quail Forever"" Specialty License Plate",https://www.scstatehouse.gov/billsearch.php?billnumbers=904&session=126&headerfooter=0,,,2nd Reading,Aye,Passed
[S]-798,2026-04-28T15:38:00.000-04:00,https://www.scstatehouse.gov/votehistory.php?KEY=27454,S.933,Legislative Salary,https://www.scstatehouse.gov/billsearch.php?billnumbers=933&session=126&headerfooter=0,,,2nd Reading,Aye,Passed
[S]-799,2026-04-28T15:44:00.000-04:00,https://www.scstatehouse.gov/votehistory.php?KEY=27455,S.1119,Blackout license plates,https://www.scstatehouse.gov/billsearch.php?billnumbers=1119&session=126&headerfooter=0,,,2nd Reading,Aye,Passed
[S]-800,2026-04-28T15:54:00.000-04:00,https://www.scstatehouse.gov/votehistory.php?KEY=27456,S.270,Attempted Murder,https://www.scstatehouse.gov/billsearch.php?billnumbers=270&session=126&headerfooter=0,,,2nd Reading,Aye,Passed
[S]-801,2026-04-28T16:08:00.000-04:00,https://www.scstatehouse.gov/votehistory.php?KEY=27457,S.872,Immigration Status on Driver's License,https://www.scstatehouse.gov/billsearch.php?billnumbers=872&session=126&headerfooter=0,,,2nd Reading,Aye,Passed
[S]-803,2026-04-29T14:44:00.000-04:00,https://www.scstatehouse.gov/votehistory.php?KEY=27462,S.270,Attempted Murder,https://www.scstatehouse.gov/billsearch.php?billnumbers=270&session=126&headerfooter=0,,,3rd Reading,Aye,Passed
[S]-804,2026-04-29T14:50:00.000-04:00,https://www.scstatehouse.gov/votehistory.php?KEY=27464,S.556,Renewable Natural Gas,https://www.scstatehouse.gov/billsearch.php?billnumbers=556&session=126&headerfooter=0,,,3rd Reading,Aye,Passed
[S]-805,2026-04-29T14:56:00.000-04:00,https://www.scstatehouse.gov/votehistory.php?KEY=27465,H.3259,First responder automobile insurance premiums,https://www.scstatehouse.gov/billsearch.php?billnumbers=3259&session=126&headerfooter=0,,,2nd Reading,Aye,Passed
[S]-806,2026-04-29T16:37:00.000-04:00,https://www.scstatehouse.gov/votehistory.php?KEY=27468,H.3195,Unstructured and self-directed recess in public schools,https://www.scstatehouse.gov/billsearch.php?billnumbers=3195&session=126&headerfooter=0,,,2nd Reading,Aye,Passed
[S]-807,2026-04-29T16:40:00.000-04:00,https://www.scstatehouse.gov/votehistory.php?KEY=27472,H.3453,Veterans' Children Tuition Assistance,https://www.scstatehouse.gov/billsearch.php?billnumbers=3453&session=126&headerfooter=0,,,2nd Reading,Aye,Passed
[S]-808,2026-04-29T16:46:00.000-04:00,https://www.scstatehouse.gov/votehistory.php?KEY=27473,H.5064,Northeast Technical College Area Commission,https://www.scstatehouse.gov/billsearch.php?billnumbers=5064&session=126&headerfooter=0,,,2nd Reading,Aye,Passed
[S]-809,2026-04-29T16:47:00.000-04:00,https://www.scstatehouse.gov/votehistory.php?KEY=27474,H.4730,Billboard contractors,https://www.scstatehouse.gov/billsearch.php?billnumbers=4730&session=126&headerfooter=0,,,2nd Reading,Aye,Passed
[S]-810,2026-04-29T16:48:00.000-04:00,https://www.scstatehouse.gov/votehistory.php?KEY=27475,H.3872,Hunting Heritage Protect Act,https://www.scstatehouse.gov/billsearch.php?billnumbers=3872&session=126&headerfooter=0,,,2nd Reading,Aye,Passed
[S]-811,2026-04-29T16:53:00.000-04:00,https://www.scstatehouse.gov/votehistory.php?KEY=27477,H.3020,Status Offenses,https://www.scstatehouse.gov/billsearch.php?billnumbers=3020&session=126&headerfooter=0,,,2nd Reading,Aye,Passed
[S]-812,2026-04-29T17:01:00.000-04:00,https://www.scstatehouse.gov/votehistory.php?KEY=27482,H.3285,Continuing law enforcement education credits and EMS training,https://www.scstatehouse.gov/billsearch.php?billnumbers=3285&session=126&headerfooter=0,,,2nd Reading,Aye,Passed
[S]-813,2026-04-29T17:04:00.000-04:00,https://www.scstatehouse.gov/votehistory.php?KEY=27484,H.4720,Pretrial Intervention Program eligibility,https://www.scstatehouse.gov/billsearch.php?billnumbers=4720&session=126&headerfooter=0,,,2nd Reading,Aye,Passed
[S]-814,2026-04-29T17:06:00.000-04:00,https://www.scstatehouse.gov/votehistory.php?KEY=27485,H.3022,Long Term Care Council,https://www.scstatehouse.gov/billsearch.php?billnumbers=3022&session=126&headerfooter=0,,,2nd Reading,Aye,Passed
[S]-815,2026-04-29T17:09:00.000-04:00,https://www.scstatehouse.gov/votehistory.php?KEY=27486,H.3842,Medical authorization of handicap placards,https://www.scstatehouse.gov/billsearch.php?billnumbers=3842&session=126&headerfooter=0,,,2nd Reading,Aye,Passed
[S]-816,2026-04-29T17:13:00.000-04:00,https://www.scstatehouse.gov/votehistory.php?KEY=27488,H.4249,Emergency Scene Management,https://www.scstatehouse.gov/billsearch.php?billnumbers=4249&session=126&headerfooter=0,,,2nd Reading,Aye,Passed
[S]-817,2026-04-29T17:39:00.000-04:00,https://www.scstatehouse.gov/votehistory.php?KEY=27489,H.5131,Tribal Governments Special License Plates,https://www.scstatehouse.gov/billsearch.php?billnumbers=5131&session=126&headerfooter=0,,,2nd Reading,Aye,Passed
[S]-818,2026-04-29T17:44:00.000-04:00,https://www.scstatehouse.gov/votehistory.php?KEY=27490,H.5205,College Safety Training Programs for Students,https://www.scstatehouse.gov/billsearch.php?billnumbers=5205&session=126&headerfooter=0,,,2nd Reading,Aye,Passed
[S]-819,2026-04-29T17:51:00.000-04:00,https://www.scstatehouse.gov/votehistory.php?KEY=27491,H.4738,Commission on Higher Education,https://www.scstatehouse.gov/billsearch.php?billnumbers=4738&session=126&headerfooter=0,,,2nd Reading,Aye,Passed
[S]-820,2026-04-29T18:19:00.000-04:00,https://www.scstatehouse.gov/votehistory.php?KEY=27493,H.5073,Public school grading,https://www.scstatehouse.gov/billsearch.php?billnumbers=5073&session=126&headerfooter=0,,,2nd Reading,Aye,Passed
[S]-821,2026-04-29T19:46:00.000-04:00,https://www.scstatehouse.gov/votehistory.php?KEY=27497,S.936,Nuclear Lifecycle Innovation Campus,https://www.scstatehouse.gov/billsearch.php?billnumbers=936&session=126&headerfooter=0,,,2nd Reading,Aye,Passed
[S]-822,2026-04-29T19:53:00.000-04:00,https://www.scstatehouse.gov/votehistory.php?KEY=27498,S.1062,JR to Approve Reg. Doc. No. 5443,https://www.scstatehouse.gov/billsearch.php?billnumbers=1062&session=126&headerfooter=0,,,2nd Reading,Aye,Passed
[S]-823,2026-04-29T19:54:00.000-04:00,https://www.scstatehouse.gov/votehistory.php?KEY=27499,H.3034,"Fargo's, Hyco's, Rico's, Coba's, Wick's, and Mikka's Law",https://www.scstatehouse.gov/billsearch.php?billnumbers=3034&session=126&headerfooter=0,,,2nd Reading,Aye,Passed
[S]-824,2026-04-29T20:02:00.000-04:00,https://www.scstatehouse.gov/votehistory.php?KEY=27500,S.717,Mothers and Preborns Act,https://www.scstatehouse.gov/billsearch.php?billnumbers=717&session=126&headerfooter=0,,,2nd Reading,Aye,Passed
[S]-825,2026-04-29T20:22:00.000-04:00,https://www.scstatehouse.gov/votehistory.php?KEY=27501,S.477,Pharmacy access,https://www.scstatehouse.gov/billsearch.php?billnumbers=477&session=126&headerfooter=0,,,Adopt the conference report,Aye,Passed
[S]-826,2026-04-29T20:24:00.000-04:00,https://www.scstatehouse.gov/votehistory.php?KEY=27502,H.3924,Hemp-derived ingestible,https://www.scstatehouse.gov/billsearch.php?billnumbers=3924&session=126&headerfooter=0,,,concur,Nay,Failed
[S]-828,2026-04-30T12:20:00.000-04:00,https://www.scstatehouse.gov/votehistory.php?KEY=27505,H.3949,State anthem,https://www.scstatehouse.gov/billsearch.php?billnumbers=3949&session=126&headerfooter=0,,,2nd Reading,Aye,Passed
[S]-829,2026-04-30T12:42:00.000-04:00,https://www.scstatehouse.gov/votehistory.php?KEY=27506,H.5168,Official State Song,https://www.scstatehouse.gov/billsearch.php?billnumbers=5168&session=126&headerfooter=0,,,2nd Reading,Aye,Passed
[S]-830,2026-04-30T13:00:00.000-04:00,https://www.scstatehouse.gov/votehistory.php?KEY=27516,H.4248,Food labeling,https://www.scstatehouse.gov/billsearch.php?billnumbers=4248&session=126&headerfooter=0,,,2nd Reading,Aye,Passed
[S]-831,2026-04-30T13:05:00.000-04:00,https://www.scstatehouse.gov/votehistory.php?KEY=27517,H.4270,Evictions,https://www.scstatehouse.gov/billsearch.php?billnumbers=4270&session=126&headerfooter=0,,,2nd Reading,Aye,Passed
[S]-832,2026-04-30T13:09:00.000-04:00,https://www.scstatehouse.gov/votehistory.php?KEY=27518,H.5506,Pee Dee Regional Airport Authority,https://www.scstatehouse.gov/billsearch.php?billnumbers=5506&session=126&headerfooter=0,,,2nd Reading,Aye,Passed
[S]-834,2026-05-05T14:42:00.000-04:00,https://www.scstatehouse.gov/votehistory.php?KEY=27524,S.222,Utility terrain vehicle,https://www.scstatehouse.gov/billsearch.php?billnumbers=222&session=126&headerfooter=0,,,3rd Reading,Aye,Passed
[S]-835,2026-05-05T14:49:00.000-04:00,https://www.scstatehouse.gov/votehistory.php?KEY=27525,S.355,Micro-distillery tastings,https://www.scstatehouse.gov/billsearch.php?billnumbers=355&session=126&headerfooter=0,,,2nd Reading,Aye,Passed
[S]-836,2026-05-05T15:08:00.000-04:00,https://www.scstatehouse.gov/votehistory.php?KEY=27526,S.1001,Retail Alcoholic Beverage Caterer License,https://www.scstatehouse.gov/billsearch.php?billnumbers=1001&session=126&headerfooter=0,,,2nd Reading,Aye,Passed
[S]-837,2026-05-05T15:31:00.000-04:00,https://www.scstatehouse.gov/votehistory.php?KEY=27528,H.3163,Occupational diseases,https://www.scstatehouse.gov/billsearch.php?billnumbers=3163&session=126&headerfooter=0,,,2nd Reading,Aye,Passed
[S]-838,2026-05-05T15:43:00.000-04:00,https://www.scstatehouse.gov/votehistory.php?KEY=27539,H.3387,Unlawful occupants of property,https://www.scstatehouse.gov/billsearch.php?billnumbers=3387&session=126&headerfooter=0,,,2nd Reading,Aye,Passed
[S]-839,2026-05-05T15:45:00.000-04:00,https://www.scstatehouse.gov/votehistory.php?KEY=27542,H.3731,Special purpose district property conveyance powers,https://www.scstatehouse.gov/billsearch.php?billnumbers=3731&session=126&headerfooter=0,,,2nd Reading,Aye,Passed
[S]-840,2026-05-05T15:49:00.000-04:00,https://www.scstatehouse.gov/votehistory.php?KEY=27544,H.3874,Workers' compensation,https://www.scstatehouse.gov/billsearch.php?billnumbers=3874&session=126&headerfooter=0,,,2nd Reading,Aye,Passed
[S]-841,2026-05-05T15:53:00.000-04:00,https://www.scstatehouse.gov/votehistory.php?KEY=27545,H.4188,"Coroners, disposition of unidentified or unclaimed remains",https://www.scstatehouse.gov/billsearch.php?billnumbers=4188&session=126&headerfooter=0,,,2nd Reading,Aye,Passed
[S]-842,2026-05-05T15:57:00.000-04:00,https://www.scstatehouse.gov/votehistory.php?KEY=27546,H.4805,Judicial Seats,https://www.scstatehouse.gov/billsearch.php?billnumbers=4805&session=126&headerfooter=0,,,2nd Reading,Aye,Passed
[S]-843,2026-05-05T16:05:00.000-04:00,https://www.scstatehouse.gov/votehistory.php?KEY=27547,H.4813,Magistrate court fees and costs,https://www.scstatehouse.gov/billsearch.php?billnumbers=4813&session=126&headerfooter=0,,,2nd Reading,Aye,Passed
[S]-844,2026-05-05T16:08:00.000-04:00,https://www.scstatehouse.gov/votehistory.php?KEY=27548,H.5097,Roadside Markets,https://www.scstatehouse.gov/billsearch.php?billnumbers=5097&session=126&headerfooter=0,,,2nd Reading,Aye,Passed
[S]-845,2026-05-05T16:14:00.000-04:00,https://www.scstatehouse.gov/votehistory.php?KEY=27549,H.5111,Public Water System Connections,https://www.scstatehouse.gov/billsearch.php?billnumbers=5111&session=126&headerfooter=0,,,2nd Reading,Aye,Passed
[S]-846,2026-05-05T16:15:00.000-04:00,https://www.scstatehouse.gov/votehistory.php?KEY=27550,H.5473,Fishing,https://www.scstatehouse.gov/billsearch.php?billnumbers=5473&session=126&headerfooter=0,,,2nd Reading,Aye,Passed
[S]-847,2026-05-05T16:19:00.000-04:00,https://www.scstatehouse.gov/votehistory.php?KEY=27552,S.1151,Lake Conestee Dam Authority,https://www.scstatehouse.gov/billsearch.php?billnumbers=1151&session=126&headerfooter=0,,,2nd Reading,Aye,Passed
[S]-848,2026-05-05T16:43:00.000-04:00,https://www.scstatehouse.gov/votehistory.php?KEY=27554,H.4799,Certificate of Need,https://www.scstatehouse.gov/billsearch.php?billnumbers=4799&session=126&headerfooter=0,,,2nd Reading,Aye,Passed
[S]-849,2026-05-05T16:46:00.000-04:00,https://www.scstatehouse.gov/votehistory.php?KEY=27555,H.4292,Roadway Protection and Safety Act,https://www.scstatehouse.gov/billsearch.php?billnumbers=4292&session=126&headerfooter=0,,,2nd Reading,Aye,Passed
[S]-851,2026-05-06T13:45:00.000-04:00,https://www.scstatehouse.gov/votehistory.php?KEY=27565,H.5179,School Mapping Data Program,https://www.scstatehouse.gov/billsearch.php?billnumbers=5179&session=126&headerfooter=0,,,3rd Reading, ,Passed
[S]-852,2026-05-06T13:55:00.000-04:00,https://www.scstatehouse.gov/votehistory.php?KEY=27574,H.3387,Unlawful occupants of property,https://www.scstatehouse.gov/billsearch.php?billnumbers=3387&session=126&headerfooter=0,,,3rd Reading, ,Passed
[S]-853,2026-05-06T14:08:00.000-04:00,https://www.scstatehouse.gov/votehistory.php?KEY=27576,H.4305,Wellness reimbursement program,https://www.scstatehouse.gov/billsearch.php?billnumbers=4305&session=126&headerfooter=0,,,2nd Reading,Aye,Passed
[S]-854,2026-05-06T14:24:00.000-04:00,https://www.scstatehouse.gov/votehistory.php?KEY=27577,H.5069,SC Protected Lands and Conservation Coordination Act,https://www.scstatehouse.gov/billsearch.php?billnumbers=5069&session=126&headerfooter=0,,,2nd Reading,Aye,Passed
[S]-855,2026-05-06T14:34:00.000-04:00,https://www.scstatehouse.gov/votehistory.php?KEY=27579,H.3049,Uniform Civil Remedies for Unauthorized Disclosure of Intimate Images Act,https://www.scstatehouse.gov/billsearch.php?billnumbers=3049&session=126&headerfooter=0,,,2nd Reading,Aye,Passed
[S]-856,2026-05-06T15:47:00.000-04:00,https://www.scstatehouse.gov/votehistory.php?KEY=27592,H.3551,Poll Worker Pay,https://www.scstatehouse.gov/billsearch.php?billnumbers=3551&session=126&headerfooter=0,,,2nd Reading,Aye,Passed
[S]-857,2026-05-06T15:52:00.000-04:00,https://www.scstatehouse.gov/votehistory.php?KEY=27596,H.3841,Property tax,https://www.scstatehouse.gov/billsearch.php?billnumbers=3841&session=126&headerfooter=0,,,2nd Reading,Aye,Passed
[S]-858,2026-05-06T15:57:00.000-04:00,https://www.scstatehouse.gov/votehistory.php?KEY=27597,H.3863,South Carolina STEM Opportunity Act,https://www.scstatehouse.gov/billsearch.php?billnumbers=3863&session=126&headerfooter=0,,,2nd Reading,Aye,Passed
[S]-859,2026-05-06T16:01:00.000-04:00,https://www.scstatehouse.gov/votehistory.php?KEY=27598,H.4477,Heirs' property,https://www.scstatehouse.gov/billsearch.php?billnumbers=4477&session=126&headerfooter=0,,,2nd Reading,Aye,Passed
[S]-860,2026-05-06T16:22:00.000-04:00,https://www.scstatehouse.gov/votehistory.php?KEY=27602,H.5537,Dillon National Guard Armory,https://www.scstatehouse.gov/billsearch.php?billnumbers=5537&session=126&headerfooter=0,,,2nd Reading,Aye,Passed
[S]-861,2026-05-06T16:42:00.000-04:00,https://www.scstatehouse.gov/votehistory.php?KEY=27606,H.5573,Spartanburg County Memorial Auditorium Commission,https://www.scstatehouse.gov/billsearch.php?billnumbers=5573&session=126&headerfooter=0,,,2nd Reading,Aye,Passed
[S]-862,2026-05-06T16:44:00.000-04:00,https://www.scstatehouse.gov/votehistory.php?KEY=27607,H.4804,"Sexual Exploitation of a Minor, penalties",https://www.scstatehouse.gov/billsearch.php?billnumbers=4804&session=126&headerfooter=0,,,2nd Reading,Aye,Passed
[S]-863,2026-05-06T16:46:00.000-04:00,https://www.scstatehouse.gov/votehistory.php?KEY=27610,H.3474,Transportation Network Companies,https://www.scstatehouse.gov/billsearch.php?billnumbers=3474&session=126&headerfooter=0,,,2nd Reading,Aye,Passed
[S]-864,2026-05-06T17:04:00.000-04:00,https://www.scstatehouse.gov/votehistory.php?KEY=27614,H.4163,South Carolina High School Athletic Association,https://www.scstatehouse.gov/billsearch.php?billnumbers=4163&session=126&headerfooter=0,,,2nd Reading,Excused Absence,Passed
[S]-865,2026-05-06T17:33:00.000-04:00,https://www.scstatehouse.gov/votehistory.php?KEY=27618,H.3021,Small Business Regulatory Freedom Act,https://www.scstatehouse.gov/billsearch.php?billnumbers=3021&session=126&headerfooter=0,,,2nd Reading,Excused Absence,Passed
[S]-867,2026-05-07T12:38:00.000-04:00,https://www.scstatehouse.gov/votehistory.php?KEY=27633,H.5006,Taxes,https://www.scstatehouse.gov/billsearch.php?billnumbers=5006&session=126&headerfooter=0,,,3rd Reading,Aye,Passed
[S]-868,2026-05-07T12:48:00.000-04:00,https://www.scstatehouse.gov/votehistory.php?KEY=27634,H.4635,Physical Fitness Services,https://www.scstatehouse.gov/billsearch.php?billnumbers=4635&session=126&headerfooter=0,,,3rd Reading,Aye,Passed
[S]-869,2026-05-07T12:53:00.000-04:00,https://www.scstatehouse.gov/votehistory.php?KEY=27635,H.5093,Gross proceeds,https://www.scstatehouse.gov/billsearch.php?billnumbers=5093&session=126&headerfooter=0,,,3rd Reading,Aye,Passed
[S]-870,2026-05-07T12:58:00.000-04:00,https://www.scstatehouse.gov/votehistory.php?KEY=27636,H.5537,Dillon National Guard Armory,https://www.scstatehouse.gov/billsearch.php?billnumbers=5537&session=126&headerfooter=0,,,3rd Reading,Aye,Passed
[S]-871,2026-05-07T12:59:00.000-04:00,https://www.scstatehouse.gov/votehistory.php?KEY=27637,H.5164,Hospitals,https://www.scstatehouse.gov/billsearch.php?billnumbers=5164&session=126&headerfooter=0,,,2nd Reading,Aye,Passed
[S]-872,2026-05-07T13:09:00.000-04:00,https://www.scstatehouse.gov/votehistory.php?KEY=27638,H.5208,Sales Tax Exemption,https://www.scstatehouse.gov/billsearch.php?billnumbers=5208&session=126&headerfooter=0,,,2nd Reading,Aye,Passed
[S]-873,2026-05-07T13:52:00.000-04:00,https://www.scstatehouse.gov/votehistory.php?KEY=27639,S.1043,Civil Air Patrol Leave Act,https://www.scstatehouse.gov/billsearch.php?billnumbers=1043&session=126&headerfooter=0,,,2nd Reading,Aye,Passed
[S]-874,2026-05-07T13:57:00.000-04:00,https://www.scstatehouse.gov/votehistory.php?KEY=27640,H.4679,South Carolina Drone Regulation and Public Safety Act,https://www.scstatehouse.gov/billsearch.php?billnumbers=4679&session=126&headerfooter=0,,,2nd Reading,Aye,Passed
[S]-875,2026-05-07T14:19:00.000-04:00,https://www.scstatehouse.gov/votehistory.php?KEY=27646,H.5122,Internet and Communications Service Providers Equipment,https://www.scstatehouse.gov/billsearch.php?billnumbers=5122&session=126&headerfooter=0,,,2nd Reading,Aye,Passed
[S]-876,2026-05-07T14:31:00.000-04:00,https://www.scstatehouse.gov/votehistory.php?KEY=27654,H.4189,DHEC Restructuring,https://www.scstatehouse.gov/billsearch.php?billnumbers=4189&session=126&headerfooter=0,,,2nd Reading,Aye,Passed
[S]-877,2026-05-07T14:53:00.000-04:00,https://www.scstatehouse.gov/votehistory.php?KEY=27655,H.4069,Patient-Friendly Billing,https://www.scstatehouse.gov/billsearch.php?billnumbers=4069&session=126&headerfooter=0,,,2nd Reading,Aye,Passed
[S]-878,2026-05-07T15:07:00.000-04:00,https://www.scstatehouse.gov/votehistory.php?KEY=27656,H.4337,Subpoena Powers,https://www.scstatehouse.gov/billsearch.php?billnumbers=4337&session=126&headerfooter=0,,,2nd Reading,Aye,Passed
[S]-879,2026-05-07T15:12:00.000-04:00,https://www.scstatehouse.gov/votehistory.php?KEY=27661,H.3335,Designation of representation in magistrates court,https://www.scstatehouse.gov/billsearch.php?billnumbers=3335&session=126&headerfooter=0,,,2nd Reading,Aye,Passed
[S]-880,2026-05-07T15:17:00.000-04:00,https://www.scstatehouse.gov/votehistory.php?KEY=27662,H.5113,Modular Homes,https://www.scstatehouse.gov/billsearch.php?billnumbers=5113&session=126&headerfooter=0,,,2nd Reading,Aye,Passed
[S]-881,2026-05-07T15:34:00.000-04:00,https://www.scstatehouse.gov/votehistory.php?KEY=27663,H.4163,South Carolina High School Athletic Association,https://www.scstatehouse.gov/billsearch.php?billnumbers=4163&session=126&headerfooter=0,,,3rd Reading,Nay,Passed
[S]-883,2026-05-12T15:49:00.000-04:00,https://www.scstatehouse.gov/votehistory.php?KEY=27682,S.883,Sine Die 2026,https://www.scstatehouse.gov/billsearch.php?billnumbers=883&session=126&headerfooter=0,RFH-2,https://scstatehouse.gov/amendments.php?KEY=34726,Table Amendment #RFH-2,Aye,Passed
[S]-884,2026-05-12T16:13:00.000-04:00,https://www.scstatehouse.gov/votehistory.php?KEY=27685,S.883,Sine Die 2026,https://www.scstatehouse.gov/billsearch.php?billnumbers=883&session=126&headerfooter=0,RFH-3,https://scstatehouse.gov/amendments.php?KEY=34727,Table Amendment #RFH-3,Aye,Passed
[S]-885,2026-05-12T16:26:00.000-04:00,https://www.scstatehouse.gov/votehistory.php?KEY=27686,S.883,Sine Die 2026,https://www.scstatehouse.gov/billsearch.php?billnumbers=883&session=126&headerfooter=0,,,concur,Nay,Failed
[S]-886,2026-05-12T16:35:00.000-04:00,https://www.scstatehouse.gov/votehistory.php?KEY=27687,H.3569,Domestic violence in rental properties,https://www.scstatehouse.gov/billsearch.php?billnumbers=3569&session=126&headerfooter=0,,,3rd Reading,Aye,Passed
[S]-887,2026-05-12T16:41:00.000-04:00,https://www.scstatehouse.gov/votehistory.php?KEY=27688,H.5113,Modular Homes,https://www.scstatehouse.gov/billsearch.php?billnumbers=5113&session=126&headerfooter=0,,,3rd Reading,Aye,Passed
[S]-888,2026-05-12T17:01:00.000-04:00,https://www.scstatehouse.gov/votehistory.php?KEY=27690,H.4000,Alcohol licensing,https://www.scstatehouse.gov/billsearch.php?billnumbers=4000&session=126&headerfooter=0,,,2nd Reading,Aye,Passed
[S]-889,2026-05-12T17:22:00.000-04:00,https://www.scstatehouse.gov/votehistory.php?KEY=27691,H.4476,Trade commissions,https://www.scstatehouse.gov/billsearch.php?billnumbers=4476&session=126&headerfooter=0,,,2nd Reading,Aye,Passed
[S]-890,2026-05-12T17:40:00.000-04:00,https://www.scstatehouse.gov/votehistory.php?KEY=27692,H.4382,Nonprescription Ephedrine Products,https://www.scstatehouse.gov/billsearch.php?billnumbers=4382&session=126&headerfooter=0,,,2nd Reading,Aye,Passed
[S]-891,2026-05-12T18:00:00.000-04:00,https://www.scstatehouse.gov/votehistory.php?KEY=27694,H.5122,Internet and Communications Service Providers Equipment,https://www.scstatehouse.gov/billsearch.php?billnumbers=5122&session=126&headerfooter=0,,,3rd Reading,Aye,Passed
[S]-892,2026-05-12T18:35:00.000-04:00,https://www.scstatehouse.gov/votehistory.php?KEY=27695,S.831,SCDOT Modernization,https://www.scstatehouse.gov/billsearch.php?billnumbers=831&session=126&headerfooter=0,,,Adopt the conference report,Aye,Passed
[S]-893,2026-05-12T19:09:00.000-04:00,https://www.scstatehouse.gov/votehistory.php?KEY=27697,S.454,Charter School Accountability,https://www.scstatehouse.gov/billsearch.php?billnumbers=454&session=126&headerfooter=0,,,Adopt amendment,Aye,Passed
[S]-894,2026-05-12T19:11:00.000-04:00,https://www.scstatehouse.gov/votehistory.php?KEY=27698,S.961,Red Drum,https://www.scstatehouse.gov/billsearch.php?billnumbers=961&session=126&headerfooter=0,,,Adopt amendment,Aye,Passed
[S]-896,2026-05-13T11:08:00.000-04:00,https://www.scstatehouse.gov/votehistory.php?KEY=27701,H.4589,Education Capital Improvements Sales and Use Tax,https://www.scstatehouse.gov/billsearch.php?billnumbers=4589&session=126&headerfooter=0,,,3rd Reading,Aye,Passed
[S]-897,2026-05-13T11:18:00.000-04:00,https://www.scstatehouse.gov/votehistory.php?KEY=27706,H.3570,Disclosure of Economic Interests,https://www.scstatehouse.gov/billsearch.php?billnumbers=3570&session=126&headerfooter=0,,,3rd Reading,Aye,Passed
[S]-898,2026-05-13T12:07:00.000-04:00,https://www.scstatehouse.gov/votehistory.php?KEY=27719,H.3558,Commissioners to Article V Convention,https://www.scstatehouse.gov/billsearch.php?billnumbers=3558&session=126&headerfooter=0,,,3rd Reading,Aye,Passed
[S]-899,2026-05-13T12:11:00.000-04:00,https://www.scstatehouse.gov/votehistory.php?KEY=27722,H.5217,Deer tags,https://www.scstatehouse.gov/billsearch.php?billnumbers=5217&session=126&headerfooter=0,,,3rd Reading,Aye,Passed
[S]-900,2026-05-13T12:25:00.000-04:00,https://www.scstatehouse.gov/votehistory.php?KEY=27726,H.4706,Racing facility,https://www.scstatehouse.gov/billsearch.php?billnumbers=4706&session=126&headerfooter=0,,,3rd Reading,Aye,Passed
[S]-902,2026-05-13T15:26:00.000-04:00,https://www.scstatehouse.gov/votehistory.php?KEY=27745,H.5120,"Fingerprinting, offenses by minors",https://www.scstatehouse.gov/billsearch.php?billnumbers=5120&session=126&headerfooter=0,,,2nd Reading,Aye,Passed
[S]-903,2026-05-13T15:50:00.000-04:00,https://www.scstatehouse.gov/votehistory.php?KEY=27759,S.222,Utility terrain vehicle,https://www.scstatehouse.gov/billsearch.php?billnumbers=222&session=126&headerfooter=0,,,Adopt amendment,Aye,Passed
[S]-904,2026-05-13T16:02:00.000-04:00,https://www.scstatehouse.gov/votehistory.php?KEY=27760,S.222,Utility terrain vehicle,https://www.scstatehouse.gov/billsearch.php?billnumbers=222&session=126&headerfooter=0,RFH-1,https://scstatehouse.gov/amendments.php?KEY=34769,Adopt Amendment #RFH-1,Aye,Failed
[S]-905,2026-05-13T16:10:00.000-04:00,https://www.scstatehouse.gov/votehistory.php?KEY=27765,S.222,Utility terrain vehicle,https://www.scstatehouse.gov/billsearch.php?billnumbers=222&session=126&headerfooter=0,,,concur,Aye,Passed
[S]-906,2026-05-13T16:17:00.000-04:00,https://www.scstatehouse.gov/votehistory.php?KEY=27768,S.688,DEW UI Tax Code,https://www.scstatehouse.gov/billsearch.php?billnumbers=688&session=126&headerfooter=0,,,Adopt amendment,Aye,Passed
[S]-907,2026-05-13T17:51:00.000-04:00,https://www.scstatehouse.gov/votehistory.php?KEY=27794,H.4042,Ivermectin,https://www.scstatehouse.gov/billsearch.php?billnumbers=4042&session=126&headerfooter=0,,,2nd Reading,Excused Absence,Passed
[S]-908,2026-05-13T18:02:00.000-04:00,https://www.scstatehouse.gov/votehistory.php?KEY=27799,H.5538,Guarantee Banking Act,https://www.scstatehouse.gov/billsearch.php?billnumbers=5538&session=126&headerfooter=0,,,Table,Excused Absence,Failed
[S]-909,2026-05-13T18:08:00.000-04:00,https://www.scstatehouse.gov/votehistory.php?KEY=27800,H.5538,Guarantee Banking Act,https://www.scstatehouse.gov/billsearch.php?billnumbers=5538&session=126&headerfooter=0,,,2nd Reading,Excused Absence,Passed
[S]-910,2026-05-13T18:27:00.000-04:00,https://www.scstatehouse.gov/votehistory.php?KEY=27807,H.4303,Cigarettes for heating,https://www.scstatehouse.gov/billsearch.php?billnumbers=4303&session=126&headerfooter=0,,,3rd Reading,Excused Absence,Passed
[S]-912,2026-05-14T11:30:00.000-04:00,https://www.scstatehouse.gov/votehistory.php?KEY=27818,H.4591,Stop Harm from Addictive Social Media,https://www.scstatehouse.gov/billsearch.php?billnumbers=4591&session=126&headerfooter=0,,,3rd Reading,Aye,Passed
[S]-913,2026-05-14T11:42:00.000-04:00,https://www.scstatehouse.gov/votehistory.php?KEY=27824,H.5018,"Agency Head Salary Commission, Governor and Lt. Governor",https://www.scstatehouse.gov/billsearch.php?billnumbers=5018&session=126&headerfooter=0,,,3rd Reading,Aye,Passed
[S]-914,2026-05-14T13:57:00.000-04:00,https://www.scstatehouse.gov/votehistory.php?KEY=27846,H.3021,Small Business Regulatory Freedom Act,https://www.scstatehouse.gov/billsearch.php?billnumbers=3021&session=126&headerfooter=0,,,concur,Nay,Failed
[S]-915,2026-05-14T14:20:00.000-04:00,https://www.scstatehouse.gov/votehistory.php?KEY=27847,H.4763,Helping Alleviate Lawful Obstruction HALO Act,https://www.scstatehouse.gov/billsearch.php?billnumbers=4763&session=126&headerfooter=0,,,3rd Reading,Aye,Passed
[S]-916,2026-05-14T14:31:00.000-04:00,https://www.scstatehouse.gov/votehistory.php?KEY=27848,S.832,University Campus Events Zoning,https://www.scstatehouse.gov/billsearch.php?billnumbers=832&session=126&headerfooter=0,,,concur,Nay,Passed
[S]-917,2026-05-14T15:05:00.000-04:00,https://www.scstatehouse.gov/votehistory.php?KEY=27852,S.508,Monument and Memorial Protection,https://www.scstatehouse.gov/billsearch.php?billnumbers=508&session=126&headerfooter=0,,,Adopt the conference report,Aye,Passed
[S]-935,2026-05-14T16:09:00.000-04:00,https://www.scstatehouse.gov/votehistory.php?KEY=27873,S.688,DEW UI Tax Code,https://www.scstatehouse.gov/billsearch.php?billnumbers=688&session=126&headerfooter=0,,,Adopt the conference report,Aye,Passed
[S]-955,2026-05-14T16:28:00.000-04:00,https://www.scstatehouse.gov/votehistory.php?KEY=27894,H.4709,US produced iron and steel,https://www.scstatehouse.gov/billsearch.php?billnumbers=4709&session=126&headerfooter=0,,,3rd Reading,Aye,Passed
